9407087	0.097072
9905111	0.080167
9610043	0.076090
9802109	0.074427
9510017	0.053444
9408099	0.041929
9510135	0.028739
9510209	0.028395
9410167	0.024499
9401139	0.021874
9409089	0.017470
9204099	0.016104
204253	0.015412
110055	0.015013
9601029	0.014727
9304011	0.014682
9711165	0.011187
303185	0.009819
9405029	0.009587
9506171	0.008895
9411149	0.008756
9607201	0.008407
9603167	0.008393
209241	0.008305
9802067	0.008146
9909061	0.008097
9910053	0.007711
204089	0.007631
9306153	0.007378
9212149	0.007258
9803131	0.007110
202021	0.007028
9903205	0.006578
9710231	0.006342
9802051	0.006209
9810089	0.006038
9902115	0.005929
210157	0.005923
9908105	0.005339
9712253	0.005188
2245	0.005183
9401153	0.005086
9612115	0.005019
9405109	0.005012
9904207	0.004906
9204083	0.004847
9601013	0.004792
2043	0.004653
9508143	0.004530
2021	0.004518
9512077	0.004492
9512059	0.004444
9406125	0.004423
9706109	0.004415
9308075	0.004389
12023	0.004367
9812219	0.004245
9208027	0.004206
9607163	0.004146
9612121	0.004108
9611203	0.004060
9806199	0.004040
9605009	0.004011
9709109	0.004007
9602049	0.003923
7195	0.003922
9811031	0.003852
9510169	0.003821
9809039	0.003807
9910013	0.003781
9807171	0.003757
9302047	0.003712
9201067	0.003705
6115	0.003685
9705211	0.003673
11197	0.003666
12141	0.003666
9611213	0.003657
101219	0.003655
9802169	0.003641
110067	0.003575
9705087	0.003536
9308139	0.003521
9805093	0.003517
9912271	0.003507
9906235	0.003504
9612233	0.003470
209169	0.003465
9304057	0.003421
9603081	0.003403
9306069	0.003396
9503161	0.003381
9602043	0.003352
9505105	0.003339
9712251	0.003338
9507121	0.003281
9807069	0.003276
5053	0.003257
201253	0.003247
9708009	0.003214
9504145	0.003193
9612241	0.003144
3187	0.003136
9703099	0.003117
9408113	0.003108
9806087	0.003103
9603097	0.003094
9501071	0.003043
9705151	0.003025
9202057	0.003003
9501075	0.002992
9802183	0.002988
9211021	0.002981
9811237	0.002934
5031	0.002930
9611137	0.002876
9809003	0.002876
9802141	0.002870
9905221	0.002857
206063	0.002797
9603161	0.002789
104031	0.002787
9805185	0.002766
9411021	0.002754
9607235	0.002744
9206007	0.002741
9603053	0.002738
9308027	0.002732
9201061	0.002726
9909209	0.002718
9206027	0.002682
9906197	0.002654
9905229	0.002654
9309145	0.002632
11241	0.002622
9901011	0.002606
9902051	0.002601
2091	0.002584
9505061	0.002582
9902089	0.002523
9510101	0.002511
9707009	0.002509
302125	0.002498
3101	0.002486
12111	0.002463
9704123	0.002461
9610167	0.002456
211245	0.002453
9605187	0.002441
9503079	0.002433
206255	0.002433
9201059	0.002422
9208007	0.002415
9610249	0.002411
9205027	0.002392
9908171	0.002387
9707199	0.002376
9202011	0.002352
9806005	0.002332
106201	0.002315
9709027	0.002310
9604063	0.002273
9607049	0.002263
9803235	0.002259
9708147	0.002252
9210021	0.002241
9903069	0.002238
9206029	0.002234
9302023	0.002232
9804085	0.002230
9403173	0.002220
106011	0.002212
9402077	0.002197
9606139	0.002193
9811231	0.002193
9610191	0.002193
9504081	0.002187
8123	0.002177
9211097	0.002177
9906033	0.002166
9804111	0.002161
9604089	0.002149
8175	0.002143
9301015	0.002143
103093	0.002141
9812013	0.002130
9609137	0.002129
10285	0.002125
11095	0.002122
6051	0.002117
9305185	0.002100
8241	0.002097
3211	0.002086
9403141	0.002084
9511043	0.002080
9806221	0.002062
203101	0.002058
9209003	0.002056
9309013	0.002048
9908021	0.002040
9401105	0.002040
9908199	0.002037
9811131	0.002033
6219	0.002018
9506109	0.002017
9701149	0.002015
212123	0.002014
9705131	0.002007
9309097	0.002003
9702201	0.001988
9301083	0.001978
9501057	0.001974
9904017	0.001974
9506035	0.001971
9811089	0.001968
108203	0.001961
9701125	0.001955
11107	0.001950
9611173	0.001950
9911097	0.001940
9805109	0.001938
9302103	0.001937
107177	0.001936
9506159	0.001933
9210141	0.001933
7169	0.001923
9805015	0.001921
9806099	0.001920
9611159	0.001918
9208047	0.001915
10059	0.001914
9607037	0.001909
9404013	0.001908
204183	0.001906
9509161	0.001904
9405089	0.001900
110261	0.001880
9605207	0.001871
9410073	0.001868
9808169	0.001865
9712257	0.001865
9903221	0.001864
9811101	0.001860
9601169	0.001838
9705137	0.001835
9805019	0.001834
9710009	0.001834
9508075	0.001832
9803189	0.001822
2075	0.001816
9908149	0.001811
9409113	0.001805
9605039	0.001797
303109	0.001796
9704167	0.001794
9904045	0.001784
101029	0.001782
9902157	0.001781
102007	0.001774
5129	0.001772
9607161	0.001772
102111	0.001769
9402057	0.001766
203085	0.001763
9711011	0.001754
1053	0.001753
9906091	0.001750
9808141	0.001749
9504147	0.001747
9510225	0.001739
9309025	0.001739
9305047	0.001739
107039	0.001737
9308153	0.001736
303087	0.001735
9907123	0.001733
9503023	0.001733
4147	0.001727
9706089	0.001724
9210119	0.001721
9605001	0.001720
102157	0.001719
303245	0.001715
9701069	0.001705
9608117	0.001704
9505161	0.001701
9812061	0.001698
9912249	0.001696
9702155	0.001695
9701025	0.001695
9507155	0.001692
9203079	0.001672
9511053	0.001672
1125	0.001667
112095	0.001661
9401149	0.001656
304257	0.001654
9505035	0.001649
9912167	0.001646
301091	0.001627
9207053	0.001627
205017	0.001624
5247	0.001622
212015	0.001618
9306013	0.001613
9607233	0.001610
110021	0.001609
102155	0.001606
9902105	0.001606
9308045	0.001603
206173	0.001599
9803001	0.001597
9503121	0.001596
9702187	0.001594
9604055	0.001591
9208059	0.001590
9808149	0.001587
204163	0.001576
9912079	0.001575
212169	0.001574
9608071	0.001572
9609017	0.001565
9401059	0.001558
9611235	0.001555
9905057	0.001554
9908141	0.001551
9612017	0.001551
9612221	0.001544
7191	0.001530
9803031	0.001529
9704131	0.001523
4115	0.001521
9711113	0.001517
12251	0.001508
9411163	0.001507
9504047	0.001505
9802037	0.001503
9911161	0.001503
9704031	0.001502
9803231	0.001502
9911055	0.001502
4157	0.001500
9209005	0.001500
9907145	0.001497
207105	0.001495
9403073	0.001494
9407027	0.001494
207245	0.001491
103013	0.001488
108061	0.001479
9103	0.001477
9707023	0.001474
9808035	0.001474
9510007	0.001474
9211111	0.001472
103235	0.001471
9405187	0.001469
12083	0.001469
9812069	0.001467
9512085	0.001467
9703219	0.001464
9810201	0.001458
9902059	0.001457
9604035	0.001454
212051	0.001454
2237	0.001452
109119	0.001448
10035	0.001445
9303013	0.001442
9501113	0.001441
302017	0.001438
9503033	0.001436
10105	0.001435
9811035	0.001430
9912001	0.001428
9307049	0.001423
9706025	0.001420
9605033	0.001418
9512181	0.001417
9209055	0.001413
9605159	0.001403
9608061	0.001401
9311147	0.001397
9707209	0.001396
9505089	0.001392
9402033	0.001387
9404157	0.001383
9702025	0.001374
9506133	0.001371
9602029	0.001370
207107	0.001370
103239	0.001364
205083	0.001361
9804019	0.001359
9806123	0.001358
212233	0.001357
9702027	0.001354
9811019	0.001353
9710165	0.001353
9608073	0.001350
9503157	0.001337
9212083	0.001336
9201013	0.001335
9403155	0.001332
1085	0.001327
203157	0.001327
9912205	0.001319
9701093	0.001318
9903153	0.001316
2155	0.001314
9507093	0.001314
9707185	0.001310
9305163	0.001310
9811093	0.001309
9903187	0.001309
303219	0.001308
9503205	0.001302
9508155	0.001302
9804057	0.001297
9402005	0.001296
9701037	0.001295
109179	0.001290
9602045	0.001288
111135	0.001288
105145	0.001286
9510029	0.001280
6163	0.001280
9805171	0.001277
9312059	0.001272
106127	0.001270
9402073	0.001268
9506169	0.001264
9803257	0.001264
9703053	0.001261
9906161	0.001258
9210065	0.001258
302191	0.001258
9510001	0.001257
9601003	0.001257
9403195	0.001253
3007	0.001251
212019	0.001245
9304141	0.001241
9711027	0.001238
9409111	0.001237
102005	0.001235
9204089	0.001234
9907119	0.001230
9705209	0.001230
9212145	0.001228
207201	0.001224
9301111	0.001223
9607187	0.001220
9606001	0.001220
4049	0.001219
3269	0.001218
9608017	0.001217
9711201	0.001216
9508089	0.001213
9703165	0.001211
9504083	0.001210
9202021	0.001208
9809057	0.001208
9205089	0.001204
9806075	0.001203
9504159	0.001200
9611191	0.001199
111263	0.001198
9408077	0.001198
9209049	0.001197
9803265	0.001195
9811033	0.001195
9706207	0.001194
9611107	0.001192
9411099	0.001191
9506085	0.001187
303057	0.001186
8231	0.001184
9707163	0.001180
12143	0.001180
212097	0.001180
9212009	0.001177
9509173	0.001177
9407031	0.001175
9506189	0.001174
9809097	0.001172
9410237	0.001171
9805215	0.001170
9706143	0.001169
9504019	0.001168
7031	0.001168
204049	0.001167
9304083	0.001167
9811115	0.001167
105309	0.001166
9610041	0.001165
9609019	0.001163
108199	0.001163
1197	0.001161
9708005	0.001160
9512183	0.001158
9306009	0.001157
9610101	0.001157
106113	0.001156
12145	0.001156
110127	0.001156
9603087	0.001155
1203	0.001154
9211035	0.001153
102077	0.001146
207153	0.001144
9602135	0.001143
7023	0.001140
9810019	0.001140
302171	0.001139
9909215	0.001135
11109	0.001133
9409139	0.001132
6199	0.001131
9401121	0.001130
9611069	0.001129
9407007	0.001129
9601143	0.001127
9412165	0.001126
9302129	0.001125
9810145	0.001125
108055	0.001124
9604091	0.001122
203019	0.001120
9505073	0.001120
202077	0.001119
10201	0.001118
301013	0.001117
9512173	0.001116
103051	0.001116
9804001	0.001116
9503057	0.001115
1113	0.001115
1041	0.001114
9707171	0.001111
9611051	0.001110
8075	0.001106
109045	0.001106
9202007	0.001106
9906169	0.001104
302011	0.001103
9411039	0.001102
102085	0.001101
105013	0.001101
8013	0.001100
9506011	0.001096
210311	0.001096
205183	0.001095
9705221	0.001092
106109	0.001091
9811015	0.001090
9509151	0.001089
9806159	0.001089
9711087	0.001087
9409183	0.001083
9303133	0.001082
9805027	0.001081
9809147	0.001080
7043	0.001079
9502091	0.001078
9807085	0.001076
301149	0.001075
9712197	0.001075
106149	0.001075
9206049	0.001074
9512105	0.001074
3237	0.001070
212329	0.001067
9712117	0.001066
9211053	0.001066
9906089	0.001065
9309075	0.001062
9610193	0.001059
9908083	0.001059
9903165	0.001058
9710163	0.001055
9163	0.001054
9312075	0.001054
9611047	0.001052
2195	0.001052
9908055	0.001051
9303139	0.001049
210145	0.001047
9806051	0.001046
9301067	0.001046
9809095	0.001042
9502077	0.001038
9806119	0.001036
204203	0.001036
9911105	0.001034
111013	0.001033
9802039	0.001032
7007	0.001032
9512031	0.001032
9903107	0.001030
9403133	0.001029
9812135	0.001029
9609239	0.001029
304263	0.001029
9609063	0.001026
9205015	0.001025
9307075	0.001025
9606077	0.001024
9406213	0.001024
9808173	0.001021
9505007	0.001021
9901035	0.001021
9212005	0.001021
9504153	0.001021
107027	0.001021
9602157	0.001017
9906085	0.001017
9510161	0.001016
9712241	0.001014
9201021	0.001014
8083	0.001013
104059	0.001013
9512219	0.001010
9604041	0.001010
210009	0.001009
206169	0.001007
212211	0.001005
9411057	0.001005
205171	0.001005
9807087	0.001003
9502065	0.001002
4187	0.001001
9312189	0.000999
9602051	0.000998
9402045	0.000998
9511219	0.000998
201199	0.000997
8227	0.000996
301143	0.000996
103003	0.000995
9608191	0.000994
9810067	0.000994
105177	0.000992
9609041	0.000990
9512095	0.000989
210249	0.000989
9903207	0.000986
9412229	0.000986
9806133	0.000985
9807127	0.000985
9212115	0.000980
9302033	0.000977
9407167	0.000977
9803015	0.000977
210231	0.000976
9804063	0.000974
205233	0.000974
201099	0.000974
9603133	0.000971
9311009	0.000971
9708163	0.000970
9171	0.000970
9405069	0.000968
9504161	0.000967
207249	0.000967
302195	0.000966
9603135	0.000964
9603187	0.000962
9909227	0.000962
9911067	0.000961
108085	0.000960
9711029	0.000956
204257	0.000956
9508053	0.000955
9310025	0.000955
9505183	0.000952
9505049	0.000952
9404063	0.000951
12147	0.000949
9410065	0.000949
104005	0.000947
205007	0.000943
9408083	0.000943
9302083	0.000942
112127	0.000941
9304047	0.000941
9502137	0.000941
8001	0.000940
9405095	0.000937
3037	0.000936
105181	0.000936
102091	0.000934
9603003	0.000933
9503227	0.000932
108075	0.000932
304093	0.000930
9709107	0.000928
11073	0.000928
9510087	0.000926
9802015	0.000925
9206035	0.000922
211269	0.000921
2029	0.000920
9808139	0.000919
9306147	0.000919
9306089	0.000918
9205103	0.000918
106021	0.000917
9504149	0.000916
9904119	0.000914
9902071	0.000912
7123	0.000911
107241	0.000910
4109	0.000909
9711037	0.000906
111183	0.000904
9301043	0.000904
9602001	0.000903
112141	0.000902
10283	0.000900
9906041	0.000900
9410087	0.000899
9702093	0.000899
9501101	0.000897
210217	0.000897
9608183	0.000896
9709119	0.000896
9504067	0.000894
9610241	0.000893
9903219	0.000892
9711107	0.000890
9703075	0.000890
111225	0.000889
9612005	0.000889
9912113	0.000888
302197	0.000888
203251	0.000887
9806195	0.000887
9809197	0.000886
9704151	0.000885
9404031	0.000885
1033	0.000884
9803183	0.000882
9904089	0.000881
9304005	0.000881
107163	0.000879
9711019	0.000879
108009	0.000878
9703031	0.000877
9610057	0.000876
10057	0.000876
303043	0.000875
9903021	0.000874
9812073	0.000873
9706141	0.000872
102125	0.000872
9710177	0.000872
9801019	0.000871
9405107	0.000869
9501003	0.000869
9805157	0.000869
9309055	0.000869
9903225	0.000868
9603127	0.000867
9411187	0.000867
1123	0.000866
212117	0.000865
9910157	0.000865
102199	0.000863
109067	0.000862
9510227	0.000862
9611127	0.000860
9702049	0.000860
9210115	0.000860
209127	0.000860
9505027	0.000857
204071	0.000856
9612021	0.000856
5015	0.000855
9506077	0.000854
9608163	0.000854
9711091	0.000853
203211	0.000852
12081	0.000852
9408065	0.000850
208163	0.000850
9705057	0.000849
9810113	0.000849
109163	0.000848
9403121	0.000847
209267	0.000847
9510067	0.000847
9511151	0.000842
108179	0.000842
9705117	0.000841
9204019	0.000841
9807037	0.000841
107079	0.000839
11035	0.000839
202053	0.000839
9503179	0.000838
208035	0.000838
9304131	0.000837
9512025	0.000837
9806217	0.000837
204189	0.000836
9309137	0.000833
211257	0.000833
210183	0.000832
1035	0.000831
3075	0.000829
9506101	0.000828
303187	0.000828
9706101	0.000825
9206015	0.000825
9711133	0.000825
9509119	0.000825
9301103	0.000823
9806179	0.000821
9906087	0.000821
5049	0.000821
9610107	0.000820
7243	0.000819
9604105	0.000818
9810027	0.000818
9205069	0.000818
9212113	0.000817
9810179	0.000817
9310113	0.000817
9805101	0.000816
304259	0.000815
9206047	0.000815
9904181	0.000815
9508017	0.000815
9211071	0.000814
6181	0.000813
202173	0.000812
9706129	0.000812
211053	0.000810
9805129	0.000810
9212103	0.000809
9903017	0.000809
203043	0.000808
9710149	0.000807
112183	0.000806
10153	0.000806
9904137	0.000805
9812141	0.000805
9903077	0.000805
8143	0.000804
9203051	0.000804
9409069	0.000802
9504111	0.000801
9309039	0.000801
9503027	0.000801
3141	0.000800
9612143	0.000799
206155	0.000798
9605099	0.000797
9704025	0.000795
9511101	0.000794
9203039	0.000793
9802061	0.000791
9702173	0.000791
9612167	0.000790
9205043	0.000788
9902131	0.000788
9811077	0.000787
212313	0.000787
9912203	0.000786
9501127	0.000786
9904173	0.000786
210079	0.000785
9189	0.000785
106025	0.000785
9507063	0.000785
9903233	0.000785
9604027	0.000785
9905133	0.000784
212303	0.000783
207173	0.000782
10203	0.000782
9403179	0.000782
9809059	0.000781
9302133	0.000780
9609219	0.000780
9501005	0.000779
9605053	0.000779
9907209	0.000778
9610157	0.000776
110133	0.000776
9712091	0.000775
9409021	0.000775
9309151	0.000774
9804177	0.000773
203137	0.000773
9410241	0.000773
105023	0.000772
6091	0.000771
104075	0.000770
9701173	0.000769
9509123	0.000768
207049	0.000768
7209	0.000768
9607207	0.000767
201209	0.000766
6071	0.000766
201257	0.000766
9710203	0.000765
9408013	0.000761
9607007	0.000760
9404113	0.000760
203021	0.000759
9403143	0.000758
9606185	0.000758
9402107	0.000758
12267	0.000756
9606123	0.000756
9811193	0.000754
9911001	0.000754
9811249	0.000752
9412143	0.000752
202111	0.000751
9705199	0.000750
9512053	0.000750
1089	0.000748
2117	0.000748
9503083	0.000748
6251	0.000748
9901099	0.000747
105039	0.000747
9701165	0.000747
9902121	0.000747
110189	0.000747
9908049	0.000746
9605151	0.000745
5209	0.000744
9502025	0.000744
9811225	0.000741
9409079	0.000741
110111	0.000740
9508061	0.000739
9612019	0.000738
205199	0.000737
9901103	0.000737
2243	0.000736
9412059	0.000736
9201005	0.000735
202151	0.000734
9805089	0.000734
9605199	0.000734
9505047	0.000733
9411053	0.000733
9712147	0.000733
9808111	0.000732
9703217	0.000732
9305109	0.000731
9707093	0.000731
204063	0.000730
9610189	0.000729
9401123	0.000729
9610221	0.000729
9511095	0.000729
9507083	0.000729
9709047	0.000729
9405009	0.000729
6089	0.000729
9504055	0.000729
106007	0.000729
9306029	0.000729
9707193	0.000729
9611151	0.000729
106151	0.000729
9607099	0.000729
9201025	0.000727
110279	0.000727
3029	0.000727
9401125	0.000727
9607051	0.000726
107067	0.000726
112147	0.000726
10205	0.000725
9506019	0.000725
101209	0.000724
9910177	0.000723
9608165	0.000722
9904133	0.000722
9903249	0.000722
9312013	0.000721
5221	0.000721
9705011	0.000721
9707133	0.000721
9511157	0.000719
9406067	0.000719
9207005	0.000717
205135	0.000713
9902033	0.000712
9407067	0.000711
9707189	0.000711
11079	0.000709
9503163	0.000708
9912155	0.000708
9506037	0.000707
2211	0.000706
9404187	0.000706
9802113	0.000705
9803221	0.000705
9906125	0.000705
205131	0.000704
9203081	0.000704
9810155	0.000703
9705123	0.000703
9603037	0.000702
210081	0.000702
9606029	0.000701
9504151	0.000701
9910149	0.000700
9705169	0.000699
205175	0.000699
9608111	0.000698
9601135	0.000698
106069	0.000698
9203043	0.000697
9807099	0.000696
9809199	0.000695
9503099	0.000695
5217	0.000694
11187	0.000694
108043	0.000693
8171	0.000693
9910005	0.000693
9208067	0.000693
9605229	0.000692
107115	0.000691
9606061	0.000691
8139	0.000691
9608177	0.000689
111109	0.000689
9910219	0.000688
9806009	0.000687
9709053	0.000687
9406203	0.000687
9705127	0.000687
107099	0.000686
9508005	0.000684
109097	0.000684
9911011	0.000684
203081	0.000683
9601079	0.000683
9903005	0.000682
6139	0.000680
9501063	0.000680
12053	0.000680
205299	0.000678
102137	0.000678
9203071	0.000677
9601053	0.000677
110173	0.000677
9804027	0.000677
9607203	0.000677
9809027	0.000676
9509037	0.000676
9210011	0.000675
4111	0.000673
8081	0.000672
9812193	0.000672
9810237	0.000672
9809123	0.000672
204057	0.000671
9911177	0.000671
9903149	0.000670
9404039	0.000670
9702043	0.000670
9207017	0.000668
9305133	0.000667
9905015	0.000667
202109	0.000667
9506047	0.000666
9701041	0.000666
9602077	0.000666
9605117	0.000666
7079	0.000665
9307111	0.000663
9901063	0.000663
9802007	0.000663
9411093	0.000663
9504097	0.000663
9604097	0.000662
9139	0.000662
9712151	0.000662
9603061	0.000660
9125	0.000659
106005	0.000658
9305083	0.000658
108187	0.000657
9403137	0.000657
9311015	0.000657
9510199	0.000657
9510077	0.000656
9503001	0.000656
110135	0.000656
2073	0.000656
9502047	0.000655
102129	0.000652
9510175	0.000651
106073	0.000650
9912037	0.000650
9207095	0.000650
101089	0.000649
103007	0.000649
209217	0.000649
9407109	0.000649
103243	0.000649
9211113	0.000649
9503231	0.000648
9503047	0.000647
110271	0.000647
202065	0.000647
9201007	0.000645
304201	0.000644
9211109	0.000643
9303153	0.000643
7067	0.000642
9303111	0.000642
9302001	0.000642
9702009	0.000642
9701087	0.000640
9505053	0.000640
9908115	0.000640
9704049	0.000640
304239	0.000639
4149	0.000638
9605167	0.000638
9810225	0.000638
9503017	0.000636
9311007	0.000636
9612073	0.000635
9804083	0.000634
9210127	0.000633
9407081	0.000633
207143	0.000632
9504025	0.000631
9902087	0.000631
9602167	0.000631
9809127	0.000629
9807137	0.000629
9611143	0.000628
9802047	0.000628
9207101	0.000628
9712095	0.000628
9810035	0.000627
9804125	0.000627
4183	0.000626
111119	0.000626
10017	0.000626
9805075	0.000626
112125	0.000625
12031	0.000624
9504027	0.000624
9807229	0.000623
9601043	0.000623
9306017	0.000623
111005	0.000622
9310067	0.000622
9802003	0.000622
9711143	0.000621
9604199	0.000621
9210013	0.000621
302075	0.000621
9810025	0.000620
301117	0.000620
9402039	0.000620
9705241	0.000619
9508107	0.000619
9808129	0.000619
3145	0.000618
107251	0.000618
6243	0.000618
212253	0.000618
3255	0.000618
9505093	0.000617
9505091	0.000617
9711183	0.000617
9704111	0.000617
9712081	0.000616
9411045	0.000616
9605019	0.000616
9503229	0.000616
9607129	0.000616
109191	0.000613
110007	0.000613
212043	0.000613
302139	0.000613
5235	0.000613
9510023	0.000612
9212051	0.000612
5225	0.000612
11151	0.000611
106031	0.000610
9404005	0.000609
303237	0.000609
9205081	0.000609
8015	0.000609
9608093	0.000609
9908153	0.000607
201047	0.000606
9403069	0.000605
9709091	0.000604
9711163	0.000604
9304065	0.000603
105097	0.000601
9304009	0.000601
9610213	0.000601
9903087	0.000600
9802071	0.000600
9511133	0.000599
9301059	0.000599
9608015	0.000599
9605105	0.000598
8151	0.000598
9310179	0.000598
9511071	0.000597
9206081	0.000597
9506023	0.000596
302053	0.000596
9710137	0.000596
9711157	0.000595
9301003	0.000594
205227	0.000594
9401009	0.000594
9801151	0.000593
201129	0.000593
207059	0.000593
9710041	0.000592
9406099	0.000592
9510189	0.000591
9304125	0.000591
109129	0.000589
9306067	0.000589
9312179	0.000589
9906027	0.000589
303225	0.000589
5067	0.000589
9709177	0.000588
107105	0.000588
9903239	0.000588
106235	0.000588
104087	0.000587
9606141	0.000586
9709087	0.000586
109025	0.000584
9411229	0.000584
9712169	0.000584
101187	0.000584
102171	0.000584
9807083	0.000584
9241	0.000584
302187	0.000584
9410059	0.000584
9512015	0.000584
9501031	0.000584
9303091	0.000584
9712235	0.000584
9406161	0.000584
9903035	0.000584
9608119	0.000584
106259	0.000584
8141	0.000583
9503115	0.000581
9209023	0.000581
9904047	0.000581
9404173	0.000580
105123	0.000580
9611209	0.000580
9901057	0.000579
105059	0.000579
303041	0.000578
9306023	0.000577
9910239	0.000577
301135	0.000577
10223	0.000576
9405171	0.000576
9409085	0.000576
9705163	0.000576
204243	0.000576
9506091	0.000576
6151	0.000575
9802023	0.000575
9605083	0.000575
9509021	0.000574
9606079	0.000574
9311139	0.000574
9710179	0.000573
9201017	0.000573
9609079	0.000573
9908051	0.000573
3217	0.000572
3055	0.000570
9805069	0.000570
11017	0.000570
9806095	0.000569
110167	0.000569
3175	0.000568
9611233	0.000568
105237	0.000568
9709077	0.000567
9809033	0.000567
9906119	0.000567
9609167	0.000566
9604153	0.000566
103209	0.000566
104119	0.000566
203135	0.000565
9611197	0.000564
9603109	0.000564
9704089	0.000564
9501143	0.000564
9312001	0.000564
9306033	0.000563
9605127	0.000562
9203083	0.000562
9906129	0.000562
3057	0.000562
9204095	0.000562
1121	0.000561
105251	0.000561
9211059	0.000560
6035	0.000560
7183	0.000560
9410005	0.000559
9905179	0.000559
9703023	0.000559
9212153	0.000558
9301037	0.000558
9412167	0.000558
9604139	0.000558
9509141	0.000558
101033	0.000558
1103	0.000557
5263	0.000557
3035	0.000557
9704145	0.000556
9710119	0.000556
9311055	0.000556
9707123	0.000556
9912047	0.000555
10167	0.000555
9205115	0.000555
9812031	0.000554
9403061	0.000554
9807125	0.000553
9702107	0.000552
9905011	0.000551
9907225	0.000548
3143	0.000548
103023	0.000548
104147	0.000548
9701091	0.000546
9912179	0.000546
9806239	0.000546
9312045	0.000546
9701013	0.000546
9205021	0.000545
105155	0.000545
9912063	0.000545
9908151	0.000545
9608011	0.000544
9206033	0.000544
9903217	0.000544
211263	0.000544
9903029	0.000544
9401017	0.000544
9809085	0.000543
9208015	0.000543
9612063	0.000543
109123	0.000542
9401021	0.000542
211291	0.000539
9511173	0.000538
9906229	0.000538
105229	0.000538
9608019	0.000537
9711191	0.000537
9408019	0.000536
9609209	0.000536
9405011	0.000536
107049	0.000535
9803061	0.000535
9610177	0.000535
9702163	0.000535
9503207	0.000534
201063	0.000534
3131	0.000534
9811167	0.000534
9604119	0.000533
9610199	0.000533
9403129	0.000533
9912153	0.000531
3197	0.000530
9609231	0.000530
9912129	0.000530
9410219	0.000529
303033	0.000529
9902169	0.000529
9309067	0.000529
106001	0.000528
9905223	0.000528
11089	0.000527
9808079	0.000527
9604165	0.000527
9509073	0.000527
5009	0.000525
9711127	0.000525
9703121	0.000524
8039	0.000524
9606181	0.000523
9512147	0.000523
9710205	0.000523
9702019	0.000523
103067	0.000523
9907027	0.000523
108129	0.000522
9204045	0.000522
9806057	0.000521
9802167	0.000521
9609085	0.000520
303073	0.000520
111209	0.000520
9610223	0.000519
9901139	0.000519
9606095	0.000518
105135	0.000518
9510141	0.000518
9610243	0.000517
12179	0.000516
211171	0.000516
9804205	0.000515
12249	0.000515
111189	0.000514
9907189	0.000514
205177	0.000513
11283	0.000513
203041	0.000513
103153	0.000512
9912287	0.000512
9712249	0.000512
9602105	0.000512
9808159	0.000512
201151	0.000511
301193	0.000510
9607083	0.000510
9811161	0.000509
9710069	0.000509
203253	0.000508
102207	0.000508
9205003	0.000508
9502111	0.000508
9504129	0.000507
9612213	0.000507
9707235	0.000507
302087	0.000507
301061	0.000506
9701137	0.000506
9911065	0.000506
9305131	0.000505
9812101	0.000504
9801195	0.000504
106193	0.000504
9804143	0.000503
201081	0.000503
9601139	0.000503
9809119	0.000503
106207	0.000503
202051	0.000502
107263	0.000501
9709229	0.000500
9603083	0.000499
9905185	0.000499
101145	0.000499
205259	0.000499
9411201	0.000499
9301097	0.000499
9404143	0.000499
9306161	0.000498
9210109	0.000498
205303	0.000497
9211133	0.000497
9501029	0.000496
105245	0.000496
101011	0.000496
9805143	0.000496
6173	0.000496
212057	0.000495
12213	0.000495
10225	0.000495
12115	0.000494
303205	0.000494
9506177	0.000494
9131	0.000494
9402081	0.000493
110183	0.000493
105267	0.000493
103031	0.000493
206007	0.000493
9512223	0.000493
303191	0.000492
9807235	0.000492
3113	0.000492
9912285	0.000492
207091	0.000492
9607067	0.000490
9812163	0.000490
9606193	0.000490
9709017	0.000489
9410203	0.000488
9509105	0.000488
9704135	0.000488
9803005	0.000488
9612013	0.000488
9602089	0.000487
10175	0.000487
9903237	0.000487
9610067	0.000487
9601177	0.000486
8167	0.000486
9704051	0.000486
4089	0.000485
9701023	0.000485
103171	0.000484
6247	0.000484
9510183	0.000484
9203047	0.000483
9912195	0.000483
205257	0.000483
9612157	0.000483
9310101	0.000483
9707083	0.000483
9801021	0.000482
9305181	0.000482
9305043	0.000482
105301	0.000481
12045	0.000480
9812205	0.000480
9807033	0.000480
9803057	0.000479
9508141	0.000479
9803203	0.000479
5073	0.000478
9603101	0.000478
11033	0.000478
106179	0.000478
9203045	0.000478
9711035	0.000478
9903115	0.000478
9207011	0.000478
107081	0.000477
9905181	0.000477
9706133	0.000477
9505039	0.000476
9612183	0.000476
9507015	0.000476
9311111	0.000475
9311103	0.000475
210047	0.000475
9307011	0.000475
9811257	0.000474
9608129	0.000474
3117	0.000474
9710183	0.000474
209235	0.000474
9904041	0.000474
9610017	0.000474
9310085	0.000473
9512161	0.000473
9605211	0.000473
9701127	0.000473
9905089	0.000473
9303123	0.000473
302059	0.000472
9703009	0.000472
9807091	0.000472
111149	0.000472
9810075	0.000472
102041	0.000471
9904063	0.000471
9711069	0.000471
206127	0.000471
9509019	0.000470
111275	0.000470
9511167	0.000470
9209037	0.000470
9403111	0.000470
11125	0.000469
9710147	0.000469
103041	0.000469
3277	0.000469
9706139	0.000469
5087	0.000469
105113	0.000468
9603089	0.000467
9808027	0.000467
9706175	0.000466
9803045	0.000466
9602163	0.000466
9509003	0.000466
11067	0.000466
9705129	0.000466
9502069	0.000465
9909101	0.000465
9503175	0.000464
303035	0.000464
9306039	0.000464
9602063	0.000464
104093	0.000463
6237	0.000463
105057	0.000463
9705059	0.000463
9901149	0.000463
9607227	0.000463
111099	0.000463
11021	0.000463
9902005	0.000461
9712043	0.000461
9503109	0.000460
9503143	0.000460
101025	0.000459
9310043	0.000459
9202059	0.000459
9606189	0.000459
9502011	0.000458
206147	0.000458
9711061	0.000458
204097	0.000457
204143	0.000456
103179	0.000456
208073	0.000456
103169	0.000456
202179	0.000456
9807223	0.000455
9401069	0.000455
9311027	0.000455
12237	0.000455
112159	0.000454
203031	0.000454
107167	0.000454
9511191	0.000454
105299	0.000454
9803011	0.000454
9505129	0.000454
108183	0.000453
9608039	0.000453
9604179	0.000453
9405007	0.000453
9509069	0.000453
9709075	0.000453
9606157	0.000452
10113	0.000452
3005	0.000452
9907131	0.000452
9610037	0.000451
9808177	0.000451
209079	0.000451
9505175	0.000450
9206039	0.000450
205187	0.000450
9809103	0.000450
212227	0.000450
10229	0.000449
9709067	0.000448
12219	0.000448
9304087	0.000448
9809081	0.000448
209145	0.000447
109009	0.000447
9807105	0.000447
9505115	0.000447
5269	0.000447
9710207	0.000447
9305025	0.000447
111165	0.000447
9705219	0.000447
9303131	0.000446
112155	0.000446
9403067	0.000446
9502009	0.000446
106043	0.000446
9710123	0.000445
9909015	0.000444
1183	0.000444
9909053	0.000444
9117	0.000444
9407175	0.000444
4195	0.000443
301107	0.000443
302131	0.000443
9611065	0.000443
9505149	0.000443
202031	0.000442
3179	0.000442
9402041	0.000442
210313	0.000442
9602103	0.000442
9704109	0.000442
9610129	0.000441
110263	0.000441
101105	0.000441
9812247	0.000441
9605085	0.000441
9605197	0.000440
9704009	0.000440
9406003	0.000440
9910093	0.000440
9202063	0.000440
9706203	0.000439
9604123	0.000439
9809159	0.000439
9704077	0.000439
11131	0.000438
303005	0.000438
104073	0.000438
9807193	0.000438
9805211	0.000438
9904015	0.000438
105109	0.000438
9511051	0.000438
9202047	0.000438
9707035	0.000438
201009	0.000438
9507033	0.000438
9612079	0.000438
9509113	0.000438
9704019	0.000438
9809131	0.000438
9810229	0.000438
211223	0.000438
211237	0.000438
9409189	0.000438
9307067	0.000438
9612031	0.000438
9308043	0.000438
9208033	0.000438
9907081	0.000438
5029	0.000438
9909009	0.000438
9801147	0.000438
9606089	0.000438
9707255	0.000438
208125	0.000437
9308083	0.000437
9808069	0.000437
9708123	0.000437
9302113	0.000436
9904019	0.000436
9501049	0.000436
9803209	0.000436
9701061	0.000436
9912085	0.000435
9501017	0.000435
9711063	0.000434
12265	0.000434
9904033	0.000434
8203	0.000434
9504011	0.000434
9805125	0.000434
106081	0.000433
9311081	0.000433
9808017	0.000433
9401031	0.000433
9809203	0.000432
9806231	0.000432
7015	0.000432
12029	0.000431
9303093	0.000431
9911085	0.000431
9803091	0.000431
204111	0.000430
9510197	0.000430
9603057	0.000430
212297	0.000428
9402029	0.000428
205251	0.000428
2223	0.000428
203265	0.000428
9608035	0.000427
9601023	0.000427
9409019	0.000427
104115	0.000426
9205037	0.000426
9601041	0.000426
212277	0.000426
9207103	0.000426
107111	0.000425
9807195	0.000424
9704177	0.000424
9912075	0.000423
9901161	0.000423
9402031	0.000423
9506113	0.000423
9408101	0.000422
1071	0.000422
9711015	0.000422
9905211	0.000422
9909047	0.000422
4099	0.000422
9906225	0.000421
9503049	0.000421
9812089	0.000421
9710087	0.000421
2159	0.000421
9305031	0.000421
9612065	0.000421
102181	0.000421
9802099	0.000421
9807165	0.000420
1151	0.000419
9305139	0.000419
9902167	0.000419
208115	0.000419
202131	0.000418
9506157	0.000418
11127	0.000418
9801043	0.000418
9706119	0.000417
9904091	0.000417
9603011	0.000416
9406103	0.000416
7095	0.000416
9612105	0.000416
9912125	0.000416
9210105	0.000415
11111	0.000414
9805153	0.000414
106013	0.000414
2161	0.000414
9803109	0.000413
9805165	0.000413
8005	0.000413
9812041	0.000413
11083	0.000413
9805009	0.000413
9302123	0.000413
9606039	0.000412
9212007	0.000412
9201001	0.000412
9308129	0.000412
12061	0.000412
9909205	0.000412
4103	0.000412
9504033	0.000411
106213	0.000411
9903031	0.000411
9309105	0.000411
9205071	0.000411
9707227	0.000410
9402113	0.000409
9508111	0.000409
211103	0.000409
9412131	0.000409
302141	0.000409
9411205	0.000409
9508071	0.000408
9507007	0.000407
9706091	0.000407
9806107	0.000407
9910243	0.000407
9809177	0.000407
9303143	0.000406
9201027	0.000406
9503043	0.000406
9701027	0.000406
202017	0.000406
9511207	0.000406
9902073	0.000406
9502125	0.000405
111129	0.000405
9803205	0.000405
6009	0.000405
9506087	0.000405
9312133	0.000405
9506207	0.000405
9704059	0.000404
9806055	0.000404
9607139	0.000404
9309135	0.000403
6005	0.000403
9712139	0.000402
9606063	0.000402
9607085	0.000402
5111	0.000402
6185	0.000402
201017	0.000402
105015	0.000401
103005	0.000401
9510111	0.000401
9411009	0.000401
9509007	0.000401
9203035	0.000401
9611181	0.000400
9411179	0.000400
9810107	0.000400
9411049	0.000400
9508131	0.000399
9605183	0.000399
9208035	0.000399
9910201	0.000398
212245	0.000398
9502107	0.000398
9505173	0.000398
9511195	0.000398
9909043	0.000398
5089	0.000398
9607189	0.000398
9901135	0.000397
304127	0.000397
9609113	0.000397
9507141	0.000397
9709019	0.000397
9710213	0.000397
9504101	0.000396
9612027	0.000396
9405035	0.000396
9608065	0.000396
209257	0.000396
9702167	0.000395
9707017	0.000395
9412195	0.000395
9904073	0.000394
9506043	0.000394
9509137	0.000394
9904125	0.000392
205113	0.000392
9210015	0.000392
9701019	0.000392
4063	0.000392
9908007	0.000392
9202061	0.000391
1201	0.000390
112201	0.000390
212293	0.000390
9506063	0.000390
8057	0.000389
9605235	0.000389
9906103	0.000389
9904145	0.000388
9705007	0.000388
9903033	0.000388
9402085	0.000388
9812251	0.000387
9702133	0.000387
203165	0.000387
9604143	0.000386
9912093	0.000386
9912019	0.000386
9911163	0.000386
9908109	0.000386
108099	0.000385
9304091	0.000385
107173	0.000385
5059	0.000385
9702193	0.000385
9612131	0.000385
9704037	0.000385
9801023	0.000384
9804035	0.000384
9602027	0.000384
206161	0.000383
111249	0.000383
9802049	0.000383
9412209	0.000383
205317	0.000383
111101	0.000382
9403039	0.000382
9604065	0.000382
9611147	0.000382
9712119	0.000382
9612215	0.000381
9805175	0.000381
204029	0.000381
9310201	0.000381
9602065	0.000381
208155	0.000381
9908065	0.000381
9910095	0.000380
9510241	0.000380
9905083	0.000380
9503191	0.000380
105087	0.000380
9801181	0.000379
9204035	0.000379
9904199	0.000379
204169	0.000379
207231	0.000378
9906081	0.000378
9512139	0.000378
9711175	0.000378
9608169	0.000378
9712103	0.000378
9807135	0.000377
205101	0.000377
9501083	0.000377
9508099	0.000377
207247	0.000376
105227	0.000376
9412203	0.000376
9601115	0.000376
112235	0.000376
9902175	0.000376
9610093	0.000375
9306073	0.000375
112223	0.000374
9702067	0.000374
9503019	0.000374
212267	0.000374
9401029	0.000373
303079	0.000373
9608063	0.000373
303011	0.000373
9611003	0.000372
9303005	0.000372
2183	0.000372
9612101	0.000372
9710129	0.000371
9207073	0.000371
203013	0.000371
304095	0.000371
9404071	0.000371
8221	0.000370
9408089	0.000370
209155	0.000370
9510097	0.000369
206031	0.000369
9901109	0.000369
103259	0.000368
9904095	0.000368
9407099	0.000368
9405143	0.000368
203161	0.000368
110293	0.000368
9609173	0.000367
9607215	0.000366
9702103	0.000366
9305011	0.000366
9902001	0.000366
111259	0.000366
9511213	0.000366
9509095	0.000366
9607095	0.000365
104143	0.000365
9707079	0.000365
9204017	0.000365
9808075	0.000365
9704127	0.000365
9602127	0.000364
9503209	0.000364
9405173	0.000364
111073	0.000364
9611167	0.000364
9502029	0.000364
9810159	0.000364
101039	0.000363
9301019	0.000363
9804047	0.000363
9411223	0.000363
209125	0.000362
9407105	0.000362
9707173	0.000362
9812027	0.000362
108063	0.000362
9403157	0.000362
4067	0.000362
208099	0.000361
9908157	0.000361
9912291	0.000361
9306027	0.000361
9602075	0.000360
9811201	0.000360
9907191	0.000360
11137	0.000359
9605201	0.000359
9903245	0.000359
9406101	0.000359
101211	0.000359
9608025	0.000359
9504105	0.000358
9907087	0.000358
205321	0.000358
9912275	0.000358
203231	0.000358
9709039	0.000358
11043	0.000357
12075	0.000357
111261	0.000357
9206045	0.000357
9604113	0.000357
9409169	0.000356
9211049	0.000356
9606109	0.000356
9503077	0.000355
9803067	0.000355
9612083	0.000355
1039	0.000355
9812033	0.000355
9908019	0.000355
207137	0.000354
9512149	0.000354
9905155	0.000354
9405117	0.000354
9706021	0.000354
303089	0.000354
3123	0.000354
9604125	0.000354
9911063	0.000353
9606033	0.000353
9806083	0.000353
10237	0.000353
9809109	0.000353
9406175	0.000353
9911181	0.000353
9611055	0.000353
9307039	0.000352
9606025	0.000352
9602179	0.000352
9611211	0.000352
9903141	0.000352
9907033	0.000352
9703007	0.000351
9405141	0.000351
11097	0.000351
9209011	0.000351
112075	0.000351
302045	0.000351
211021	0.000350
9809053	0.000350
4133	0.000350
9309023	0.000350
9409165	0.000349
9704021	0.000349
9603131	0.000349
9911089	0.000349
9410143	0.000349
207051	0.000349
9605169	0.000349
9908023	0.000348
3243	0.000348
9805191	0.000348
101065	0.000348
104191	0.000348
109099	0.000348
9704165	0.000347
9302109	0.000347
9906029	0.000347
9212049	0.000346
9709183	0.000346
9703047	0.000346
8019	0.000346
102039	0.000345
9307015	0.000345
5083	0.000345
9213	0.000345
9302035	0.000345
9409035	0.000345
9812161	0.000345
9907211	0.000345
9504007	0.000345
204051	0.000344
105005	0.000344
9312043	0.000344
11115	0.000344
107031	0.000344
9606017	0.000343
1083	0.000343
9606169	0.000343
9801149	0.000343
9902011	0.000343
9411025	0.000342
9203023	0.000342
9505075	0.000342
9604129	0.000342
303251	0.000342
9712051	0.000342
206123	0.000342
9812175	0.000342
9812187	0.000341
9704005	0.000341
9704187	0.000341
9306075	0.000341
9804131	0.000341
9711097	0.000340
9909189	0.000340
9309089	0.000340
9606009	0.000340
9310131	0.000339
9911013	0.000339
11177	0.000339
9902055	0.000339
205301	0.000338
9612165	0.000338
9709189	0.000338
1001	0.000338
9712115	0.000337
9412213	0.000337
107025	0.000337
9410223	0.000337
9808179	0.000337
102173	0.000337
9306035	0.000336
101035	0.000336
103069	0.000336
9812007	0.000335
104207	0.000335
9612145	0.000335
8087	0.000335
9910019	0.000335
104123	0.000334
9805159	0.000334
9911191	0.000334
9609003	0.000333
9403147	0.000333
9810137	0.000333
209223	0.000333
3221	0.000332
9912067	0.000332
9610091	0.000331
5183	0.000331
9312153	0.000330
302135	0.000329
9805039	0.000329
204157	0.000329
12129	0.000329
9306145	0.000329
9705055	0.000328
5241	0.000328
9710107	0.000328
303025	0.000328
111267	0.000328
9612117	0.000328
104091	0.000328
207083	0.000328
9907139	0.000328
9208029	0.000327
1077	0.000327
9908189	0.000327
9406105	0.000327
208095	0.000327
9810099	0.000327
9205085	0.000326
9812083	0.000325
9608173	0.000325
9607153	0.000325
9604195	0.000325
208195	0.000325
9709099	0.000325
106157	0.000325
9511119	0.000324
7019	0.000324
9411227	0.000324
204147	0.000324
209027	0.000324
9811169	0.000324
110093	0.000324
9302111	0.000324
9607243	0.000324
9127	0.000324
9302057	0.000323
9906039	0.000323
9701065	0.000323
9512143	0.000322
9407023	0.000322
9509047	0.000322
206145	0.000322
9611205	0.000321
9304023	0.000321
9410103	0.000321
9310151	0.000321
9604061	0.000321
208201	0.000321
9059	0.000321
10191	0.000320
9303007	0.000320
9806249	0.000320
109017	0.000320
9205039	0.000320
3027	0.000319
103011	0.000319
5027	0.000319
11193	0.000319
9510187	0.000319
9707203	0.000319
7211	0.000318
9412147	0.000318
102185	0.000318
3147	0.000318
205219	0.000318
9612015	0.000318
9911041	0.000317
9612085	0.000317
2123	0.000317
9811203	0.000317
9303057	0.000317
9311113	0.000317
1005	0.000316
9807161	0.000316
9803163	0.000316
9406117	0.000316
10071	0.000316
5259	0.000316
104105	0.000316
9407141	0.000316
9812071	0.000316
7049	0.000316
103115	0.000316
9911205	0.000315
9608079	0.000315
107063	0.000315
9705159	0.000314
1023	0.000314
9806149	0.000314
109217	0.000314
9703127	0.000314
9512129	0.000314
9609125	0.000314
9811051	0.000314
5145	0.000314
205037	0.000314
104229	0.000314
103233	0.000313
9801169	0.000313
102021	0.000313
9911109	0.000312
9305093	0.000312
9207055	0.000312
105247	0.000312
3127	0.000312
9606049	0.000311
9712211	0.000311
9901045	0.000311
9612009	0.000311
9702089	0.000311
9309107	0.000311
12183	0.000311
9605225	0.000311
9802085	0.000311
9909021	0.000311
9908059	0.000310
9409167	0.000310
205081	0.000310
207149	0.000310
9712171	0.000310
9905165	0.000310
209213	0.000309
9506125	0.000309
9304053	0.000309
9307007	0.000309
9705047	0.000309
211181	0.000309
9303127	0.000309
9508045	0.000309
212215	0.000309
9504095	0.000309
9602017	0.000309
9201003	0.000308
9506187	0.000308
206151	0.000308
9308115	0.000308
9410027	0.000308
203107	0.000307
9601163	0.000307
9505117	0.000307
9309123	0.000307
9912033	0.000307
9907115	0.000307
9810031	0.000307
9509075	0.000307
107019	0.000307
108051	0.000306
9503093	0.000306
101213	0.000306
303151	0.000306
9811183	0.000306
111131	0.000305
9711153	0.000305
2171	0.000305
110079	0.000305
9806173	0.000305
11027	0.000304
9806039	0.000304
9510233	0.000304
9801091	0.000304
9606159	0.000304
9211047	0.000304
207081	0.000304
9904143	0.000304
211069	0.000304
203099	0.000304
9612039	0.000304
9609123	0.000304
9406013	0.000304
9904055	0.000303
9303099	0.000303
9602115	0.000303
9907133	0.000303
105115	0.000303
204047	0.000303
9506131	0.000303
9706183	0.000302
303023	0.000302
9309099	0.000302
106247	0.000302
9803237	0.000302
9706225	0.000301
9505005	0.000301
9401093	0.000301
105303	0.000301
206095	0.000301
9809129	0.000301
9707019	0.000301
9304059	0.000300
9412133	0.000300
9183	0.000300
103163	0.000300
9503217	0.000300
9703059	0.000299
9711205	0.000299
9408041	0.000299
9410067	0.000299
9506065	0.000299
9806091	0.000299
9907085	0.000299
9312187	0.000298
202177	0.000298
101111	0.000298
201179	0.000298
9803259	0.000298
101099	0.000298
9409187	0.000298
8049	0.000298
9701113	0.000298
9901059	0.000298
9411133	0.000297
9805045	0.000297
9607217	0.000297
9703211	0.000297
9704073	0.000297
11011	0.000297
209255	0.000297
109069	0.000297
9607003	0.000297
9601085	0.000296
104249	0.000296
210225	0.000296
9801121	0.000296
9407005	0.000296
6061	0.000296
6209	0.000296
9710193	0.000296
201205	0.000296
11225	0.000296
9503211	0.000296
302037	0.000295
9509133	0.000295
111257	0.000295
9807035	0.000295
9404191	0.000295
1021	0.000295
210077	0.000295
9907001	0.000295
9903089	0.000294
9711095	0.000294
301177	0.000294
110087	0.000294
304169	0.000294
9501053	0.000294
9702037	0.000294
208119	0.000294
8179	0.000294
9810053	0.000294
9804091	0.000294
9803025	0.000293
9408073	0.000293
9510143	0.000293
301213	0.000293
209261	0.000293
9904109	0.000293
9705183	0.000293
2167	0.000293
9407155	0.000293
11209	0.000293
7231	0.000293
9711101	0.000293
112023	0.000293
9207039	0.000293
3139	0.000293
304175	0.000293
9911147	0.000292
11049	0.000292
112109	0.000292
9904217	0.000292
9801129	0.000292
3245	0.000292
9233	0.000292
9912265	0.000292
9310097	0.000292
9306011	0.000292
9911027	0.000292
9305145	0.000292
9303043	0.000292
9712173	0.000292
9709151	0.000292
9901049	0.000292
8129	0.000292
103105	0.000292
9607195	0.000292
9512101	0.000292
9305067	0.000292
303145	0.000292
9311067	0.000292
9409163	0.000292
9507085	0.000292
9205031	0.000292
112103	0.000292
9312151	0.000292
5079	0.000292
109103	0.000292
9410225	0.000292
2113	0.000292
9408141	0.000292
9503053	0.000292
9707029	0.000292
9905201	0.000292
6147	0.000292
9303147	0.000292
8135	0.000292
9303117	0.000292
9607093	0.000292
9407011	0.000292
110023	0.000292
9905119	0.000292
209075	0.000292
110251	0.000292
9603001	0.000292
303137	0.000292
9407157	0.000292
9504099	0.000292
9506053	0.000292
9511041	0.000292
9601071	0.000292
9910221	0.000292
9202073	0.000292
9206089	0.000292
9601119	0.000292
9812167	0.000292
9507013	0.000292
101003	0.000292
110249	0.000291
9709013	0.000291
205057	0.000291
9712111	0.000291
9701109	0.000291
202023	0.000291
9607219	0.000290
9507001	0.000290
9903257	0.000290
8119	0.000290
9603009	0.000290
9509005	0.000290
9202053	0.000289
9402147	0.000289
9410035	0.000289
203229	0.000289
103063	0.000289
9908039	0.000288
9502071	0.000288
9506059	0.000288
201125	0.000288
9310159	0.000288
9803177	0.000288
10133	0.000288
9701121	0.000288
9411077	0.000287
9905149	0.000287
9806121	0.000287
101061	0.000287
3153	0.000286
9507115	0.000286
1025	0.000286
9412187	0.000286
9610205	0.000286
9708039	0.000286
101083	0.000286
9511065	0.000285
9206051	0.000285
9507023	0.000285
9503215	0.000285
108221	0.000285
9510003	0.000285
4013	0.000285
9912161	0.000285
9207067	0.000284
10135	0.000284
206101	0.000284
9604045	0.000284
9909177	0.000284
9901131	0.000284
105261	0.000283
9605049	0.000283
9506083	0.000283
9811217	0.000283
9604177	0.000283
212063	0.000283
4143	0.000283
9707089	0.000283
9910165	0.000282
9505113	0.000282
3215	0.000282
4019	0.000282
101055	0.000282
9206075	0.000282
108065	0.000282
7011	0.000282
9307045	0.000282
9304115	0.000282
106117	0.000282
9403119	0.000281
9212075	0.000281
9908099	0.000281
210267	0.000281
9210017	0.000281
9208057	0.000281
111161	0.000281
205121	0.000281
9605173	0.000281
9311181	0.000280
302203	0.000280
211111	0.000280
9211121	0.000280
9908097	0.000280
9707063	0.000280
9404093	0.000280
3263	0.000280
9203009	0.000280
11243	0.000279
9903051	0.000279
9812151	0.000279
9808191	0.000279
11251	0.000279
111179	0.000279
112205	0.000279
9909099	0.000279
7175	0.000279
208107	0.000279
7127	0.000278
7179	0.000278
9911039	0.000278
9705091	0.000278
201267	0.000278
111277	0.000277
9608085	0.000277
9809153	0.000277
3163	0.000277
12057	0.000276
9502057	0.000276
205123	0.000276
9603117	0.000275
9303017	0.000275
9909223	0.000275
9505157	0.000275
9412153	0.000275
8061	0.000275
9706163	0.000274
9512127	0.000274
107095	0.000274
9912059	0.000274
9309115	0.000274
9801063	0.000274
9210107	0.000274
9604103	0.000274
7077	0.000274
9511187	0.000274
210299	0.000274
9209099	0.000273
203065	0.000273
210141	0.000273
9707253	0.000273
9612103	0.000273
9802203	0.000273
9912243	0.000273
203029	0.000273
9807233	0.000273
104169	0.000273
106181	0.000273
9306119	0.000273
9305097	0.000273
9904169	0.000272
111079	0.000272
9512013	0.000272
9805131	0.000272
112053	0.000271
9306117	0.000271
9210037	0.000271
211001	0.000271
9609191	0.000271
9708021	0.000271
9206095	0.000271
205297	0.000271
9609161	0.000271
9711053	0.000270
9061	0.000270
9608083	0.000270
9805139	0.000270
9511081	0.000270
9207089	0.000270
9508091	0.000270
9405193	0.000269
9710015	0.000269
9406029	0.000269
9912239	0.000269
103195	0.000269
9412127	0.000269
9810087	0.000269
9710007	0.000269
3301	0.000268
9807173	0.000268
9905225	0.000268
9911125	0.000268
9311069	0.000267
7187	0.000267
9906079	0.000267
9411097	0.000267
205065	0.000267
9904191	0.000266
9210019	0.000266
303243	0.000266
11119	0.000266
9810119	0.000266
9402097	0.000266
9906055	0.000266
9902101	0.000266
206001	0.000266
9504001	0.000265
9210033	0.000265
9801183	0.000265
9609031	0.000265
1129	0.000265
9206113	0.000265
9403031	0.000265
9311037	0.000265
9911243	0.000264
9805145	0.000264
9221	0.000264
9409023	0.000264
9708055	0.000264
9912027	0.000264
9602107	0.000263
9309033	0.000263
106171	0.000263
9210049	0.000263
209225	0.000262
9908025	0.000262
9912279	0.000262
8027	0.000262
212175	0.000261
112151	0.000261
9402075	0.000261
11013	0.000261
9710247	0.000261
108191	0.000260
9907173	0.000260
9811139	0.000260
110017	0.000260
9911015	0.000260
9501109	0.000260
9210163	0.000259
109213	0.000259
9906217	0.000259
105171	0.000259
111001	0.000259
9312047	0.000259
9803135	0.000259
9309127	0.000259
12037	0.000258
207099	0.000258
108147	0.000258
2077	0.000258
210135	0.000258
9801155	0.000258
8205	0.000258
8133	0.000257
9901101	0.000257
9406039	0.000257
9301069	0.000257
9301017	0.000257
9603139	0.000257
9312215	0.000257
203119	0.000257
9906011	0.000256
9210003	0.000256
10247	0.000256
9612171	0.000256
102029	0.000256
9610045	0.000256
9403045	0.000256
10107	0.000256
9503213	0.000256
9803051	0.000256
109057	0.000256
9179	0.000256
9807211	0.000255
102045	0.000255
9099	0.000255
9502031	0.000255
9705025	0.000255
11029	0.000255
9612229	0.000255
203007	0.000255
9510195	0.000255
9710091	0.000254
9603137	0.000254
112045	0.000254
303223	0.000254
9603013	0.000254
9705075	0.000253
9704161	0.000253
9601097	0.000253
9603169	0.000253
9501091	0.000253
9406043	0.000253
212081	0.000253
9706211	0.000253
9512081	0.000252
9908077	0.000252
11099	0.000252
9412113	0.000252
2217	0.000252
11077	0.000252
9806019	0.000252
9811141	0.000252
9506155	0.000251
105315	0.000251
8249	0.000251
107051	0.000251
9809187	0.000251
110073	0.000250
9707237	0.000250
8089	0.000250
9707087	0.000250
106205	0.000250
205209	0.000250
103247	0.000250
9505065	0.000250
9807041	0.000249
110005	0.000249
9808045	0.000249
9804199	0.000249
212275	0.000249
2105	0.000249
9912021	0.000249
9508105	0.000249
302121	0.000249
303055	0.000249
9804053	0.000249
9612097	0.000249
9905175	0.000249
9508153	0.000249
9206107	0.000248
107085	0.000248
9219	0.000248
301123	0.000248
12059	0.000248
9612011	0.000248
9407069	0.000248
9201019	0.000248
9711005	0.000248
9807011	0.000248
9209041	0.000248
9904107	0.000248
4093	0.000248
104217	0.000248
103139	0.000248
9905061	0.000247
9811059	0.000247
9607115	0.000247
9910091	0.000247
109049	0.000247
9803029	0.000247
9710153	0.000246
9711161	0.000246
9505095	0.000246
9705215	0.000246
9910041	0.000246
9510157	0.000246
9601057	0.000246
9809213	0.000246
108107	0.000246
9401003	0.000246
9309021	0.000246
9306083	0.000246
212305	0.000246
5003	0.000246
111181	0.000245
6197	0.000245
9807185	0.000245
201165	0.000245
9704193	0.000245
101119	0.000245
5081	0.000244
110259	0.000244
9410093	0.000244
9610155	0.000244
5055	0.000244
9312049	0.000244
9803023	0.000244
9312005	0.000244
2119	0.000244
302109	0.000243
9510033	0.000243
9612089	0.000243
201211	0.000243
9805097	0.000243
202085	0.000243
9608137	0.000243
9711181	0.000243
9307027	0.000242
205213	0.000242
3081	0.000242
207139	0.000242
9908033	0.000242
9911111	0.000242
9807213	0.000242
204041	0.000242
9712239	0.000242
9603149	0.000242
211061	0.000242
9704013	0.000242
1163	0.000241
9902187	0.000241
9601113	0.000241
9802201	0.000241
9181	0.000241
9901159	0.000241
9706221	0.000241
9709129	0.000241
9912257	0.000240
9210121	0.000240
9906061	0.000240
110143	0.000240
9807001	0.000240
104037	0.000240
9601067	0.000240
205195	0.000239
208101	0.000239
104189	0.000239
9902205	0.000239
9305023	0.000239
9503045	0.000239
9410105	0.000239
202157	0.000239
9804185	0.000239
9709049	0.000239
203083	0.000238
101013	0.000238
208219	0.000238
9804119	0.000238
9009	0.000238
9707129	0.000238
9711103	0.000237
9910037	0.000237
9507043	0.000237
9407059	0.000237
107101	0.000237
9610019	0.000237
9507057	0.000237
105137	0.000236
112099	0.000236
9804121	0.000236
106089	0.000236
9806023	0.000236
9909085	0.000236
9503203	0.000236
9510177	0.000235
3025	0.000235
9911165	0.000235
107185	0.000235
9511145	0.000235
205033	0.000235
8145	0.000235
9501077	0.000235
9507051	0.000235
9802029	0.000235
104261	0.000235
9801127	0.000235
9908129	0.000235
9807191	0.000234
9507171	0.000234
107245	0.000234
9407001	0.000234
9204071	0.000234
9803107	0.000234
204087	0.000233
206049	0.000233
9705037	0.000233
9705029	0.000233
103229	0.000233
101215	0.000233
9906069	0.000233
12165	0.000233
9704029	0.000233
10243	0.000233
9406193	0.000232
202129	0.000232
209003	0.000232
9606165	0.000232
9310183	0.000232
101103	0.000232
9710241	0.000232
109215	0.000232
4177	0.000232
9809135	0.000232
9708051	0.000232
9807153	0.000231
9510037	0.000231
9612095	0.000231
9903131	0.000231
9608131	0.000231
9505051	0.000231
9503187	0.000231
9210117	0.000231
9310055	0.000231
9909095	0.000231
9911093	0.000231
112043	0.000231
9811105	0.000231
105035	0.000231
9611039	0.000231
9705189	0.000231
6119	0.000230
9808055	0.000230
9509035	0.000230
8105	0.000230
9402037	0.000230
9809089	0.000230
9405079	0.000230
9804021	0.000230
301239	0.000230
9709193	0.000230
9609131	0.000230
9912223	0.000230
4203	0.000230
9606143	0.000229
9603195	0.000229
9705045	0.000229
9705139	0.000229
9910145	0.000229
9512155	0.000229
203149	0.000229
111273	0.000229
9608195	0.000229
202187	0.000229
9701179	0.000229
104079	0.000228
6041	0.000228
5133	0.000228
9710245	0.000228
9804025	0.000228
9409009	0.000228
9706031	0.000228
9812049	0.000228
9206063	0.000228
5007	0.000227
102067	0.000227
9602069	0.000227
7145	0.000227
9609037	0.000227
9811195	0.000227
9610087	0.000227
9702039	0.000227
9910049	0.000227
9702063	0.000226
9907003	0.000226
208165	0.000226
9808031	0.000226
9810125	0.000226
9308097	0.000226
9303001	0.000226
9706095	0.000226
9710135	0.000226
102121	0.000226
304073	0.000226
12033	0.000226
108229	0.000225
9304015	0.000225
4125	0.000225
9505101	0.000225
9505033	0.000225
9711083	0.000225
9603031	0.000225
102079	0.000225
12121	0.000225
9809149	0.000224
9710095	0.000224
201109	0.000224
9304061	0.000224
3171	0.000224
9212155	0.000224
9909037	0.000224
9412061	0.000224
9512209	0.000224
9612119	0.000224
9908181	0.000224
109077	0.000223
9610237	0.000223
212183	0.000223
209201	0.000223
9704041	0.000223
9404171	0.000223
9407089	0.000223
9506135	0.000223
9405049	0.000222
209065	0.000222
9223	0.000222
9812035	0.000222
4009	0.000222
206045	0.000222
9708085	0.000222
9610085	0.000221
9705225	0.000221
9406055	0.000221
208097	0.000221
9405087	0.000221
9402015	0.000221
9912233	0.000220
202201	0.000220
9404037	0.000220
9502059	0.000220
9411047	0.000220
9808131	0.000220
103155	0.000220
9602083	0.000220
9611101	0.000220
4165	0.000220
9812127	0.000220
106209	0.000220
9709081	0.000219
9408127	0.000219
302097	0.000219
9904197	0.000219
9502037	0.000219
9809215	0.000219
9803223	0.000219
9909023	0.000219
9711075	0.000219
9205087	0.000219
101001	0.000219
9601123	0.000219
9611125	0.000219
9405121	0.000219
9406199	0.000219
106281	0.000218
9187	0.000218
9412159	0.000218
2233	0.000218
205063	0.000218
204171	0.000218
9809111	0.000218
105049	0.000218
211195	0.000217
212003	0.000217
103071	0.000217
9247	0.000217
9501105	0.000217
1027	0.000217
9812203	0.000217
9705229	0.000217
102051	0.000216
9412241	0.000216
301211	0.000216
304037	0.000216
9906023	0.000216
9707099	0.000216
107083	0.000216
9609071	0.000216
108025	0.000216
102161	0.000216
9510155	0.000216
9510055	0.000216
111059	0.000216
9505127	0.000215
201243	0.000215
9204057	0.000215
9907177	0.000215
202069	0.000215
110287	0.000215
9403171	0.000215
9604003	0.000215
2007	0.000215
9708033	0.000215
105255	0.000215
107143	0.000215
9410113	0.000215
9505025	0.000215
9705021	0.000215
202003	0.000214
9706097	0.000214
9904003	0.000214
9507137	0.000214
9211007	0.000214
9310137	0.000214
201071	0.000214
9310185	0.000214
9511209	0.000214
105117	0.000214
9909089	0.000214
9408155	0.000214
9907107	0.000213
9911169	0.000213
208005	0.000213
9609095	0.000213
2009	0.000213
104035	0.000213
9211141	0.000213
9195	0.000213
104029	0.000213
11009	0.000213
9507017	0.000213
11217	0.000213
9704137	0.000213
2193	0.000213
206243	0.000212
9612225	0.000212
209085	0.000212
9407117	0.000212
9603159	0.000212
9508043	0.000212
9507143	0.000212
9903091	0.000212
9710141	0.000211
9805013	0.000211
9808039	0.000211
107075	0.000211
9809017	0.000211
9406059	0.000211
9504065	0.000211
9807029	0.000211
209067	0.000211
9509149	0.000211
202137	0.000211
9805083	0.000210
9202013	0.000210
9601173	0.000210
9905005	0.000210
9912151	0.000210
9302115	0.000210
201079	0.000210
2251	0.000210
7181	0.000209
9909041	0.000209
9901079	0.000209
9811045	0.000209
9702035	0.000209
9601069	0.000209
112177	0.000208
206175	0.000208
9703131	0.000208
109019	0.000208
9706069	0.000208
9704169	0.000208
9511037	0.000208
9707101	0.000208
9704065	0.000208
105311	0.000208
9804055	0.000207
9610031	0.000207
204103	0.000207
9703129	0.000207
303075	0.000207
9806111	0.000207
105091	0.000207
9705167	0.000207
9409185	0.000206
9810073	0.000206
9706107	0.000206
2019	0.000206
9709071	0.000206
103061	0.000206
112175	0.000206
203191	0.000206
111051	0.000206
9909129	0.000206
9306163	0.000206
205077	0.000206
209265	0.000205
201025	0.000205
9808041	0.000205
9906049	0.000205
9503005	0.000205
10047	0.000205
9501065	0.000205
109053	0.000205
9704171	0.000205
204079	0.000205
11019	0.000205
12093	0.000204
9911081	0.000204
9703189	0.000204
9306077	0.000204
204261	0.000204
112019	0.000204
9412033	0.000204
9511077	0.000204
201005	0.000203
9410045	0.000203
9605035	0.000203
211065	0.000203
111281	0.000203
112009	0.000203
9603157	0.000203
9712071	0.000203
9806021	0.000203
9705147	0.000203
112227	0.000203
212223	0.000203
9710103	0.000202
9911209	0.000202
205201	0.000202
9910133	0.000202
6003	0.000202
9912089	0.000202
202189	0.000202
1047	0.000202
9609217	0.000202
9803133	0.000202
212077	0.000202
301227	0.000202
110109	0.000202
9706217	0.000202
9406021	0.000202
9909193	0.000202
9601007	0.000201
9506079	0.000201
109029	0.000201
9511153	0.000201
6215	0.000201
9706191	0.000201
9507159	0.000201
9206021	0.000201
9903101	0.000201
106105	0.000201
9804133	0.000201
9407047	0.000200
205087	0.000200
9611133	0.000200
9803071	0.000200
9603049	0.000200
9809001	0.000200
9708003	0.000200
9706197	0.000200
9803239	0.000200
201011	0.000200
9507061	0.000200
206097	0.000200
9811211	0.000200
9302003	0.000199
9410147	0.000199
9803263	0.000199
209129	0.000199
9502045	0.000199
9512011	0.000199
9607167	0.000199
9407161	0.000199
9508177	0.000199
9701005	0.000199
9055	0.000198
2145	0.000198
9710223	0.000198
209025	0.000198
9605115	0.000198
9307031	0.000198
9807019	0.000198
9601077	0.000198
9021	0.000197
9902149	0.000197
111211	0.000197
9911135	0.000197
9709139	0.000197
9807199	0.000197
9312127	0.000197
204149	0.000197
9412073	0.000197
9811075	0.000197
9508165	0.000197
9508021	0.000196
9610151	0.000196
9803081	0.000196
9809021	0.000196
10103	0.000196
9107	0.000196
9909199	0.000196
12005	0.000196
101199	0.000196
9807031	0.000195
9807163	0.000195
9910237	0.000195
9911043	0.000195
103029	0.000195
9606175	0.000195
201059	0.000195
112081	0.000195
9203065	0.000195
9803229	0.000195
8003	0.000195
9608091	0.000194
9512125	0.000194
9903251	0.000194
209023	0.000194
9604133	0.000194
204187	0.000194
211055	0.000194
9702077	0.000194
9408071	0.000194
9311021	0.000194
101075	0.000194
105041	0.000193
9610251	0.000193
9602173	0.000193
104153	0.000193
9712059	0.000193
2247	0.000193
9811003	0.000193
9708099	0.000193
9310193	0.000193
109055	0.000193
9910207	0.000193
9701123	0.000193
304195	0.000193
204053	0.000193
9408031	0.000193
9704055	0.000193
107153	0.000193
9202037	0.000193
9901155	0.000192
1127	0.000192
9602113	0.000192
5277	0.000192
110071	0.000192
9912263	0.000192
9907111	0.000192
106141	0.000192
5151	0.000192
9805001	0.000192
9703139	0.000192
206215	0.000192
9511047	0.000192
9806141	0.000192
9506005	0.000192
9705239	0.000192
9210009	0.000192
9302051	0.000192
302063	0.000192
9304067	0.000192
9702105	0.000192
9710005	0.000192
106189	0.000192
9710085	0.000192
205003	0.000191
212105	0.000191
9903133	0.000191
9706187	0.000191
9611071	0.000191
9508047	0.000191
106125	0.000191
9609043	0.000191
9709097	0.000190
202087	0.000190
207003	0.000190
9710161	0.000190
9409179	0.000190
9811233	0.000190
7205	0.000190
9408103	0.000190
9812047	0.000190
9903095	0.000190
9401099	0.000190
6137	0.000190
9510221	0.000190
9209075	0.000189
9710065	0.000189
9807025	0.000189
9907103	0.000189
9809189	0.000189
9901051	0.000189
112195	0.000189
9907063	0.000188
9512065	0.000188
9406089	0.000188
9301125	0.000188
304087	0.000188
6107	0.000188
9402119	0.000188
9410041	0.000188
9506057	0.000188
9801205	0.000188
9207009	0.000188
9609061	0.000188
111287	0.000187
103075	0.000187
9410099	0.000187
9312175	0.000187
111069	0.000187
9707217	0.000187
5061	0.000187
9907113	0.000187
9309007	0.000187
9408121	0.000187
9406207	0.000187
9610055	0.000187
112257	0.000187
12067	0.000187
102175	0.000187
1159	0.000187
9911213	0.000187
9706061	0.000186
9711115	0.000186
9607071	0.000186
9707037	0.000186
9808101	0.000186
205067	0.000186
101097	0.000186
108151	0.000186
112055	0.000186
107191	0.000186
9410053	0.000186
9507169	0.000186
9610105	0.000186
10187	0.000186
206005	0.000186
9307071	0.000186
208127	0.000185
9407179	0.000185
6189	0.000185
2067	0.000185
9708025	0.000185
9910123	0.000185
9808067	0.000185
9309045	0.000185
104009	0.000185
207273	0.000185
104043	0.000185
203003	0.000185
108101	0.000185
104039	0.000185
6169	0.000184
111159	0.000184
9203025	0.000184
9905037	0.000184
9503097	0.000184
9712099	0.000184
211029	0.000184
301085	0.000184
5227	0.000184
5047	0.000184
9702015	0.000183
9812037	0.000183
9502113	0.000183
9602111	0.000183
210109	0.000183
106047	0.000183
104139	0.000183
9404077	0.000183
9812105	0.000183
9307013	0.000183
101151	0.000183
9191	0.000183
9905079	0.000183
9909011	0.000183
9712047	0.000182
9806127	0.000182
108153	0.000182
2023	0.000182
104133	0.000182
9810165	0.000182
9501069	0.000182
201215	0.000182
9709227	0.000182
9807157	0.000182
7165	0.000182
9912171	0.000181
210269	0.000181
9810105	0.000181
110113	0.000181
9408039	0.000181
5065	0.000181
209187	0.000181
9111	0.000181
8125	0.000181
4083	0.000181
304269	0.000181
9611063	0.000181
9404109	0.000181
304105	0.000181
9605043	0.000181
107259	0.000181
9608059	0.000181
9909017	0.000181
3067	0.000180
9410115	0.000180
9203059	0.000180
9809167	0.000180
9810055	0.000180
9707179	0.000180
3271	0.000180
1213	0.000180
3093	0.000180
304051	0.000180
212255	0.000179
106029	0.000179
108231	0.000179
7177	0.000179
9412117	0.000179
6011	0.000179
104057	0.000179
107043	0.000179
9412069	0.000179
9712133	0.000179
9907095	0.000179
9707141	0.000179
210005	0.000179
104241	0.000179
107035	0.000179
302137	0.000178
9604021	0.000178
9707061	0.000178
204201	0.000178
209001	0.000178
103055	0.000178
9809101	0.000178
9407111	0.000178
9707143	0.000178
9709035	0.000178
9803085	0.000178
9204065	0.000178
9702081	0.000178
9506027	0.000178
9606015	0.000178
9708135	0.000177
9605193	0.000177
9406139	0.000177
9208031	0.000177
106241	0.000177
9305007	0.000177
9806209	0.000177
9711003	0.000177
9605213	0.000177
9403089	0.000177
110225	0.000177
211259	0.000177
211129	0.000177
201263	0.000177
9047	0.000176
9505043	0.000176
9510013	0.000176
9406209	0.000176
110057	0.000176
9606177	0.000176
4005	0.000176
9509143	0.000176
201223	0.000176
9711013	0.000176
208187	0.000176
9810189	0.000175
9211119	0.000175
208105	0.000175
110115	0.000175
210213	0.000175
9702203	0.000175
9610081	0.000175
102201	0.000175
9909065	0.000175
106061	0.000175
9510167	0.000175
9310187	0.000175
9903121	0.000174
108115	0.000174
205307	0.000174
9909019	0.000174
9701169	0.000174
9812005	0.000174
9912007	0.000174
9207091	0.000174
10119	0.000174
9601035	0.000174
9705103	0.000174
9906159	0.000174
106071	0.000174
204145	0.000174
102149	0.000173
208183	0.000173
9512215	0.000173
9406217	0.000173
107123	0.000173
105187	0.000173
9602109	0.000173
11141	0.000173
9512179	0.000173
9205059	0.000173
9606195	0.000173
9608043	0.000173
9307147	0.000173
9607011	0.000173
108165	0.000173
111091	0.000173
9211083	0.000173
9608089	0.000173
9910055	0.000173
9302061	0.000172
205103	0.000172
9705201	0.000172
207111	0.000172
9901163	0.000172
9501015	0.000172
9505111	0.000172
9905081	0.000172
9803039	0.000172
106103	0.000172
104089	0.000172
9602005	0.000172
9704185	0.000172
9203057	0.000172
204033	0.000172
9808071	0.000172
105089	0.000172
9906045	0.000172
9711159	0.000172
105307	0.000172
102099	0.000172
9512175	0.000171
9803249	0.000171
3177	0.000171
9404105	0.000171
9805217	0.000171
9904037	0.000171
110215	0.000171
9807077	0.000171
209057	0.000171
206075	0.000171
9207015	0.000171
9611171	0.000170
9409041	0.000170
9705193	0.000170
9612029	0.000170
9612069	0.000170
9811021	0.000170
9153	0.000170
9809061	0.000170
9502109	0.000170
201185	0.000170
9505171	0.000170
5255	0.000170
104015	0.000170
9811057	0.000170
209017	0.000170
9901069	0.000170
7001	0.000170
9901023	0.000170
9902183	0.000169
210035	0.000169
9811157	0.000169
9603143	0.000169
9605233	0.000169
9508159	0.000169
107193	0.000169
9610149	0.000169
206057	0.000169
9603017	0.000169
9503061	0.000169
5017	0.000169
9509061	0.000169
105179	0.000169
6069	0.000169
9909039	0.000169
9904203	0.000169
9705049	0.000169
9910205	0.000169
9404011	0.000169
12131	0.000169
9710227	0.000169
101107	0.000169
2197	0.000169
110101	0.000169
102097	0.000168
205089	0.000168
9609205	0.000168
9512177	0.000168
302199	0.000168
9506061	0.000168
9211015	0.000168
2209	0.000168
9605209	0.000168
9309027	0.000167
9307099	0.000167
9404019	0.000167
9603015	0.000167
112193	0.000167
9804123	0.000167
9907099	0.000167
9705205	0.000167
9811189	0.000167
9907159	0.000167
9502141	0.000167
103219	0.000167
207283	0.000167
9305079	0.000167
105223	0.000166
9609075	0.000166
9912269	0.000166
110107	0.000166
9403189	0.000166
11263	0.000166
2191	0.000166
9612231	0.000166
9301093	0.000166
302013	0.000166
205237	0.000166
107151	0.000166
9503181	0.000166
9412161	0.000166
303021	0.000166
9506089	0.000166
12117	0.000166
202083	0.000166
9801101	0.000166
111151	0.000166
9807109	0.000166
109161	0.000166
9902079	0.000166
9902211	0.000166
9703071	0.000165
9604181	0.000165
205149	0.000165
9703065	0.000165
9806069	0.000165
9611041	0.000165
9809165	0.000165
9208013	0.000165
9607165	0.000165
9607143	0.000165
303095	0.000165
9703163	0.000165
9910159	0.000165
9302071	0.000165
301173	0.000165
103077	0.000165
301119	0.000165
9512187	0.000165
9801157	0.000164
203261	0.000164
9602031	0.000164
211199	0.000164
9604189	0.000164
9710053	0.000164
9804101	0.000164
9606135	0.000164
9804051	0.000164
9612025	0.000164
207041	0.000164
9803117	0.000164
112027	0.000164
3135	0.000164
9609045	0.000164
102195	0.000164
9197	0.000164
206241	0.000163
110201	0.000163
9511159	0.000163
9806037	0.000163
210029	0.000163
9804039	0.000163
3119	0.000163
9906191	0.000163
210167	0.000163
9911031	0.000163
106233	0.000163
9906143	0.000163
9602165	0.000163
9512211	0.000163
9503009	0.000163
9512047	0.000163
6085	0.000163
9504139	0.000162
9703117	0.000162
9207065	0.000162
9501081	0.000162
302159	0.000162
212091	0.000162
9806027	0.000162
9805047	0.000162
9911211	0.000162
3137	0.000162
201147	0.000162
2107	0.000162
103255	0.000162
201091	0.000162
9506007	0.000162
9404175	0.000162
9406183	0.000162
301233	0.000162
9810071	0.000162
9609069	0.000162
9804013	0.000162
9308151	0.000162
110241	0.000161
111055	0.000161
107089	0.000161
9802133	0.000161
205273	0.000161
9508039	0.000161
9411041	0.000161
9502075	0.000161
9707091	0.000161
210083	0.000161
7083	0.000161
9605181	0.000161
9404057	0.000161
9811199	0.000161
9405133	0.000161
9306107	0.000161
109043	0.000160
9405055	0.000160
12189	0.000160
9704115	0.000160
107117	0.000160
9706195	0.000160
10165	0.000160
9803251	0.000160
9502157	0.000160
106167	0.000160
9503127	0.000160
9605087	0.000160
9307139	0.000160
9611083	0.000160
103099	0.000160
9911249	0.000159
103101	0.000159
103175	0.000159
9904171	0.000159
210089	0.000159
111215	0.000159
9710233	0.000159
9604007	0.000159
9701155	0.000159
9508003	0.000159
9611027	0.000159
9137	0.000159
9812133	0.000159
9704197	0.000159
9812237	0.000159
9705109	0.000159
9604013	0.000159
9408005	0.000158
9912003	0.000158
9505009	0.000158
106075	0.000158
9311115	0.000158
9801039	0.000158
7131	0.000158
9504021	0.000158
9809211	0.000158
5273	0.000158
9408109	0.000158
9609053	0.000158
9808087	0.000158
3297	0.000158
9909103	0.000158
103033	0.000158
4181	0.000158
9607045	0.000158
9707069	0.000158
202153	0.000157
9706063	0.000157
9609203	0.000157
9501037	0.000157
9607149	0.000157
9912111	0.000157
9607113	0.000157
110089	0.000157
9407033	0.000157
110149	0.000157
9710217	0.000157
9406033	0.000157
9403197	0.000157
9602095	0.000157
9411221	0.000157
9411183	0.000157
9912177	0.000156
9501035	0.000156
301235	0.000156
102211	0.000156
9307001	0.000156
9304133	0.000156
9407177	0.000156
9607225	0.000156
9906181	0.000156
9612203	0.000156
210017	0.000156
9212141	0.000156
9508079	0.000156
9805117	0.000156
210111	0.000156
201103	0.000156
9203077	0.000156
9605075	0.000156
9312115	0.000155
9904077	0.000155
9808025	0.000155
9209063	0.000155
9905007	0.000155
1055	0.000155
208065	0.000155
3281	0.000155
9701099	0.000155
9605107	0.000155
9057	0.000155
9902057	0.000155
9501145	0.000155
9910001	0.000155
9502147	0.000155
101157	0.000155
9612207	0.000155
9603021	0.000155
9804135	0.000155
9510041	0.000154
105127	0.000154
102123	0.000154
9712053	0.000154
9304149	0.000154
9810243	0.000154
9404159	0.000154
211057	0.000154
9903259	0.000154
112167	0.000154
9407125	0.000154
9803027	0.000154
202207	0.000154
203163	0.000154
9911117	0.000154
110153	0.000154
9811047	0.000154
112117	0.000154
9512121	0.000154
9903037	0.000154
9509071	0.000154
9712201	0.000154
9806085	0.000154
201045	0.000153
9810219	0.000153
9411153	0.000153
9307123	0.000153
9510207	0.000153
9411125	0.000153
11191	0.000153
12105	0.000153
106275	0.000153
206033	0.000153
206141	0.000153
202067	0.000153
9208037	0.000153
9701003	0.000153
9811121	0.000153
105069	0.000153
9912107	0.000153
212237	0.000153
9211029	0.000153
9904157	0.000153
9906189	0.000153
206013	0.000152
302221	0.000152
108135	0.000152
9801073	0.000152
9911023	0.000152
7073	0.000152
9911221	0.000152
106191	0.000152
206153	0.000152
9711055	0.000152
9506145	0.000152
9812197	0.000152
9212135	0.000152
9607055	0.000152
9612087	0.000152
9503193	0.000152
9211	0.000152
9708097	0.000152
9105	0.000152
203005	0.000152
101087	0.000152
301137	0.000152
9408091	0.000152
9507113	0.000151
9512087	0.000151
9808005	0.000151
9312121	0.000151
9309119	0.000151
9911215	0.000151
3073	0.000151
2063	0.000151
9901089	0.000151
102153	0.000151
9402093	0.000151
6203	0.000151
1209	0.000151
9708013	0.000151
9806077	0.000151
9210149	0.000151
9406195	0.000151
9711203	0.000151
203245	0.000151
9905017	0.000151
9205009	0.000151
304003	0.000151
9905217	0.000151
9602057	0.000151
9901137	0.000151
9506075	0.000150
9412055	0.000150
9902153	0.000150
201235	0.000150
9712161	0.000150
9511171	0.000150
9809031	0.000150
203257	0.000150
304135	0.000150
9809169	0.000150
9811145	0.000150
9207097	0.000150
9904141	0.000150
9904121	0.000150
112051	0.000150
9902037	0.000150
9404067	0.000150
9602085	0.000150
9803171	0.000150
9503041	0.000150
9512123	0.000150
107119	0.000150
9705003	0.000150
9505139	0.000149
9905043	0.000149
303017	0.000149
9807183	0.000149
9410141	0.000149
9606065	0.000149
9210045	0.000149
107207	0.000149
208217	0.000149
9910003	0.000149
209119	0.000149
9605005	0.000149
9304121	0.000149
9905135	0.000149
9605059	0.000149
9705019	0.000149
207191	0.000149
9403187	0.000149
9712109	0.000149
211071	0.000149
9806025	0.000149
103021	0.000149
9707005	0.000149
7103	0.000149
104047	0.000148
9512023	0.000148
9803013	0.000148
9199	0.000148
9605023	0.000148
9610181	0.000148
102179	0.000148
9302119	0.000148
9807169	0.000148
9305069	0.000148
9511129	0.000148
9511013	0.000148
107147	0.000148
303199	0.000148
9711099	0.000148
2093	0.000148
9805163	0.000148
9802063	0.000148
108083	0.000147
103127	0.000147
9910065	0.000147
9506163	0.000147
210125	0.000147
102135	0.000147
9405159	0.000147
9910181	0.000147
202205	0.000147
9805203	0.000147
2017	0.000147
9401115	0.000147
9702191	0.000147
112221	0.000147
4077	0.000147
212341	0.000147
301033	0.000147
9808189	0.000147
9705113	0.000147
110047	0.000147
9505069	0.000147
9208055	0.000147
6057	0.000147
9310035	0.000147
9306101	0.000147
9405003	0.000147
9307115	0.000147
9902151	0.000147
9812009	0.000147
9604085	0.000146
9908089	0.000146
9905167	0.000146
9605037	0.000146
9504015	0.000146
9712203	0.000146
9406131	0.000146
9912109	0.000146
9501023	0.000146
9805219	0.000146
9405153	0.000146
110221	0.000146
9902069	0.000146
9702143	0.000146
9904167	0.000146
105217	0.000146
9803155	0.000146
9403175	0.000146
9909221	0.000146
9601047	0.000146
9911061	0.000146
9605011	0.000146
105139	0.000146
9605041	0.000146
9604155	0.000146
202005	0.000146
205223	0.000146
104237	0.000146
9206043	0.000146
301023	0.000146
9504061	0.000146
9509159	0.000146
112049	0.000146
9208009	0.000146
9811111	0.000146
9407137	0.000146
9065	0.000146
9508137	0.000146
9611001	0.000146
9509015	0.000146
9701051	0.000146
9303077	0.000146
9912253	0.000146
9209031	0.000146
9606055	0.000146
9509045	0.000146
212289	0.000146
9403099	0.000146
9903011	0.000146
9410137	0.000146
9305099	0.000146
9907217	0.000146
9709133	0.000146
9802019	0.000146
9508149	0.000146
9610175	0.000146
9608179	0.000146
9406083	0.000146
9610165	0.000146
9509109	0.000146
9902209	0.000146
9306123	0.000146
2151	0.000146
9501007	0.000146
9910025	0.000146
9501085	0.000146
9904193	0.000146
9812199	0.000146
3253	0.000146
9311019	0.000146
9907221	0.000146
9610109	0.000146
5279	0.000146
5281	0.000146
9608009	0.000146
6029	0.000146
6105	0.000146
9308145	0.000146
9901007	0.000146
9610145	0.000146
8043	0.000146
9306065	0.000146
9508087	0.000146
10013	0.000146
9711173	0.000146
9707077	0.000146
9304101	0.000146
9210103	0.000146
9607119	0.000146
8025	0.000146
9402121	0.000146
9609193	0.000146
9905113	0.000146
12177	0.000146
101053	0.000146
103043	0.000146
9410173	0.000146
9307051	0.000146
9312055	0.000146
9511025	0.000146
108067	0.000146
108159	0.000146
9510063	0.000146
108197	0.000146
109041	0.000146
9312111	0.000146
111075	0.000146
9410071	0.000146
9803121	0.000146
110197	0.000146
9807053	0.000146
203087	0.000146
9808001	0.000146
203067	0.000146
7199	0.000146
9404177	0.000146
210113	0.000146
210119	0.000146
210255	0.000146
102047	0.000146
9405041	0.000146
212149	0.000146
301019	0.000146
301109	0.000146
301181	0.000146
9907045	0.000146
9903185	0.000146
9604083	0.000146
303217	0.000146
304091	0.000146
9910085	0.000146
9201037	0.000146
9304109	0.000146
9306105	0.000146
9309121	0.000146
9304029	0.000146
9308009	0.000146
9204003	0.000146
9408021	0.000146
9408165	0.000146
9301087	0.000146
9411059	0.000146
9411237	0.000146
9412043	0.000146
9501125	0.000146
9503067	0.000146
9504041	0.000146
9501041	0.000146
9507123	0.000146
9510237	0.000146
9601155	0.000146
9405123	0.000146
9609189	0.000146
9609207	0.000146
9611089	0.000146
9612169	0.000146
9701079	0.000146
9702085	0.000146
9704091	0.000146
9705119	0.000146
9708047	0.000146
9804189	0.000146
9809191	0.000146
9812181	0.000146
9901127	0.000146
9904205	0.000146
9808113	0.000146
9812233	0.000146
9502051	0.000146
9701029	0.000146
9404001	0.000146
9404119	0.000146
9411109	0.000146
111157	0.000146
9311173	0.000146
9210133	0.000146
211045	0.000146
211179	0.000146
302133	0.000146
9403007	0.000146
9405131	0.000146
9411215	0.000146
9909045	0.000146
9710109	0.000146
9708165	0.000146
9804169	0.000146
211145	0.000146
211279	0.000146
9310163	0.000146
9404123	0.000146
9411141	0.000146
9509089	0.000146
9710003	0.000146
9908195	0.000146
202105	0.000146
203275	0.000146
202113	0.000146
9302117	0.000146
7075	0.000146
9710047	0.000146
9510193	0.000146
9402023	0.000146
9905115	0.000146
211277	0.000146
203027	0.000146
106211	0.000146
211009	0.000146
304187	0.000145
210275	0.000145
304221	0.000145
7185	0.000145
9302049	0.000145
9710171	0.000145
10143	0.000145
9410095	0.000145
9812093	0.000145
9510173	0.000145
208023	0.000145
9909081	0.000145
101027	0.000145
9708119	0.000145
12049	0.000144
9904021	0.000144
1049	0.000144
110039	0.000144
9611105	0.000144
9502073	0.000144
9404059	0.000144
9207049	0.000144
9906219	0.000144
4185	0.000144
12011	0.000144
204245	0.000144
9501059	0.000144
10109	0.000144
9912187	0.000144
9607177	0.000144
9804009	0.000143
210059	0.000143
9610039	0.000143
9505083	0.000143
105283	0.000143
9712185	0.000143
9901021	0.000143
9710239	0.000143
9605231	0.000143
9409093	0.000143
112219	0.000143
9902095	0.000143
9906007	0.000143
108245	0.000143
9709209	0.000143
9707245	0.000143
9812239	0.000142
9607065	0.000142
9412053	0.000142
9911037	0.000142
211287	0.000142
9601167	0.000142
209237	0.000142
2027	0.000142
9805207	0.000142
302211	0.000142
9306049	0.000142
9502129	0.000141
9905095	0.000141
9807017	0.000141
9905077	0.000141
9412135	0.000141
9603071	0.000141
304267	0.000141
9810057	0.000141
9707075	0.000141
9808047	0.000141
9612223	0.000141
9506137	0.000141
9307145	0.000141
9701059	0.000141
3231	0.000140
103197	0.000140
9502041	0.000140
212079	0.000140
9605131	0.000140
9512089	0.000140
9912229	0.000140
9812051	0.000139
9607147	0.000139
9408035	0.000139
6099	0.000139
9502015	0.000139
108157	0.000139
301099	0.000139
9412157	0.000139
9101	0.000139
9311177	0.000139
9610163	0.000139
8041	0.000139
4131	0.000139
206047	0.000139
2121	0.000139
9601147	0.000138
9303103	0.000138
8031	0.000138
9912061	0.000138
10023	0.000138
9607185	0.000138
102159	0.000138
9710121	0.000138
9304081	0.000138
9905035	0.000138
11215	0.000138
9511063	0.000138
9802069	0.000138
204123	0.000138
6019	0.000138
9311047	0.000138
112029	0.000137
9210091	0.000137
110191	0.000137
9907015	0.000137
9703147	0.000137
112057	0.000137
109147	0.000137
109127	0.000137
9605029	0.000137
9027	0.000137
106079	0.000137
9512189	0.000137
9710019	0.000137
9812063	0.000137
9602009	0.000137
202101	0.000137
9805041	0.000136
9412179	0.000136
203039	0.000136
9801165	0.000136
11053	0.000136
212147	0.000136
201093	0.000136
9711067	0.000136
210207	0.000136
9911227	0.000136
9906075	0.000136
9904189	0.000136
9512043	0.000136
9608053	0.000136
102069	0.000136
9706171	0.000136
301055	0.000136
3065	0.000135
9802163	0.000135
8071	0.000135
9507077	0.000135
9211061	0.000135
9610195	0.000135
112059	0.000135
9908081	0.000135
9907101	0.000135
9511045	0.000135
9305045	0.000135
9902199	0.000135
10069	0.000135
9912023	0.000135
9607043	0.000135
9711179	0.000135
9401075	0.000134
9507009	0.000134
9604011	0.000134
302173	0.000134
9904201	0.000134
9203033	0.000134
6131	0.000134
9709137	0.000134
205221	0.000134
9801133	0.000134
105321	0.000134
9701097	0.000134
211143	0.000133
105161	0.000133
102061	0.000133
9603123	0.000133
9711007	0.000133
9509175	0.000133
9610029	0.000133
208109	0.000133
8109	0.000133
9510217	0.000133
9803179	0.000133
202033	0.000133
9406215	0.000133
207207	0.000133
9905137	0.000133
9803243	0.000132
9705009	0.000132
111097	0.000132
201183	0.000132
9803127	0.000132
9909073	0.000132
9806011	0.000132
209029	0.000132
9807111	0.000132
4141	0.000132
203187	0.000132
9810195	0.000132
210209	0.000132
203241	0.000132
304125	0.000132
9709165	0.000132
5005	0.000132
9309087	0.000132
12137	0.000131
9511203	0.000131
9406155	0.000131
8209	0.000131
201139	0.000131
9905075	0.000131
9908161	0.000131
9802073	0.000131
9805067	0.000131
9705099	0.000131
3031	0.000131
9601151	0.000131
9808133	0.000131
112047	0.000131
9901053	0.000131
9410091	0.000131
9702099	0.000131
9707153	0.000130
9811025	0.000130
9411087	0.000130
9910143	0.000130
9704195	0.000130
9908175	0.000130
9802033	0.000130
9905105	0.000130
9812211	0.000130
9511061	0.000130
205159	0.000130
9708065	0.000130
105063	0.000130
10179	0.000130
108013	0.000130
9801047	0.000130
101201	0.000130
110117	0.000129
9910263	0.000129
9805051	0.000129
104111	0.000129
201173	0.000129
3159	0.000129
104239	0.000129
1097	0.000129
9905001	0.000129
9310181	0.000129
9305005	0.000129
110209	0.000129
108161	0.000129
9303027	0.000129
9403019	0.000129
111093	0.000129
110099	0.000129
208175	0.000129
9239	0.000129
110265	0.000129
11023	0.000129
9606117	0.000128
9609237	0.000128
9607229	0.000128
9504127	0.000128
9608125	0.000128
110123	0.000128
207017	0.000128
9905159	0.000128
9067	0.000128
9806155	0.000128
8029	0.000128
9212023	0.000128
9704023	0.000128
10101	0.000128
6179	0.000128
111239	0.000128
106129	0.000127
9410011	0.000127
105119	0.000127
9501019	0.000127
9304129	0.000127
4097	0.000127
104135	0.000127
9308001	0.000127
203017	0.000127
9512035	0.000127
7153	0.000127
303207	0.000127
9905173	0.000127
204167	0.000127
9512079	0.000127
3059	0.000127
105269	0.000126
104021	0.000126
8023	0.000126
9701175	0.000126
101233	0.000126
9911245	0.000126
4127	0.000126
9805123	0.000126
9606035	0.000126
105045	0.000126
9809045	0.000126
212291	0.000126
9704163	0.000126
9307085	0.000126
9511139	0.000126
9710097	0.000126
211241	0.000126
9707205	0.000126
9804095	0.000126
10241	0.000126
9701117	0.000126
9912123	0.000125
203093	0.000125
9804203	0.000125
4159	0.000125
9207	0.000125
9512117	0.000125
102035	0.000125
205311	0.000125
9212003	0.000125
104097	0.000125
9175	0.000125
9206077	0.000125
9407025	0.000125
9609107	0.000125
110049	0.000125
103159	0.000125
5189	0.000125
9704173	0.000125
11171	0.000125
102183	0.000125
9611165	0.000125
9711155	0.000125
105207	0.000125
9601033	0.000124
9310157	0.000124
9310073	0.000124
9605135	0.000124
9904183	0.000124
9507003	0.000124
5285	0.000124
9408067	0.000124
9905169	0.000124
9810117	0.000124
9808151	0.000124
9709025	0.000124
9906141	0.000124
9605145	0.000124
9911007	0.000124
9805181	0.000124
9708037	0.000123
9606101	0.000123
10151	0.000123
3227	0.000123
11037	0.000123
9508117	0.000123
201075	0.000123
12043	0.000123
9304155	0.000123
101041	0.000123
10061	0.000123
9802139	0.000123
9310197	0.000123
9701139	0.000123
209153	0.000123
9906223	0.000123
9202085	0.000123
9708049	0.000122
203239	0.000122
9903039	0.000122
6121	0.000122
9803063	0.000122
9712097	0.000122
9607141	0.000122
9903113	0.000122
9907025	0.000122
9309143	0.000122
202063	0.000122
112173	0.000122
9902173	0.000122
7089	0.000122
9701161	0.000122
9711093	0.000122
9710105	0.000121
110211	0.000121
9912281	0.000121
9604167	0.000121
9703209	0.000121
9212151	0.000121
9510093	0.000121
9909133	0.000121
207009	0.000121
303263	0.000121
104181	0.000121
9901009	0.000121
12041	0.000121
4073	0.000121
3261	0.000120
107149	0.000120
6191	0.000120
9812183	0.000120
110031	0.000120
9708157	0.000120
109133	0.000120
9408033	0.000120
4135	0.000120
9407195	0.000120
203267	0.000120
6081	0.000120
9707115	0.000120
212107	0.000120
9503155	0.000120
9801061	0.000120
9611117	0.000119
210289	0.000119
9205093	0.000119
209137	0.000119
211123	0.000119
4039	0.000119
9805179	0.000119
10065	0.000119
208123	0.000119
9612239	0.000119
9403193	0.000119
9007	0.000119
9904011	0.000119
9810129	0.000119
9812209	0.000119
5147	0.000119
9207117	0.000118
9911091	0.000118
9803173	0.000118
210127	0.000118
11235	0.000118
9708079	0.000118
9710243	0.000118
205079	0.000118
101135	0.000118
9606057	0.000118
9401061	0.000118
5123	0.000118
108007	0.000118
9707095	0.000118
9709001	0.000118
205277	0.000118
9706009	0.000118
9503149	0.000118
9806169	0.000118
10043	0.000118
11147	0.000118
9411051	0.000117
9202065	0.000117
9802041	0.000117
9802191	0.000117
9804157	0.000117
9705173	0.000117
9909201	0.000117
101179	0.000117
9303159	0.000117
9811087	0.000117
9907077	0.000117
208071	0.000117
9611019	0.000117
9811209	0.000117
206017	0.000117
9510103	0.000117
9810215	0.000116
211147	0.000116
12185	0.000116
304049	0.000116
5035	0.000116
9511073	0.000116
9708089	0.000116
210011	0.000116
301249	0.000116
209117	0.000116
9505023	0.000116
3249	0.000116
9708115	0.000116
9019	0.000116
205031	0.000116
9406069	0.000115
9708133	0.000115
9901093	0.000115
9812139	0.000115
9406063	0.000115
9812157	0.000115
104017	0.000115
9206003	0.000115
301217	0.000115
9411095	0.000115
9506139	0.000115
9707031	0.000115
9807123	0.000115
9712077	0.000115
9608157	0.000114
105159	0.000114
6113	0.000114
9908047	0.000114
2189	0.000114
9708081	0.000114
101073	0.000114
9710151	0.000114
203203	0.000114
9611077	0.000114
303173	0.000114
211027	0.000114
9901027	0.000113
9701107	0.000113
9911149	0.000113
212331	0.000113
9609181	0.000113
9206097	0.000113
11221	0.000113
112121	0.000113
9902097	0.000113
301229	0.000113
11085	0.000113
9302069	0.000113
3205	0.000113
109175	0.000113
9607239	0.000113
9410235	0.000112
9802055	0.000112
9405161	0.000112
302105	0.000112
9611195	0.000112
9505187	0.000112
211087	0.000112
101161	0.000112
105233	0.000112
4061	0.000112
9509171	0.000112
9803047	0.000112
304063	0.000112
9706017	0.000112
9401001	0.000112
206207	0.000112
9802091	0.000112
105111	0.000112
108097	0.000112
9504013	0.000111
9405093	0.000111
108149	0.000111
9510083	0.000111
9611215	0.000111
9912143	0.000111
205271	0.000111
9801049	0.000111
9511217	0.000111
9903183	0.000111
3199	0.000111
110289	0.000111
3063	0.000111
9912121	0.000111
9310177	0.000111
106175	0.000111
9906215	0.000110
211135	0.000110
9903103	0.000110
112073	0.000110
303069	0.000110
203023	0.000110
9301099	0.000110
9604025	0.000110
9702083	0.000110
4155	0.000110
108069	0.000110
9811229	0.000110
9712199	0.000110
5143	0.000110
9406027	0.000110
9607173	0.000110
1143	0.000110
204091	0.000110
12009	0.000110
9904129	0.000110
1109	0.000110
9911139	0.000109
9809005	0.000109
202055	0.000109
107015	0.000109
9911003	0.000109
201221	0.000109
9307037	0.000109
9505067	0.000109
9501097	0.000109
9903215	0.000109
12215	0.000109
211007	0.000109
9403183	0.000109
9705017	0.000109
9805173	0.000109
206181	0.000109
10127	0.000109
9707073	0.000109
9912283	0.000109
9806191	0.000109
202145	0.000109
106195	0.000109
1107	0.000109
206247	0.000108
9412119	0.000108
1007	0.000108
9610059	0.000108
211033	0.000108
112101	0.000108
206197	0.000108
208157	0.000108
9801085	0.000108
9810227	0.000108
9610077	0.000108
9309147	0.000108
9702079	0.000108
9512017	0.000108
9803103	0.000108
7063	0.000108
9811147	0.000108
1215	0.000107
9309065	0.000107
9908135	0.000107
9611145	0.000107
9704035	0.000107
10279	0.000107
9611103	0.000107
9807055	0.000107
110119	0.000107
7035	0.000107
211207	0.000107
2231	0.000107
9803233	0.000107
9607057	0.000107
9811083	0.000107
9404061	0.000107
9706059	0.000107
9712157	0.000107
10189	0.000107
103167	0.000106
9208053	0.000106
9610201	0.000106
9912083	0.000106
104205	0.000106
201023	0.000106
211141	0.000106
9910033	0.000106
206091	0.000106
9706047	0.000106
9712223	0.000106
9610005	0.000106
106177	0.000106
12079	0.000106
9605077	0.000106
106065	0.000106
9509017	0.000106
9063	0.000106
5253	0.000106
9703049	0.000105
9507005	0.000105
9808081	0.000105
9212027	0.000105
301209	0.000105
9610025	0.000105
203025	0.000105
202135	0.000105
9611011	0.000105
9901091	0.000105
9512061	0.000105
104085	0.000105
112137	0.000105
4027	0.000105
207027	0.000105
9229	0.000105
105075	0.000105
9906019	0.000105
105151	0.000105
9908123	0.000104
208141	0.000104
209219	0.000104
9907143	0.000104
9309133	0.000104
9802119	0.000104
9801083	0.000104
9905031	0.000104
9801175	0.000104
112197	0.000104
102063	0.000104
105101	0.000104
9602145	0.000104
9608055	0.000104
208215	0.000104
9804033	0.000104
105279	0.000104
110255	0.000104
9402047	0.000103
9909121	0.000103
9807151	0.000103
9903241	0.000103
301187	0.000103
9801115	0.000103
9806103	0.000103
10079	0.000103
9704095	0.000103
9712033	0.000103
9905215	0.000102
9704097	0.000102
9408097	0.000102
9511199	0.000102
9602033	0.000102
303039	0.000102
9308019	0.000102
9401167	0.000102
9083	0.000102
9605149	0.000102
9603045	0.000102
5187	0.000102
104071	0.000102
9602123	0.000102
9507105	0.000102
9907175	0.000102
9612237	0.000102
5021	0.000101
9305077	0.000101
9903059	0.000101
301189	0.000101
104081	0.000101
105001	0.000101
9304051	0.000101
9711145	0.000101
9311157	0.000101
9409107	0.000101
9404089	0.000101
205265	0.000101
8091	0.000101
6193	0.000101
9910185	0.000101
9906201	0.000101
9905117	0.000101
111015	0.000101
9310079	0.000101
4055	0.000100
12193	0.000100
9507087	0.000100
212151	0.000100
11075	0.000100
9612125	0.000100
9304055	0.000100
2213	0.000100
9601011	0.000100
9806163	0.000100
108225	0.000100
9608005	0.000100
105055	0.000099
9911057	0.000099
9707033	0.000099
9808153	0.000099
9605109	0.000099
9605223	0.000099
208003	0.000099
9808061	0.000099
9712193	0.000099
9601055	0.000099
9912227	0.000099
9907165	0.000099
9706189	0.000099
9704129	0.000099
9312003	0.000099
9407193	0.000099
9203061	0.000099
106253	0.000099
9905085	0.000099
7125	0.000099
9809141	0.000099
208111	0.000099
9510117	0.000098
201245	0.000098
9705053	0.000098
9802077	0.000098
9905127	0.000098
9511117	0.000098
211125	0.000098
9304135	0.000098
302213	0.000098
9906127	0.000098
5275	0.000098
9306043	0.000098
9605089	0.000098
9601073	0.000098
212145	0.000098
9509097	0.000098
9411061	0.000098
208227	0.000097
9912255	0.000097
9706087	0.000097
9608109	0.000097
304013	0.000097
9607041	0.000097
112005	0.000097
9507045	0.000097
9907109	0.000097
9510181	0.000097
108037	0.000097
9510213	0.000097
9509153	0.000097
110151	0.000097
9907201	0.000097
9609087	0.000097
112231	0.000097
9910251	0.000097
9810101	0.000097
3097	0.000097
9707139	0.000097
9809145	0.000097
9803093	0.000097
7013	0.000096
204229	0.000096
9905069	0.000096
9075	0.000096
9702053	0.000096
9710169	0.000096
9607117	0.000096
207171	0.000096
9806213	0.000096
9808187	0.000096
9809209	0.000096
9911153	0.000096
9910079	0.000096
302223	0.000096
9903135	0.000095
9710037	0.000095
204179	0.000095
101093	0.000095
9705077	0.000095
9410187	0.000095
9906221	0.000095
9804065	0.000095
211101	0.000095
2169	0.000095
9203069	0.000095
9604043	0.000095
104055	0.000095
9705237	0.000095
9508151	0.000095
12227	0.000095
9911119	0.000094
205205	0.000094
111187	0.000094
9910071	0.000094
201029	0.000094
9805023	0.000094
211025	0.000094
303135	0.000094
9612091	0.000094
9903007	0.000094
9804159	0.000094
9612049	0.000094
9608021	0.000094
9807227	0.000094
212279	0.000094
9903043	0.000094
5211	0.000094
9612181	0.000094
202191	0.000094
9608167	0.000094
9502053	0.000094
9209	0.000093
3061	0.000093
9604171	0.000093
9703095	0.000093
9803137	0.000093
9602087	0.000093
9403191	0.000093
9904131	0.000093
9508103	0.000093
209231	0.000093
9712189	0.000093
9904001	0.000093
10051	0.000093
9604141	0.000093
9901145	0.000093
12077	0.000093
9804089	0.000093
9803167	0.000093
3203	0.000093
103123	0.000093
9804041	0.000092
9605113	0.000092
9912169	0.000092
9703151	0.000092
9812067	0.000092
301095	0.000092
9602099	0.000092
9412065	0.000092
9601141	0.000092
9907203	0.000092
9603177	0.000092
9712017	0.000092
303233	0.000092
103147	0.000092
9909049	0.000092
9911079	0.000092
9904065	0.000092
203095	0.000092
9803115	0.000092
11159	0.000092
103249	0.000092
9701101	0.000092
6235	0.000092
9811107	0.000092
9503105	0.000092
9606003	0.000092
9902195	0.000092
209161	0.000092
9810059	0.000092
9710199	0.000092
9810123	0.000092
3121	0.000092
9902181	0.000091
12085	0.000091
9808037	0.000091
9409037	0.000091
210187	0.000091
208029	0.000091
10207	0.000091
9702061	0.000091
9711089	0.000091
3299	0.000091
105079	0.000091
9302073	0.000091
9911193	0.000091
9405195	0.000091
9303105	0.000091
205155	0.000091
212031	0.000091
9904013	0.000091
9504157	0.000091
9510109	0.000091
9707041	0.000091
205015	0.000091
9504141	0.000091
9907219	0.000091
6047	0.000091
9806113	0.000091
9901087	0.000091
9504121	0.000091
9802043	0.000091
9706099	0.000091
9901003	0.000091
8211	0.000090
205147	0.000090
112145	0.000090
9303101	0.000090
9601009	0.000090
8033	0.000090
104227	0.000090
9407163	0.000090
3033	0.000090
9312169	0.000090
112079	0.000090
9712089	0.000090
9604087	0.000090
10251	0.000090
105175	0.000090
110069	0.000090
106273	0.000090
101153	0.000090
6043	0.000089
303247	0.000089
107233	0.000089
101225	0.000089
9904029	0.000089
9706179	0.000089
202041	0.000089
9602035	0.000089
204017	0.000089
9310019	0.000089
108123	0.000089
202121	0.000089
9706159	0.000089
9303109	0.000089
301253	0.000089
107053	0.000089
3099	0.000089
9712209	0.000089
9904139	0.000089
9602041	0.000089
9141	0.000089
9301045	0.000089
9606045	0.000089
6233	0.000089
9812025	0.000089
9909027	0.000089
10095	0.000089
301037	0.000089
9602071	0.000089
9401039	0.000089
9601101	0.000089
304271	0.000089
9403075	0.000089
109085	0.000089
9911137	0.000088
9809067	0.000088
203197	0.000088
9605051	0.000088
301147	0.000088
9305039	0.000088
9705095	0.000088
9405113	0.000088
9509053	0.000088
9704143	0.000088
107229	0.000088
9512203	0.000088
9612219	0.000088
1137	0.000088
9702195	0.000088
9212045	0.000088
201069	0.000088
9710101	0.000088
205173	0.000088
9409133	0.000088
107247	0.000088
9501073	0.000087
1037	0.000087
9706223	0.000087
204191	0.000087
1221	0.000087
9910109	0.000087
9602097	0.000087
9910131	0.000087
9505123	0.000087
1205	0.000087
9902125	0.000087
3133	0.000087
9709065	0.000087
9211041	0.000087
9608171	0.000087
9707261	0.000087
9707207	0.000087
9712087	0.000087
9904061	0.000087
9809035	0.000087
9510131	0.000087
9409157	0.000087
9205051	0.000087
9409119	0.000086
206239	0.000086
9504031	0.000086
9412237	0.000086
207145	0.000086
111227	0.000086
9402115	0.000086
11149	0.000086
2205	0.000086
9910139	0.000086
9411091	0.000086
9611153	0.000086
201219	0.000086
9610207	0.000086
11279	0.000086
302205	0.000086
9304063	0.000086
9401131	0.000086
201039	0.000086
303161	0.000086
9911035	0.000086
9901039	0.000086
9712195	0.000086
4091	0.000086
9701187	0.000086
5091	0.000085
212133	0.000085
107255	0.000085
9701015	0.000085
9802147	0.000085
207001	0.000085
9709101	0.000085
210075	0.000085
9807239	0.000085
9906083	0.000085
9025	0.000085
9802127	0.000085
110043	0.000085
105019	0.000085
7203	0.000085
9907157	0.000085
9911107	0.000085
9408053	0.000085
9508167	0.000085
9211107	0.000085
110295	0.000085
9811013	0.000085
2175	0.000085
105243	0.000085
211137	0.000085
302049	0.000084
9503095	0.000084
211149	0.000084
302027	0.000084
7065	0.000084
9305125	0.000084
105037	0.000084
303231	0.000084
9707003	0.000084
302143	0.000084
301255	0.000084
9708149	0.000084
207255	0.000084
107065	0.000084
103025	0.000084
205093	0.000084
112097	0.000084
205185	0.000084
9506041	0.000084
304211	0.000083
303221	0.000083
304111	0.000083
103199	0.000083
9612043	0.000083
9504113	0.000083
9404101	0.000083
9501135	0.000083
304045	0.000083
9608127	0.000083
7121	0.000083
9707119	0.000083
9707013	0.000083
105009	0.000083
9907057	0.000083
209059	0.000083
201015	0.000083
9507075	0.000083
302093	0.000083
104011	0.000083
9307079	0.000083
9707259	0.000083
4167	0.000083
2149	0.000083
9911095	0.000083
1161	0.000083
9911253	0.000083
1179	0.000083
3195	0.000083
9307159	0.000083
201145	0.000083
9306103	0.000083
9812229	0.000083
9401145	0.000082
206015	0.000082
204023	0.000082
202043	0.000082
9202001	0.000082
9093	0.000082
108169	0.000082
12091	0.000082
4011	0.000082
202025	0.000082
9304041	0.000082
9704215	0.000082
202171	0.000082
9904105	0.000082
202039	0.000082
9407185	0.000082
9904075	0.000082
9907079	0.000082
9308127	0.000082
9201011	0.000082
9243	0.000081
205047	0.000081
8245	0.000081
9404149	0.000081
207257	0.000081
9910105	0.000081
9901125	0.000081
2125	0.000081
9410209	0.000081
9702159	0.000081
109209	0.000081
9611237	0.000081
9510185	0.000081
9610125	0.000081
9306041	0.000081
9506031	0.000081
301237	0.000081
9401027	0.000081
9502155	0.000081
9810069	0.000081
112113	0.000081
201197	0.000081
304117	0.000081
110059	0.000081
211127	0.000081
9611123	0.000081
9803041	0.000081
9811251	0.000081
9505045	0.000081
9812021	0.000080
7119	0.000080
9905025	0.000080
111085	0.000080
208019	0.000080
9410233	0.000080
9909059	0.000080
207161	0.000080
9302121	0.000080
104033	0.000080
9705157	0.000080
9501111	0.000080
6027	0.000080
103237	0.000080
9802173	0.000080
9805091	0.000080
9902007	0.000080
201037	0.000080
9808073	0.000080
9911087	0.000079
9185	0.000079
9603099	0.000079
9707131	0.000079
9505003	0.000079
9404065	0.000079
212111	0.000079
9210069	0.000079
9907183	0.000079
9806243	0.000079
9909219	0.000079
9712125	0.000079
9912147	0.000079
9903163	0.000079
105291	0.000079
101109	0.000079
9605215	0.000079
301073	0.000079
7029	0.000079
9707191	0.000078
9703045	0.000078
1081	0.000078
211289	0.000078
9512135	0.000078
9910087	0.000078
10163	0.000078
9412023	0.000078
9709031	0.000078
210215	0.000078
9811149	0.000078
9409095	0.000078
110227	0.000078
10097	0.000078
9504093	0.000078
9804045	0.000078
9411235	0.000078
9411195	0.000078
9604147	0.000078
2087	0.000078
111279	0.000078
9308007	0.000078
302127	0.000078
9301047	0.000078
4145	0.000078
203249	0.000078
204027	0.000078
12095	0.000077
9605205	0.000077
3047	0.000077
9408081	0.000077
5265	0.000077
9603073	0.000077
9209045	0.000077
7197	0.000077
9602007	0.000077
9712015	0.000077
9712049	0.000077
9611115	0.000077
9812115	0.000077
9808097	0.000077
9135	0.000077
206139	0.000077
9805141	0.000077
3019	0.000077
107189	0.000077
4003	0.000077
9410165	0.000077
9705013	0.000077
110239	0.000077
9705223	0.000077
9408007	0.000077
9707097	0.000077
9511221	0.000077
108133	0.000077
9908163	0.000077
9712141	0.000077
9812235	0.000077
9605003	0.000077
207205	0.000077
9605111	0.000077
9089	0.000076
106019	0.000076
9169	0.000076
9702101	0.000076
9406045	0.000076
207117	0.000076
9701035	0.000076
9409195	0.000076
7157	0.000076
202073	0.000076
9709135	0.000076
301089	0.000076
9807189	0.000075
10221	0.000075
9209083	0.000075
1185	0.000075
9808175	0.000075
205191	0.000075
109063	0.000075
9707233	0.000075
9401081	0.000075
9606149	0.000075
9812017	0.000075
9211135	0.000075
9507109	0.000075
9708007	0.000075
9804139	0.000075
9404139	0.000075
9602119	0.000075
9410085	0.000075
102053	0.000074
9904027	0.000074
202193	0.000074
9303149	0.000074
9510011	0.000074
5169	0.000074
1131	0.000074
9812113	0.000074
9504017	0.000074
9906187	0.000074
9912119	0.000074
9209105	0.000074
9902031	0.000074
9902147	0.000074
9404185	0.000074
9301119	0.000074
105047	0.000074
9603191	0.000074
9408119	0.000074
5219	0.000074
9603069	0.000073
9602023	0.000073
101217	0.000073
9308131	0.000073
9807155	0.000073
9711117	0.000073
9607091	0.000073
3225	0.000073
9412079	0.000073
9609145	0.000073
9611057	0.000073
9911005	0.000073
9607017	0.000073
9907215	0.000073
303009	0.000073
108205	0.000073
111199	0.000073
9708103	0.000073
9709173	0.000073
9512057	0.000073
9801197	0.000073
12229	0.000073
207217	0.000073
9902039	0.000073
209147	0.000073
212285	0.000073
301113	0.000073
9212093	0.000073
9401141	0.000073
8017	0.000073
9904057	0.000073
9809151	0.000073
9410207	0.000073
9709083	0.000073
9910259	0.000073
9205001	0.000073
9510201	0.000073
5165	0.000073
202127	0.000073
9510021	0.000073
9608047	0.000073
9807217	0.000073
9201047	0.000073
9906071	0.000073
9205073	0.000073
111025	0.000073
204215	0.000072
304069	0.000072
9810187	0.000072
9301001	0.000072
9703111	0.000072
106155	0.000072
6211	0.000072
9710001	0.000072
9509101	0.000072
9503101	0.000072
206213	0.000072
9910083	0.000072
107183	0.000072
304023	0.000072
9910245	0.000072
9508025	0.000072
210239	0.000072
210025	0.000072
9807051	0.000072
103161	0.000072
9905161	0.000072
5101	0.000072
12071	0.000072
9902045	0.000072
9401083	0.000072
105093	0.000072
9710191	0.000072
9812213	0.000072
103165	0.000072
9810091	0.000072
109107	0.000072
6103	0.000071
212185	0.000071
210257	0.000071
7009	0.000071
102065	0.000071
11167	0.000071
9812081	0.000071
9311087	0.000071
9709033	0.000071
9812245	0.000071
208225	0.000071
7147	0.000071
9610053	0.000071
108023	0.000071
9910031	0.000071
9907017	0.000071
112253	0.000071
11255	0.000071
9412221	0.000071
9502017	0.000071
110171	0.000071
304025	0.000071
105225	0.000071
9406189	0.000071
9506071	0.000071
9901105	0.000071
110247	0.000071
210093	0.000071
4151	0.000071
12221	0.000071
9906151	0.000071
9807179	0.000070
9711057	0.000070
9801005	0.000070
9709121	0.000070
9704093	0.000070
9807097	0.000070
205025	0.000070
9401007	0.000070
7247	0.000070
9204075	0.000070
303203	0.000070
9802185	0.000070
9401161	0.000070
9801109	0.000070
9812117	0.000070
1029	0.000070
304139	0.000070
9611015	0.000070
203141	0.000070
207119	0.000070
109149	0.000070
9712029	0.000070
9712061	0.000070
203217	0.000070
10199	0.000070
3109	0.000069
9701055	0.000069
9911239	0.000069
3045	0.000069
106165	0.000069
106285	0.000069
205163	0.000069
9308057	0.000069
9410191	0.000069
6239	0.000069
9706105	0.000069
207177	0.000069
9165	0.000069
103079	0.000069
9407169	0.000069
9406127	0.000069
203169	0.000069
10117	0.000069
103183	0.000069
9810239	0.000069
9907125	0.000069
210173	0.000069
9405067	0.000069
105083	0.000068
9712025	0.000068
109081	0.000068
9206071	0.000068
101143	0.000068
9804011	0.000068
9809105	0.000068
9808003	0.000068
102009	0.000068
12171	0.000068
9908053	0.000068
107227	0.000068
205153	0.000068
9708159	0.000068
9711189	0.000068
9211011	0.000068
9121	0.000068
304131	0.000068
9508067	0.000068
11093	0.000068
9812169	0.000068
212193	0.000068
101177	0.000068
9703213	0.000068
9903143	0.000068
9801087	0.000068
205215	0.000068
9601027	0.000068
9705107	0.000068
304147	0.000068
206103	0.000068
304007	0.000067
207089	0.000067
5125	0.000067
9704191	0.000067
9509115	0.000067
11253	0.000067
9308073	0.000067
9811037	0.000067
5159	0.000067
9210099	0.000067
101113	0.000067
3285	0.000067
9301029	0.000067
9709169	0.000067
212023	0.000067
9905195	0.000067
9808057	0.000067
9803101	0.000067
9508059	0.000067
9802027	0.000067
9804061	0.000067
107037	0.000067
210007	0.000067
9510149	0.000067
9605079	0.000067
207279	0.000067
9809179	0.000067
9707195	0.000067
9707025	0.000066
9607019	0.000066
9809015	0.000066
9504115	0.000066
9609033	0.000066
203153	0.000066
210195	0.000066
9410117	0.000066
9703109	0.000066
9409011	0.000066
9905177	0.000066
9302091	0.000066
9503167	0.000066
9802189	0.000066
9810149	0.000066
9608189	0.000066
9212085	0.000066
9807215	0.000066
9801145	0.000066
9709015	0.000066
112063	0.000066
9501093	0.000066
210229	0.000066
210105	0.000066
11245	0.000066
9706199	0.000066
8127	0.000066
9805155	0.000066
9912145	0.000066
9801173	0.000066
9308005	0.000066
9703123	0.000066
9910021	0.000066
9307175	0.000066
9703081	0.000066
9807065	0.000066
112035	0.000065
9812065	0.000065
9708141	0.000065
11071	0.000065
9910023	0.000065
9212017	0.000065
9805177	0.000065
9801093	0.000065
205235	0.000065
7235	0.000065
9807207	0.000065
8103	0.000065
304225	0.000065
9606105	0.000065
105163	0.000065
9606191	0.000065
9707011	0.000065
4117	0.000065
212307	0.000065
9911199	0.000065
9509025	0.000065
9508023	0.000065
206107	0.000065
109137	0.000065
9710215	0.000065
203061	0.000065
9909163	0.000065
9702047	0.000065
9408135	0.000065
9511141	0.000065
11269	0.000065
9803247	0.000064
108091	0.000064
9509027	0.000064
9606037	0.000064
206071	0.000064
9310041	0.000064
9705175	0.000064
9604127	0.000064
9710039	0.000064
9905125	0.000064
107253	0.000064
303255	0.000064
9401133	0.000064
9704181	0.000064
9502001	0.000064
1133	0.000064
201019	0.000064
1193	0.000064
9407191	0.000064
9609165	0.000064
9411177	0.000064
108031	0.000064
9512145	0.000064
9504091	0.000064
3129	0.000064
5135	0.000064
104101	0.000064
111231	0.000064
9907053	0.000064
12099	0.000064
212217	0.000064
104167	0.000063
10075	0.000063
104003	0.000063
203255	0.000063
9707105	0.000063
7253	0.000063
107199	0.000063
9905193	0.000063
105205	0.000063
9809195	0.000063
5137	0.000063
9912207	0.000063
9310015	0.000063
202057	0.000063
9707249	0.000063
9801125	0.000063
7189	0.000063
103205	0.000063
9810161	0.000063
206115	0.000063
203139	0.000063
206193	0.000063
203259	0.000063
104045	0.000063
205283	0.000063
9711071	0.000063
9407091	0.000063
9502089	0.000063
9703149	0.000063
203215	0.000063
302181	0.000063
9804163	0.000063
9810135	0.000063
9406015	0.000063
9206061	0.000063
206167	0.000063
304107	0.000063
208075	0.000062
9305055	0.000062
203109	0.000062
10049	0.000062
9810083	0.000062
9511229	0.000062
9903243	0.000062
9808161	0.000062
11169	0.000062
9312079	0.000062
9401159	0.000062
111235	0.000062
105215	0.000062
101231	0.000062
9402001	0.000062
9903123	0.000062
9510239	0.000062
9908085	0.000062
9411129	0.000062
112185	0.000062
303249	0.000062
209037	0.000062
9907023	0.000062
9811215	0.000062
9503111	0.000062
9910035	0.000062
4037	0.000062
206183	0.000062
9712063	0.000062
110147	0.000062
105095	0.000061
212213	0.000061
9211057	0.000061
9910027	0.000061
9912091	0.000061
303081	0.000061
11051	0.000061
9208041	0.000061
6033	0.000061
9710127	0.000061
9702127	0.000061
110223	0.000061
9512165	0.000061
8233	0.000061
9902103	0.000061
203263	0.000061
302207	0.000061
4031	0.000061
9510009	0.000061
7109	0.000061
9808157	0.000061
9707223	0.000061
9703195	0.000061
9403063	0.000061
111089	0.000061
9301013	0.000061
9912173	0.000061
9609115	0.000061
9612201	0.000061
208113	0.000061
9412177	0.000061
9119	0.000060
205085	0.000060
212055	0.000060
9702007	0.000060
9401025	0.000060
9912165	0.000060
9303067	0.000060
9705023	0.000060
5229	0.000060
205161	0.000060
211121	0.000060
7097	0.000060
301251	0.000060
9805209	0.000060
9701185	0.000060
3295	0.000060
7061	0.000060
9712021	0.000060
204025	0.000060
9912043	0.000060
9701143	0.000060
7129	0.000060
9408169	0.000060
9605153	0.000060
7215	0.000060
9710219	0.000060
9406047	0.000060
9907055	0.000060
301035	0.000060
9601171	0.000060
9901121	0.000060
106215	0.000060
112037	0.000060
9806147	0.000060
2011	0.000060
9403181	0.000060
104193	0.000060
9803019	0.000060
203063	0.000060
303119	0.000059
9405057	0.000059
7239	0.000059
9610035	0.000059
9611033	0.000059
4163	0.000059
4017	0.000059
109121	0.000059
108211	0.000059
212069	0.000059
9407061	0.000059
9043	0.000059
9205041	0.000059
1169	0.000059
9505077	0.000059
104177	0.000059
8107	0.000059
9704133	0.000059
9906013	0.000059
5245	0.000059
107061	0.000059
9707001	0.000059
108019	0.000059
9803153	0.000059
9201051	0.000059
9909213	0.000059
9201029	0.000059
9801081	0.000059
9708011	0.000059
9501137	0.000059
9151	0.000059
8213	0.000059
107239	0.000058
9704087	0.000058
105129	0.000058
209195	0.000058
101147	0.000058
9512075	0.000058
301171	0.000058
9909139	0.000058
9903223	0.000058
304061	0.000058
9610187	0.000058
104023	0.000058
5105	0.000058
9905209	0.000058
9703051	0.000058
7107	0.000058
10137	0.000058
105203	0.000058
9910117	0.000058
107057	0.000058
9907019	0.000058
9607021	0.000058
9712073	0.000058
9408079	0.000058
9706051	0.000058
9509009	0.000058
101071	0.000058
9809173	0.000058
204083	0.000058
204249	0.000057
9705027	0.000057
9604157	0.000057
7217	0.000057
204099	0.000057
3017	0.000057
111221	0.000057
201033	0.000057
9312021	0.000057
106223	0.000057
103001	0.000057
9710027	0.000057
9803191	0.000057
12175	0.000057
301071	0.000057
9912175	0.000057
9605061	0.000057
9712005	0.000057
9310121	0.000057
303209	0.000057
9911083	0.000057
211011	0.000057
207237	0.000057
9206087	0.000057
3001	0.000057
9308119	0.000057
7171	0.000057
3103	0.000057
3213	0.000057
9903057	0.000057
212029	0.000057
9404035	0.000057
9811117	0.000056
9803119	0.000056
9507011	0.000056
9203029	0.000056
3183	0.000056
110245	0.000056
9806131	0.000056
9907169	0.000056
9910047	0.000056
9705061	0.000056
9910169	0.000056
9212125	0.000056
304183	0.000056
9211033	0.000056
9505097	0.000056
9502007	0.000056
9706167	0.000056
9204085	0.000056
9904115	0.000056
9805187	0.000056
9703073	0.000056
9804129	0.000056
9406177	0.000056
9405119	0.000056
9201033	0.000056
9202003	0.000056
110129	0.000056
209191	0.000056
5157	0.000056
9602155	0.000056
9511105	0.000056
105257	0.000056
103107	0.000055
9909229	0.000055
9902067	0.000055
9609035	0.000055
303037	0.000055
9510229	0.000055
9312095	0.000055
9801009	0.000055
204061	0.000055
211221	0.000055
9508095	0.000055
5117	0.000055
212265	0.000055
201113	0.000055
204117	0.000055
108207	0.000055
9806211	0.000055
7137	0.000055
9307109	0.000055
9301061	0.000055
9902141	0.000055
11059	0.000055
6117	0.000055
9610139	0.000055
209097	0.000055
205075	0.000055
9906167	0.000055
6145	0.000055
9903001	0.000055
9404151	0.000055
108167	0.000055
9507125	0.000055
301001	0.000055
9809193	0.000055
9907171	0.000055
9508127	0.000055
211059	0.000055
6213	0.000055
206059	0.000055
9902083	0.000055
9209085	0.000055
5185	0.000055
9912181	0.000054
301049	0.000054
9603033	0.000054
205315	0.000054
9408075	0.000054
211017	0.000054
9401045	0.000054
8149	0.000054
9509139	0.000054
210061	0.000054
211073	0.000054
106067	0.000054
7207	0.000054
103231	0.000054
303127	0.000054
9910267	0.000054
9806241	0.000054
9602013	0.000054
209239	0.000054
204137	0.000054
203097	0.000054
9906139	0.000054
1065	0.000054
9805099	0.000054
9802151	0.000054
9606069	0.000054
207225	0.000054
103223	0.000054
107109	0.000054
203125	0.000054
9503137	0.000054
9601161	0.000054
112163	0.000054
109027	0.000054
208207	0.000054
203243	0.000053
10093	0.000053
9608197	0.000053
9606093	0.000053
9512073	0.000053
10015	0.000053
9708117	0.000053
9609089	0.000053
106161	0.000053
9803187	0.000053
9904135	0.000053
9802083	0.000053
9404075	0.000053
8253	0.000053
9411121	0.000053
9805133	0.000053
204195	0.000053
9402053	0.000053
9611149	0.000053
106023	0.000053
111011	0.000053
9905039	0.000053
211003	0.000053
9507139	0.000053
206035	0.000053
111127	0.000053
111033	0.000053
201241	0.000053
9510137	0.000053
303239	0.000053
9611199	0.000053
9303029	0.000052
9708017	0.000052
9912101	0.000052
9810157	0.000052
9912005	0.000052
210175	0.000052
9508113	0.000052
6231	0.000052
3173	0.000052
9602079	0.000052
212135	0.000052
301067	0.000052
9605091	0.000052
201127	0.000052
9803141	0.000052
9901077	0.000052
9901117	0.000052
9402099	0.000052
9605219	0.000052
12113	0.000052
9511181	0.000052
7255	0.000052
9806129	0.000052
9507163	0.000052
9601039	0.000052
9712085	0.000052
9611061	0.000052
208063	0.000052
9710033	0.000052
212177	0.000052
208039	0.000052
9510053	0.000052
303193	0.000051
9609195	0.000051
109021	0.000051
205129	0.000051
9504085	0.000051
9706011	0.000051
111045	0.000051
9502033	0.000051
9806153	0.000051
9712075	0.000051
208031	0.000051
104173	0.000051
205293	0.000051
107055	0.000051
9709085	0.000051
2039	0.000051
110297	0.000051
207235	0.000051
9611007	0.000051
9709141	0.000051
106199	0.000051
6037	0.000051
9909141	0.000051
104247	0.000051
9604193	0.000050
9712145	0.000050
11219	0.000050
203277	0.000050
9505159	0.000050
9709063	0.000050
9904043	0.000050
9903093	0.000050
9305179	0.000050
105121	0.000050
9304123	0.000050
8073	0.000050
101229	0.000050
6067	0.000050
9910067	0.000050
9510123	0.000050
9604069	0.000050
9502021	0.000050
212179	0.000050
9505145	0.000050
9410003	0.000050
302151	0.000050
9305127	0.000050
205245	0.000050
9212157	0.000050
2207	0.000050
2025	0.000050
9708087	0.000050
9801107	0.000050
101085	0.000050
204159	0.000050
9605065	0.000050
205165	0.000050
9604131	0.000050
12233	0.000050
9503125	0.000050
210137	0.000050
9807187	0.000050
9709219	0.000049
9801015	0.000049
209159	0.000049
9307177	0.000049
204009	0.000049
9702065	0.000049
9604163	0.000049
9612153	0.000049
9611029	0.000049
2103	0.000049
12007	0.000049
5115	0.000049
12211	0.000049
9703137	0.000049
205291	0.000049
302067	0.000049
9308023	0.000049
9610179	0.000049
112071	0.000049
9907049	0.000049
9409015	0.000049
9512131	0.000049
303049	0.000049
9712213	0.000049
9307005	0.000049
9510069	0.000049
9031	0.000049
12025	0.000049
108127	0.000049
6075	0.000049
111029	0.000049
9506193	0.000049
9806059	0.000049
302193	0.000049
2049	0.000049
9702111	0.000048
9903139	0.000048
9501043	0.000048
9503201	0.000048
9510171	0.000048
9803245	0.000048
11273	0.000048
106255	0.000048
304033	0.000048
9805071	0.000048
9810013	0.000048
105191	0.000048
9509013	0.000048
205041	0.000048
9502165	0.000048
9511115	0.000048
9510179	0.000048
107187	0.000048
9706155	0.000048
9506147	0.000048
9905157	0.000048
304245	0.000048
9712007	0.000048
9711111	0.000048
9603205	0.000048
110033	0.000048
9404183	0.000048
209179	0.000048
9403151	0.000048
109151	0.000048
9504057	0.000048
9811055	0.000048
209077	0.000048
9811213	0.000047
1167	0.000047
209061	0.000047
9812097	0.000047
9807197	0.000047
201153	0.000047
9503133	0.000047
103143	0.000047
9205011	0.000047
6073	0.000047
205179	0.000047
106243	0.000047
9703041	0.000047
9806017	0.000047
12247	0.000047
107267	0.000047
210305	0.000047
10185	0.000047
105105	0.000047
201171	0.000047
205151	0.000047
9706057	0.000047
9910215	0.000047
101019	0.000047
9709113	0.000047
9911099	0.000047
9804087	0.000047
9707047	0.000047
110301	0.000047
9710099	0.000047
9705043	0.000047
9912185	0.000047
212049	0.000047
9307155	0.000047
211081	0.000047
9506181	0.000047
103191	0.000047
9801053	0.000047
9611169	0.000047
101049	0.000047
9711137	0.000046
9810167	0.000046
9705035	0.000046
203201	0.000046
210243	0.000046
209089	0.000046
9303155	0.000046
207053	0.000046
7227	0.000046
9612199	0.000046
104259	0.000046
6249	0.000046
9805105	0.000046
109091	0.000046
109013	0.000046
9907149	0.000046
9706193	0.000046
9802197	0.000046
9309041	0.000046
11153	0.000046
2037	0.000046
9511049	0.000046
9701085	0.000046
301015	0.000046
203047	0.000046
204225	0.000046
110121	0.000046
9509103	0.000046
9903049	0.000046
9407071	0.000046
106055	0.000046
9911187	0.000046
9909031	0.000046
9808029	0.000046
9902155	0.000045
9805081	0.000045
9903203	0.000045
9706127	0.000045
206171	0.000045
9806003	0.000045
103257	0.000045
104095	0.000045
9904187	0.000045
6201	0.000045
204227	0.000045
9705079	0.000045
206093	0.000045
9807007	0.000045
208037	0.000045
208161	0.000045
107141	0.000045
9701115	0.000045
211267	0.000045
9302037	0.000045
210203	0.000045
2065	0.000045
9806161	0.000045
9805151	0.000045
204115	0.000045
301121	0.000045
9912009	0.000045
109187	0.000045
9207105	0.000045
9910135	0.000045
9302027	0.000045
106269	0.000045
301139	0.000045
9406109	0.000045
9706007	0.000045
206065	0.000045
9708137	0.000045
9909001	0.000045
301161	0.000045
9402061	0.000045
9507135	0.000044
104179	0.000044
11057	0.000044
9703133	0.000044
9310191	0.000044
9802009	0.000044
209205	0.000044
9805087	0.000044
9802057	0.000044
202165	0.000044
9803145	0.000044
9811005	0.000044
5107	0.000044
208033	0.000044
9312161	0.000044
9908043	0.000044
9906185	0.000044
9610047	0.000044
9809107	0.000044
209203	0.000044
301203	0.000044
11281	0.000044
203167	0.000044
206029	0.000044
107197	0.000044
209039	0.000044
9511017	0.000044
303113	0.000044
9812055	0.000044
209031	0.000044
9904051	0.000044
9705101	0.000044
9912277	0.000044
9907093	0.000044
9804149	0.000044
304231	0.000044
9506081	0.000044
9907147	0.000044
9211025	0.000044
208047	0.000044
302005	0.000044
9305111	0.000044
9807063	0.000044
101007	0.000044
301003	0.000044
12199	0.000044
10141	0.000044
9710023	0.000044
7241	0.000044
9702199	0.000043
9903053	0.000043
9707151	0.000043
9803111	0.000043
9702153	0.000043
9806227	0.000043
9501033	0.000043
112069	0.000043
9703003	0.000043
1063	0.000043
9711043	0.000043
9710059	0.000043
9208001	0.000043
111289	0.000043
9410101	0.000043
9808185	0.000043
9133	0.000043
207101	0.000043
303103	0.000043
4085	0.000043
9905103	0.000043
9804113	0.000043
111163	0.000043
9310095	0.000043
103095	0.000043
9410135	0.000043
9412029	0.000043
9508093	0.000043
9304045	0.000043
212187	0.000043
101125	0.000043
301243	0.000043
9912017	0.000043
212087	0.000043
104257	0.000043
9023	0.000043
211041	0.000043
9506215	0.000043
9810251	0.000043
9610111	0.000043
9511175	0.000043
9309059	0.000043
9807115	0.000043
9311183	0.000043
9201031	0.000043
9604017	0.000043
9812095	0.000043
104131	0.000043
9806143	0.000043
204127	0.000043
9902197	0.000043
9805029	0.000042
9912135	0.000042
9704125	0.000042
209047	0.000042
103015	0.000042
1211	0.000042
107145	0.000042
304157	0.000042
9606133	0.000042
9605195	0.000042
2111	0.000042
11223	0.000042
9204063	0.000042
9503141	0.000042
9809065	0.000042
5077	0.000042
9706125	0.000042
204043	0.000042
9612051	0.000042
9906101	0.000042
9609155	0.000042
9607109	0.000042
9905121	0.000042
206163	0.000042
204251	0.000042
9906121	0.000042
9810109	0.000042
9506093	0.000042
9907067	0.000042
211191	0.000042
101081	0.000042
112199	0.000042
9604073	0.000042
9708127	0.000042
10091	0.000042
112249	0.000042
9812159	0.000042
9808143	0.000042
9701053	0.000042
9411085	0.000042
206043	0.000042
108239	0.000041
1177	0.000041
9702017	0.000041
9907029	0.000041
9601091	0.000041
110035	0.000041
110203	0.000041
8219	0.000041
9601179	0.000041
9906105	0.000041
107131	0.000041
110235	0.000041
9909077	0.000041
9510129	0.000041
9808043	0.000041
9508109	0.000041
9704043	0.000041
12173	0.000041
9908187	0.000041
9901085	0.000041
9905183	0.000041
101031	0.000041
10099	0.000041
9905163	0.000041
9039	0.000041
9501055	0.000041
9909147	0.000041
12035	0.000041
9607107	0.000041
10169	0.000041
201159	0.000041
106107	0.000041
9903155	0.000041
9095	0.000041
105305	0.000041
208087	0.000041
210287	0.000041
9806125	0.000041
9908075	0.000041
9704063	0.000041
9806197	0.000041
9707065	0.000041
2127	0.000041
303157	0.000041
9706065	0.000041
9409025	0.000041
110187	0.000041
9161	0.000041
102013	0.000041
9608185	0.000041
9611075	0.000041
5251	0.000041
210043	0.000041
106051	0.000041
109173	0.000041
212059	0.000040
9510147	0.000040
102191	0.000040
9610083	0.000040
210297	0.000040
206079	0.000040
209115	0.000040
9608105	0.000040
11239	0.000040
9709043	0.000040
9903109	0.000040
4169	0.000040
9251	0.000040
205051	0.000040
9912267	0.000040
9506105	0.000040
9607171	0.000040
206231	0.000040
1175	0.000040
110001	0.000040
9607013	0.000040
4095	0.000040
9603113	0.000040
9911021	0.000040
9812121	0.000040
9907011	0.000040
9904151	0.000040
9808019	0.000040
9611223	0.000040
9701129	0.000040
206011	0.000040
9804167	0.000040
302113	0.000040
107169	0.000040
10281	0.000040
9409013	0.000040
9803077	0.000040
9903201	0.000040
10087	0.000040
203173	0.000040
112261	0.000040
9608099	0.000040
8165	0.000040
9312103	0.000040
2239	0.000040
11175	0.000040
102109	0.000040
9910015	0.000040
9912055	0.000040
9606087	0.000040
9709213	0.000039
9312041	0.000039
9505021	0.000039
12003	0.000039
9611121	0.000039
9401055	0.000039
9712019	0.000039
203235	0.000039
211023	0.000039
9504023	0.000039
9602177	0.000039
9604191	0.000039
105195	0.000039
9901037	0.000039
9912225	0.000039
9603147	0.000039
210133	0.000039
108045	0.000039
108053	0.000039
4171	0.000039
210281	0.000039
11031	0.000039
9807101	0.000039
107029	0.000039
9903045	0.000039
9901119	0.000039
9803037	0.000039
210147	0.000039
9703191	0.000039
9203019	0.000039
9407039	0.000039
102151	0.000039
9802005	0.000039
9903027	0.000039
3085	0.000039
203237	0.000039
9805095	0.000039
304167	0.000039
9604015	0.000039
9305107	0.000039
12133	0.000039
9912193	0.000039
11161	0.000039
106041	0.000039
9311097	0.000039
9704147	0.000039
9506115	0.000039
2101	0.000039
9512009	0.000039
9708041	0.000039
9903105	0.000039
105027	0.000039
9405125	0.000039
106027	0.000039
9405023	0.000039
210241	0.000039
9612179	0.000039
9612127	0.000038
9412141	0.000038
9906037	0.000038
204037	0.000038
9409001	0.000038
207181	0.000038
3043	0.000038
9601051	0.000038
9708019	0.000038
9708091	0.000038
106139	0.000038
103047	0.000038
9306097	0.000038
106173	0.000038
112083	0.000038
9804183	0.000038
303115	0.000038
9411101	0.000038
10145	0.000038
9807225	0.000038
9312171	0.000038
201035	0.000038
9709225	0.000038
9611201	0.000038
9906047	0.000038
9706117	0.000038
111041	0.000038
7055	0.000038
9503021	0.000038
205281	0.000038
9806073	0.000038
10257	0.000038
9903213	0.000038
9710049	0.000038
9802107	0.000038
207151	0.000038
303083	0.000038
8173	0.000038
111217	0.000038
201031	0.000038
109165	0.000038
9912157	0.000038
212101	0.000038
201073	0.000038
9411217	0.000038
3013	0.000038
9805077	0.000037
9909051	0.000037
101017	0.000037
9606147	0.000037
7053	0.000037
9203067	0.000037
9711081	0.000037
110267	0.000037
2147	0.000037
9408029	0.000037
9210081	0.000037
7225	0.000037
9704157	0.000037
9206053	0.000037
10121	0.000037
207031	0.000037
9204023	0.000037
9610069	0.000037
210151	0.000037
2141	0.000037
112139	0.000037
8239	0.000037
201227	0.000037
9702171	0.000037
303147	0.000037
3289	0.000037
106227	0.000037
5127	0.000037
9610225	0.000037
9211093	0.000037
9701047	0.000037
105221	0.000037
205193	0.000037
304197	0.000037
112169	0.000037
9703193	0.000037
105185	0.000037
9910115	0.000037
9310037	0.000037
110077	0.000036
201213	0.000036
207097	0.000036
5113	0.000036
108119	0.000036
9303059	0.000036
9801095	0.000036
209157	0.000036
5041	0.000036
9508031	0.000036
103089	0.000036
9806063	0.000036
9812217	0.000036
204141	0.000036
302119	0.000036
207061	0.000036
9612149	0.000036
9903075	0.000036
5179	0.000036
9510049	0.000036
101091	0.000036
9310083	0.000036
112165	0.000036
9502013	0.000036
9403009	0.000036
9912015	0.000036
302023	0.000036
107007	0.000036
7135	0.000036
106217	0.000036
4101	0.000036
9903173	0.000036
11001	0.000036
9610131	0.000036
207133	0.000036
105239	0.000036
105007	0.000036
9512207	0.000036
9806189	0.000036
9904123	0.000036
9709215	0.000036
9507027	0.000036
9408049	0.000036
203073	0.000035
204085	0.000035
112115	0.000035
9237	0.000035
207135	0.000035
9903085	0.000035
109131	0.000035
212061	0.000035
209253	0.000035
9712177	0.000035
107155	0.000035
110281	0.000035
9410199	0.000035
9309103	0.000035
9011	0.000035
9712137	0.000035
9204037	0.000035
9607027	0.000035
203051	0.000035
9912219	0.000035
9810193	0.000035
111113	0.000035
9810205	0.000035
9909183	0.000035
9512115	0.000035
302041	0.000035
112153	0.000035
4119	0.000035
12259	0.000035
9710181	0.000035
9311187	0.000035
109083	0.000035
9606013	0.000035
9611157	0.000035
204129	0.000035
9605069	0.000035
201187	0.000035
9907117	0.000035
9602153	0.000035
3009	0.000035
303253	0.000035
9812059	0.000034
9503129	0.000034
9602061	0.000034
202197	0.000034
9710237	0.000034
202079	0.000034
9710051	0.000034
210085	0.000034
9702051	0.000034
9702045	0.000034
206187	0.000034
102057	0.000034
9912013	0.000034
106133	0.000034
9301005	0.000034
9511125	0.000034
106097	0.000034
6023	0.000034
9808085	0.000034
9201039	0.000034
102113	0.000034
9706013	0.000034
204185	0.000034
7143	0.000034
304249	0.000034
2187	0.000034
9207109	0.000034
8137	0.000034
9304027	0.000034
9605121	0.000034
206223	0.000034
9804145	0.000034
9307063	0.000034
9502105	0.000034
108185	0.000034
9710075	0.000034
9210025	0.000034
206051	0.000034
9703157	0.000034
10269	0.000034
9910121	0.000034
9707211	0.000034
6111	0.000034
206195	0.000034
112093	0.000034
212041	0.000034
110291	0.000033
301163	0.000033
211217	0.000033
9205117	0.000033
9406169	0.000033
108039	0.000033
304121	0.000033
9609119	0.000033
201201	0.000033
208203	0.000033
203077	0.000033
9209007	0.000033
9607089	0.000033
9205095	0.000033
3169	0.000033
9505181	0.000033
301125	0.000033
301101	0.000033
207025	0.000033
10255	0.000033
9311167	0.000033
111081	0.000033
205305	0.000033
203155	0.000033
9411131	0.000033
209073	0.000033
9603043	0.000033
202091	0.000033
304235	0.000033
4179	0.000033
9209113	0.000033
9811245	0.000033
102189	0.000033
9310165	0.000033
206237	0.000033
209247	0.000033
205019	0.000033
206009	0.000033
9801105	0.000033
9305087	0.000033
205097	0.000033
303171	0.000033
11101	0.000032
9209111	0.000032
112013	0.000032
9503069	0.000032
9808083	0.000032
209009	0.000032
9704011	0.000032
9904127	0.000032
9909107	0.000032
9501011	0.000032
9606083	0.000032
205091	0.000032
10123	0.000032
107215	0.000032
102167	0.000032
9409043	0.000032
9709123	0.000032
9703043	0.000032
9808125	0.000032
9806041	0.000032
9407055	0.000032
9408173	0.000032
9908013	0.000032
9810199	0.000032
9604037	0.000032
9412155	0.000032
103049	0.000032
112085	0.000032
3071	0.000032
102095	0.000032
210053	0.000032
105319	0.000032
10215	0.000032
9305003	0.000032
9612195	0.000032
9310093	0.000032
10275	0.000032
4123	0.000032
9605073	0.000032
9512041	0.000032
9911179	0.000032
104141	0.000032
9508173	0.000032
3051	0.000032
9903145	0.000032
9702165	0.000032
201175	0.000032
1199	0.000032
9806177	0.000032
9811191	0.000032
9705093	0.000032
101043	0.000032
12169	0.000032
9804151	0.000032
112025	0.000032
2061	0.000032
9907047	0.000032
9910011	0.000032
110019	0.000032
9912073	0.000031
9806089	0.000031
9406009	0.000031
9207019	0.000031
9512083	0.000031
9912081	0.000031
9609139	0.000031
9806001	0.000031
209133	0.000031
9810147	0.000031
208011	0.000031
9402129	0.000031
10253	0.000031
9907155	0.000031
211105	0.000031
9081	0.000031
9403123	0.000031
9306037	0.000031
9706123	0.000031
9904111	0.000031
9611093	0.000031
9511193	0.000031
6167	0.000031
9910103	0.000031
9908147	0.000031
9812119	0.000031
9405005	0.000031
112229	0.000031
9206103	0.000031
106015	0.000031
9610099	0.000031
111169	0.000031
207055	0.000031
9510059	0.000031
9306131	0.000031
9307169	0.000031
9801161	0.000031
9412149	0.000031
304163	0.000031
9405091	0.000031
9705115	0.000031
207261	0.000031
9211003	0.000031
9411219	0.000031
206089	0.000031
9709143	0.000031
9211115	0.000031
9409137	0.000031
303053	0.000031
9210123	0.000031
12223	0.000031
9512153	0.000031
9312209	0.000031
9603151	0.000031
3219	0.000031
207243	0.000030
304143	0.000030
9308091	0.000030
107265	0.000030
9803207	0.000030
9402007	0.000030
9901147	0.000030
9608013	0.000030
9809133	0.000030
210159	0.000030
106185	0.000030
12269	0.000030
9311045	0.000030
211131	0.000030
9709069	0.000030
9704199	0.000030
105125	0.000030
112041	0.000030
207073	0.000030
9704183	0.000030
9406171	0.000030
4137	0.000030
9201071	0.000030
9805107	0.000030
9711197	0.000030
3115	0.000030
106267	0.000030
11039	0.000030
8193	0.000030
9607157	0.000030
9905227	0.000030
104203	0.000030
203199	0.000030
211167	0.000030
9805055	0.000030
9711073	0.000030
108017	0.000030
11005	0.000030
112087	0.000030
203131	0.000030
9806115	0.000030
9712143	0.000030
102017	0.000030
208173	0.000030
9811205	0.000030
109051	0.000030
304233	0.000030
9708075	0.000030
9307189	0.000030
9812079	0.000030
9912241	0.000030
2143	0.000030
9605097	0.000029
9707043	0.000029
9601059	0.000029
204223	0.000029
9709171	0.000029
9610089	0.000029
9809087	0.000029
9207111	0.000029
204155	0.000029
9812165	0.000029
9810235	0.000029
204001	0.000029
102101	0.000029
9610003	0.000029
9403185	0.000029
9407079	0.000029
9903129	0.000029
9404025	0.000029
9910099	0.000029
9907129	0.000029
9601037	0.000029
9801199	0.000029
9806135	0.000029
9206085	0.000029
207109	0.000029
108005	0.000029
210101	0.000029
9312105	0.000029
9208003	0.000029
9307101	0.000029
9910129	0.000029
9512039	0.000029
9902053	0.000029
9806171	0.000029
102145	0.000029
9902049	0.000029
203009	0.000029
9507053	0.000029
9703201	0.000029
203091	0.000029
9905029	0.000029
112189	0.000029
12163	0.000029
9807159	0.000029
10181	0.000029
9807205	0.000029
9407101	0.000029
11007	0.000029
9907013	0.000029
9803053	0.000029
6049	0.000029
9802101	0.000029
5233	0.000029
9608003	0.000029
9808183	0.000029
9309125	0.000029
9709061	0.000028
9706071	0.000028
9912133	0.000028
112089	0.000028
110041	0.000028
9403047	0.000028
4087	0.000028
209251	0.000028
9806081	0.000028
202203	0.000028
9802103	0.000028
104215	0.000028
9905205	0.000028
9401041	0.000028
9410205	0.000028
9805005	0.000028
10287	0.000028
210301	0.000028
301021	0.000028
3185	0.000028
11231	0.000028
9202069	0.000028
9609013	0.000028
9608135	0.000028
304019	0.000028
9903019	0.000028
9610063	0.000028
5283	0.000028
9903269	0.000028
105317	0.000028
1067	0.000028
105153	0.000028
111177	0.000028
9704027	0.000028
110131	0.000028
210309	0.000028
203123	0.000028
9811207	0.000028
5045	0.000028
6161	0.000028
9311083	0.000028
9711001	0.000028
9411119	0.000028
9901041	0.000028
9311089	0.000028
1149	0.000028
9309085	0.000028
9310071	0.000028
111205	0.000028
203151	0.000028
7021	0.000028
105263	0.000028
9803139	0.000028
9808049	0.000028
104201	0.000028
211075	0.000028
9401107	0.000028
1145	0.000028
9902075	0.000028
9811177	0.000028
9207001	0.000028
9603173	0.000028
9903067	0.000027
9312145	0.000027
9610009	0.000027
107005	0.000027
9167	0.000027
101067	0.000027
9406135	0.000027
5095	0.000027
207123	0.000027
9701147	0.000027
9403077	0.000027
9406093	0.000027
9712179	0.000027
106059	0.000027
1057	0.000027
205119	0.000027
9608041	0.000027
9710035	0.000027
9812091	0.000027
9406187	0.000027
8169	0.000027
212131	0.000027
9504049	0.000027
9905143	0.000027
211161	0.000027
212201	0.000027
106261	0.000027
9511131	0.000027
204045	0.000027
9906243	0.000027
9906195	0.000027
9412175	0.000027
9711169	0.000027
9908001	0.000027
8079	0.000027
210193	0.000027
9606187	0.000027
9908165	0.000027
204247	0.000027
9909203	0.000027
101057	0.000027
9902047	0.000027
111191	0.000027
107103	0.000027
9605221	0.000027
9912049	0.000027
9907007	0.000027
201049	0.000027
112233	0.000027
9904153	0.000027
9901055	0.000027
204113	0.000027
105249	0.000027
9606051	0.000027
104197	0.000027
303007	0.000027
2165	0.000027
12203	0.000027
9707021	0.000027
9707257	0.000027
9906093	0.000027
9602149	0.000027
6015	0.000027
206003	0.000026
204131	0.000026
9502083	0.000026
9308011	0.000026
9612205	0.000026
9193	0.000026
9812003	0.000026
9407151	0.000026
204059	0.000026
102147	0.000026
202175	0.000026
9701151	0.000026
107181	0.000026
110283	0.000026
9708111	0.000026
203115	0.000026
9901141	0.000026
9307171	0.000026
205043	0.000026
9907037	0.000026
107159	0.000026
206179	0.000026
301231	0.000026
9408085	0.000026
9806097	0.000026
210271	0.000026
1093	0.000026
101115	0.000026
203219	0.000026
9810257	0.000026
9906031	0.000026
9205065	0.000026
9607105	0.000026
9912183	0.000026
211097	0.000026
9803095	0.000026
9509049	0.000026
9611119	0.000026
9802089	0.000026
10271	0.000026
9211137	0.000026
9503225	0.000026
102103	0.000026
9808119	0.000026
9606153	0.000026
9910147	0.000026
203079	0.000026
9206055	0.000026
9207071	0.000026
9704057	0.000026
9903065	0.000026
206209	0.000026
8121	0.000026
105209	0.000026
9707239	0.000026
9305117	0.000026
7081	0.000026
9504009	0.000026
9912053	0.000026
101181	0.000026
207265	0.000026
9906057	0.000026
10115	0.000025
212181	0.000025
9704213	0.000025
9911223	0.000025
103193	0.000025
5271	0.000025
9407113	0.000025
9803169	0.000025
2053	0.000025
9310111	0.000025
303139	0.000025
9711025	0.000025
9809139	0.000025
202147	0.000025
9803143	0.000025
9510153	0.000025
105173	0.000025
109035	0.000025
3087	0.000025
201041	0.000025
2035	0.000025
4071	0.000025
211089	0.000025
9901031	0.000025
5239	0.000025
203129	0.000025
9709199	0.000025
9207051	0.000025
9906035	0.000025
9908185	0.000025
9303041	0.000025
109065	0.000025
4057	0.000025
10067	0.000025
9905197	0.000025
9608095	0.000025
8035	0.000025
9911129	0.000025
9711085	0.000025
9143	0.000025
9604057	0.000025
9810169	0.000025
1157	0.000025
9705203	0.000025
9307117	0.000025
9609005	0.000025
9609021	0.000025
9812153	0.000025
103103	0.000025
207223	0.000025
9907075	0.000025
302055	0.000025
9801135	0.000025
204197	0.000025
9604051	0.000025
103111	0.000025
304171	0.000025
9407173	0.000025
9804115	0.000025
9712105	0.000025
12217	0.000025
9811017	0.000025
9807059	0.000025
9710235	0.000025
107261	0.000024
9803099	0.000024
210185	0.000024
301155	0.000024
9610049	0.000024
9702005	0.000024
9504069	0.000024
9707215	0.000024
9901017	0.000024
9708077	0.000024
9605161	0.000024
201247	0.000024
212295	0.000024
9706151	0.000024
303063	0.000024
9810221	0.000024
9401065	0.000024
210265	0.000024
8199	0.000024
9602073	0.000024
9504071	0.000024
11271	0.000024
9303033	0.000024
9312185	0.000024
9502049	0.000024
9601019	0.000024
12135	0.000024
9906109	0.000024
103261	0.000024
209051	0.000024
9402125	0.000024
206221	0.000024
9703085	0.000024
11113	0.000024
9607145	0.000024
5071	0.000024
210211	0.000024
304255	0.000024
207127	0.000024
9206093	0.000024
101123	0.000024
9906153	0.000024
9709023	0.000024
9503013	0.000024
1051	0.000024
9905199	0.000024
9208069	0.000024
9803225	0.000024
105199	0.000024
9509099	0.000024
9505029	0.000024
9908125	0.000024
9802195	0.000024
9606097	0.000024
1135	0.000024
9710249	0.000024
12155	0.000024
207267	0.000024
9511111	0.000024
110213	0.000024
5119	0.000024
9707149	0.000024
9802179	0.000024
209095	0.000024
101155	0.000024
9903253	0.000024
301133	0.000023
9212065	0.000023
9904087	0.000023
12065	0.000023
9707251	0.000023
211271	0.000023
9310031	0.000023
9601081	0.000023
210039	0.000023
208055	0.000023
202081	0.000023
105235	0.000023
9510133	0.000023
9506099	0.000023
206109	0.000023
11189	0.000023
106053	0.000023
5025	0.000023
4205	0.000023
304011	0.000023
9911101	0.000023
9908121	0.000023
109201	0.000023
9412075	0.000023
9801067	0.000023
111291	0.000023
9710159	0.000023
9015	0.000023
9608023	0.000023
112033	0.000023
9702189	0.000023
9606113	0.000023
6217	0.000023
9403117	0.000023
9510047	0.000023
9808117	0.000023
9903195	0.000023
9911075	0.000023
107179	0.000023
9507165	0.000023
9508097	0.000023
9310125	0.000023
9511127	0.000023
9703021	0.000023
9902035	0.000023
9406031	0.000023
9506111	0.000023
9701081	0.000023
9609225	0.000023
9811255	0.000023
212165	0.000023
11205	0.000023
9812189	0.000023
9605157	0.000023
303047	0.000023
105077	0.000023
212021	0.000023
104213	0.000023
9605185	0.000023
101149	0.000023
9412199	0.000023
9902107	0.000023
5163	0.000023
9802121	0.000023
210073	0.000023
9801207	0.000023
210221	0.000023
9807067	0.000023
9806175	0.000023
9304013	0.000023
9705085	0.000023
8157	0.000022
9810023	0.000022
11285	0.000022
304191	0.000022
9208045	0.000022
9811159	0.000022
108001	0.000022
203271	0.000022
9901095	0.000022
9805121	0.000022
202183	0.000022
9209125	0.000022
9904071	0.000022
11041	0.000022
207023	0.000022
9511083	0.000022
9905147	0.000022
9708001	0.000022
209019	0.000022
201271	0.000022
208229	0.000022
9709029	0.000022
105149	0.000022
9710067	0.000022
106203	0.000022
110277	0.000022
9212057	0.000022
208079	0.000022
9904113	0.000022
9609059	0.000022
204165	0.000022
201007	0.000022
9505011	0.000022
9812149	0.000022
12087	0.000022
9712107	0.000022
212125	0.000022
303269	0.000022
9805059	0.000022
204221	0.000022
11003	0.000022
101101	0.000022
302163	0.000022
9911131	0.000022
301059	0.000022
9406201	0.000022
9904175	0.000022
9811143	0.000022
9305169	0.000022
7017	0.000022
102049	0.000022
109117	0.000022
9911251	0.000022
2181	0.000022
9708169	0.000022
9703107	0.000022
9607121	0.000022
9710155	0.000022
209055	0.000022
303229	0.000022
9708109	0.000022
9712013	0.000021
104211	0.000021
9903003	0.000021
9608103	0.000021
9704175	0.000021
9503091	0.000021
9810095	0.000021
9706023	0.000021
9310033	0.000021
9501131	0.000021
9309141	0.000021
9807023	0.000021
9407147	0.000021
9709187	0.000021
9707081	0.000021
9903161	0.000021
9606173	0.000021
9806167	0.000021
9910045	0.000021
9307087	0.000021
9510061	0.000021
103085	0.000021
9810171	0.000021
9707007	0.000021
201111	0.000021
9209073	0.000021
207103	0.000021
206203	0.000021
205279	0.000021
3191	0.000021
209081	0.000021
207215	0.000021
9708131	0.000021
9703101	0.000021
212347	0.000021
207029	0.000021
111057	0.000021
9511201	0.000021
9908193	0.000021
7101	0.000021
9709021	0.000021
212281	0.000021
9211045	0.000021
209101	0.000021
207037	0.000021
203273	0.000021
9710057	0.000021
103129	0.000021
9905063	0.000021
9611095	0.000021
106099	0.000021
9908167	0.000021
9709211	0.000021
9706073	0.000021
110097	0.000021
9801017	0.000021
9311079	0.000021
2219	0.000021
9904083	0.000021
9611193	0.000021
9606199	0.000021
9911203	0.000021
9706185	0.000021
9087	0.000021
9511087	0.000021
9907091	0.000021
9711017	0.000021
9202045	0.000021
9809161	0.000021
6013	0.000021
9709105	0.000021
208009	0.000021
9807049	0.000021
108137	0.000021
203147	0.000021
9505103	0.000021
210041	0.000021
9505141	0.000021
301051	0.000021
9406049	0.000021
9408061	0.000021
9404099	0.000021
6087	0.000021
110065	0.000021
10217	0.000021
9810151	0.000021
9602021	0.000021
203247	0.000021
110029	0.000021
202097	0.000020
209013	0.000020
9601111	0.000020
9904159	0.000020
9410217	0.000020
9908101	0.000020
6077	0.000020
8095	0.000020
110081	0.000020
9304037	0.000020
9704189	0.000020
9609151	0.000020
9703227	0.000020
9508145	0.000020
9702087	0.000020
8051	0.000020
112131	0.000020
206251	0.000020
9603051	0.000020
9903025	0.000020
9307035	0.000020
9910195	0.000020
304001	0.000020
9206037	0.000020
9811049	0.000020
301075	0.000020
9805189	0.000020
9912201	0.000020
212065	0.000020
103177	0.000020
10139	0.000020
103141	0.000020
9505135	0.000020
104125	0.000020
301011	0.000020
9612003	0.000020
7071	0.000020
9903157	0.000020
9707247	0.000020
7087	0.000020
111049	0.000020
9707175	0.000020
1111	0.000020
9310011	0.000020
5139	0.000020
9804141	0.000020
9812177	0.000020
10177	0.000020
104219	0.000020
9911195	0.000020
9811109	0.000020
112135	0.000020
9512019	0.000020
9410215	0.000020
105259	0.000020
9810001	0.000020
9708145	0.000020
9607193	0.000020
9702029	0.000020
203113	0.000020
211235	0.000020
211185	0.000020
9806033	0.000020
106143	0.000020
9405151	0.000020
5161	0.000020
9703039	0.000020
9202015	0.000020
9712149	0.000020
9309019	0.000020
202027	0.000020
210001	0.000020
9712011	0.000020
9909007	0.000020
302047	0.000020
9804069	0.000019
9912103	0.000019
9204041	0.000019
208061	0.000019
9901033	0.000019
304039	0.000019
202075	0.000019
207125	0.000019
104243	0.000019
9706153	0.000019
9709155	0.000019
106187	0.000019
9505167	0.000019
107225	0.000019
2131	0.000019
9902023	0.000019
10239	0.000019
9402083	0.000019
9710021	0.000019
9908063	0.000019
106231	0.000019
9607223	0.000019
9810051	0.000019
9809183	0.000019
11091	0.000019
203049	0.000019
9702031	0.000019
9910217	0.000019
9811079	0.000019
112161	0.000019
203227	0.000019
103037	0.000019
9507151	0.000019
9911197	0.000019
9504043	0.000019
1117	0.000019
9610119	0.000019
212199	0.000019
204013	0.000019
9701045	0.000019
12051	0.000019
9701021	0.000019
301165	0.000019
201121	0.000019
9503235	0.000019
203223	0.000019
201013	0.000019
9607077	0.000019
9705155	0.000019
9702161	0.000019
9904117	0.000019
9903267	0.000019
9801057	0.000019
9804153	0.000019
301179	0.000019
11261	0.000019
9401135	0.000019
9809009	0.000019
9904179	0.000019
9602047	0.000019
9812087	0.000019
9911123	0.000019
9311065	0.000019
9406079	0.000019
9511067	0.000019
9602175	0.000019
2047	0.000019
9505059	0.000019
9707159	0.000019
9911201	0.000019
201207	0.000018
110195	0.000018
9606099	0.000018
111035	0.000018
9811165	0.000018
2157	0.000018
9807121	0.000018
9412185	0.000018
9711105	0.000018
303015	0.000018
109183	0.000018
101195	0.000018
5063	0.000018
9079	0.000018
9805113	0.000018
9803227	0.000018
9705233	0.000018
9704067	0.000018
9504143	0.000018
8191	0.000018
206245	0.000018
2225	0.000018
9703141	0.000018
9303047	0.000018
9411069	0.000018
9202043	0.000018
9901111	0.000018
9506069	0.000018
9808053	0.000018
105061	0.000018
103187	0.000018
102093	0.000018
9702145	0.000018
9611013	0.000018
9204031	0.000018
9908037	0.000018
12239	0.000018
9501121	0.000018
9805147	0.000018
302123	0.000018
9907223	0.000018
9712215	0.000018
4015	0.000018
11173	0.000018
9703017	0.000018
9904059	0.000018
204259	0.000018
206229	0.000018
9305129	0.000018
103097	0.000018
9902177	0.000018
8177	0.000018
105081	0.000018
9610171	0.000018
9609185	0.000018
9505017	0.000018
109031	0.000018
9610121	0.000018
202139	0.000018
207239	0.000018
9205113	0.000018
10277	0.000018
212085	0.000018
212103	0.000018
9912217	0.000018
9510079	0.000018
9407049	0.000018
9502115	0.000018
103035	0.000018
211285	0.000018
105033	0.000018
5167	0.000018
209021	0.000018
208059	0.000018
9811133	0.000018
207115	0.000018
10149	0.000018
9401137	0.000018
9905099	0.000017
212095	0.000017
9806151	0.000017
9504079	0.000017
9903181	0.000017
9411075	0.000017
9147	0.000017
9201079	0.000017
301005	0.000017
9504155	0.000017
9606071	0.000017
9612059	0.000017
110219	0.000017
208103	0.000017
9710063	0.000017
9408003	0.000017
9410123	0.000017
9809121	0.000017
9911167	0.000017
10293	0.000017
107097	0.000017
9509065	0.000017
9611111	0.000017
111207	0.000017
9703019	0.000017
9307173	0.000017
9804029	0.000017
5093	0.000017
208117	0.000017
110169	0.000017
3049	0.000017
9805065	0.000017
9506117	0.000017
9902207	0.000017
9701009	0.000017
9605133	0.000017
4041	0.000017
5223	0.000017
9902201	0.000017
108233	0.000017
1195	0.000017
9909025	0.000017
5153	0.000017
9607125	0.000017
201239	0.000017
9215	0.000017
9709079	0.000017
9608049	0.000017
205139	0.000017
9708105	0.000017
206129	0.000017
9305095	0.000017
9403163	0.000017
109223	0.000017
4025	0.000017
203127	0.000017
9811221	0.000017
9711109	0.000017
201067	0.000017
302007	0.000017
9910213	0.000017
9905023	0.000017
9506179	0.000017
202037	0.000017
110175	0.000017
9502067	0.000017
212155	0.000017
9306091	0.000017
210019	0.000017
9803149	0.000017
7213	0.000017
9810211	0.000017
111229	0.000017
9904149	0.000017
106271	0.000017
211227	0.000016
9809043	0.000016
9902203	0.000016
103203	0.000016
211079	0.000016
9603023	0.000016
109079	0.000016
9512157	0.000016
9301077	0.000016
110165	0.000016
9705071	0.000016
104061	0.000016
109211	0.000016
302081	0.000016
210131	0.000016
9037	0.000016
3003	0.000016
9601083	0.000016
301223	0.000016
209181	0.000016
9401113	0.000016
9406179	0.000016
105067	0.000016
102133	0.000016
9711059	0.000016
9304007	0.000016
212047	0.000016
206087	0.000016
205039	0.000016
11081	0.000016
9705149	0.000016
209139	0.000016
107087	0.000016
9503011	0.000016
101159	0.000016
9406095	0.000016
9806225	0.000016
304035	0.000016
211139	0.000016
9712183	0.000016
9910183	0.000016
4051	0.000016
302155	0.000016
9308147	0.000016
205269	0.000016
201051	0.000016
107129	0.000016
9908107	0.000016
107157	0.000016
9910209	0.000016
9409153	0.000016
304237	0.000016
9610001	0.000016
9909115	0.000016
9811235	0.000016
204151	0.000016
110063	0.000016
9912293	0.000016
211233	0.000016
9910249	0.000016
9511227	0.000016
9309011	0.000016
202125	0.000016
112119	0.000016
9509001	0.000016
9809143	0.000016
2173	0.000016
301029	0.000016
11133	0.000016
102059	0.000016
206249	0.000016
12101	0.000016
9807113	0.000015
9506121	0.000015
9801189	0.000015
9601129	0.000015
9911069	0.000015
5001	0.000015
206113	0.000015
112215	0.000015
301207	0.000015
9808145	0.000015
9910197	0.000015
9611189	0.000015
103241	0.000015
9405181	0.000015
9411015	0.000015
9402089	0.000015
9907041	0.000015
9212035	0.000015
201225	0.000015
9305037	0.000015
209211	0.000015
9603095	0.000015
208013	0.000015
9911113	0.000015
304123	0.000015
9706079	0.000015
9910077	0.000015
209105	0.000015
111107	0.000015
9204013	0.000015
9203031	0.000015
9304159	0.000015
206149	0.000015
9908073	0.000015
302099	0.000015
205247	0.000015
107161	0.000015
9904085	0.000015
3053	0.000015
302021	0.000015
302073	0.000015
5013	0.000015
10021	0.000015
9908203	0.000015
210115	0.000015
110207	0.000015
9909109	0.000015
207199	0.000015
1013	0.000015
9912159	0.000015
105043	0.000015
1011	0.000015
10045	0.000015
105085	0.000015
9804093	0.000015
9410221	0.000015
9603163	0.000015
212263	0.000015
9902003	0.000015
9701163	0.000015
9508129	0.000015
9902099	0.000015
9811009	0.000015
105265	0.000015
107175	0.000015
9812143	0.000015
9309129	0.000015
9910089	0.000015
108095	0.000015
9113	0.000015
9902191	0.000015
1019	0.000015
9910175	0.000015
208153	0.000015
10195	0.000015
9905073	0.000015
9402067	0.000015
9908113	0.000015
5205	0.000015
9603059	0.000015
9707109	0.000015
9311185	0.000014
202163	0.000014
9201015	0.000014
9602147	0.000014
9305143	0.000014
7159	0.000014
202167	0.000014
103263	0.000014
108215	0.000014
203111	0.000014
9911173	0.000014
210181	0.000014
9909029	0.000014
104159	0.000014
9712221	0.000014
9807139	0.000014
107013	0.000014
9811243	0.000014
9410197	0.000014
9903231	0.000014
9308077	0.000014
209171	0.000014
207197	0.000014
9809181	0.000014
9605103	0.000014
9505071	0.000014
9508135	0.000014
9408025	0.000014
9803253	0.000014
9910161	0.000014
9902017	0.000014
301093	0.000014
11257	0.000014
9512051	0.000014
212195	0.000014
9701133	0.000014
4075	0.000014
111265	0.000014
102203	0.000014
212025	0.000014
11117	0.000014
9801079	0.000014
9811097	0.000014
201135	0.000014
104041	0.000014
9506205	0.000014
9502119	0.000014
9812227	0.000014
9902171	0.000014
9407051	0.000014
9712135	0.000014
9205091	0.000014
102043	0.000014
9711023	0.000014
9903189	0.000014
205261	0.000014
9801123	0.000014
10129	0.000014
6101	0.000014
9601089	0.000014
212323	0.000014
9902137	0.000014
9208011	0.000014
111027	0.000014
104195	0.000014
9312125	0.000014
9510027	0.000014
9501061	0.000014
109005	0.000014
9312143	0.000014
9409101	0.000014
9412145	0.000014
9912069	0.000014
101139	0.000014
9711039	0.000014
6079	0.000014
202011	0.000014
9704119	0.000013
9804097	0.000013
9511007	0.000013
9901043	0.000013
202049	0.000013
9506213	0.000013
104223	0.000013
108223	0.000013
201061	0.000013
9511103	0.000013
102001	0.000013
9608145	0.000013
9805199	0.000013
303235	0.000013
9708061	0.000013
8065	0.000013
9512055	0.000013
104235	0.000013
205287	0.000013
9708035	0.000013
9407107	0.000013
9508139	0.000013
9803049	0.000013
207175	0.000013
9901073	0.000013
302019	0.000013
108117	0.000013
9608187	0.000013
9911171	0.000013
9912097	0.000013
9704117	0.000013
9705031	0.000013
9812043	0.000013
9705105	0.000013
9409057	0.000013
9511079	0.000013
203057	0.000013
204075	0.000013
9702205	0.000013
9909187	0.000013
10025	0.000013
9503159	0.000013
304247	0.000013
8053	0.000013
9312085	0.000013
209015	0.000013
11139	0.000013
9405185	0.000013
106111	0.000013
9607151	0.000013
9906111	0.000013
9707181	0.000013
105017	0.000013
211133	0.000013
102023	0.000013
9807089	0.000013
10027	0.000013
11247	0.000013
207159	0.000013
9504089	0.000013
9910229	0.000013
9706083	0.000013
11233	0.000013
205045	0.000013
9412081	0.000013
9710197	0.000013
9708045	0.000013
9810081	0.000013
206165	0.000013
9611207	0.000013
9806193	0.000013
212119	0.000013
105169	0.000013
102105	0.000013
9707243	0.000013
9901123	0.000013
9308155	0.000013
107165	0.000013
9805007	0.000013
9804173	0.000013
208081	0.000013
9905055	0.000013
9909035	0.000013
9312081	0.000013
9408023	0.000013
9408129	0.000013
9310173	0.000013
9609027	0.000013
208205	0.000013
9606119	0.000013
9606031	0.000013
9611219	0.000013
9604031	0.000013
304009	0.000013
109219	0.000013
107071	0.000013
9806233	0.000012
9602125	0.000012
9803069	0.000012
105031	0.000012
204101	0.000012
9906131	0.000012
9905093	0.000012
5075	0.000012
104209	0.000012
9703067	0.000012
9709191	0.000012
9903117	0.000012
9906001	0.000012
9805085	0.000012
205295	0.000012
111155	0.000012
9801027	0.000012
9706005	0.000012
9804161	0.000012
9508147	0.000012
205073	0.000012
9907071	0.000012
204065	0.000012
5099	0.000012
9701171	0.000012
12225	0.000012
6123	0.000012
9709145	0.000012
304261	0.000012
210291	0.000012
207169	0.000012
210233	0.000012
9512225	0.000012
9708031	0.000012
9403041	0.000012
9301053	0.000012
9710025	0.000012
9509077	0.000012
107093	0.000012
9909071	0.000012
9501099	0.000012
9509067	0.000012
203213	0.000012
9909013	0.000012
9802187	0.000012
9906065	0.000012
9612251	0.000012
9803043	0.000012
9611099	0.000012
102031	0.000012
9307029	0.000012
9807133	0.000012
1219	0.000012
9804023	0.000012
108219	0.000012
303117	0.000012
9705067	0.000012
9512063	0.000012
201249	0.000012
9910241	0.000012
9506055	0.000012
9911237	0.000012
6135	0.000012
7149	0.000012
9611081	0.000012
9904213	0.000012
301097	0.000012
9311189	0.000012
204015	0.000012
9603183	0.000012
9210147	0.000012
207007	0.000012
9701017	0.000012
9406165	0.000012
108201	0.000012
9701153	0.000012
104099	0.000012
106183	0.000012
101171	0.000012
109125	0.000012
112187	0.000012
301027	0.000012
9301129	0.000012
304217	0.000012
9902043	0.000012
112263	0.000012
9802079	0.000012
9712121	0.000012
9512005	0.000012
9908127	0.000012
207281	0.000012
9304071	0.000012
9412189	0.000012
9608057	0.000012
211019	0.000012
9405015	0.000012
9406085	0.000012
3291	0.000012
9705069	0.000012
3069	0.000012
9909171	0.000012
301157	0.000012
9803017	0.000012
302167	0.000012
9811239	0.000012
9912041	0.000012
9605013	0.000012
9910111	0.000012
9909145	0.000012
9209115	0.000012
109039	0.000012
104113	0.000012
205021	0.000012
11121	0.000012
9810203	0.000012
9905153	0.000011
203269	0.000011
9712057	0.000011
9804031	0.000011
207129	0.000011
212231	0.000011
211203	0.000011
6063	0.000011
211281	0.000011
9906205	0.000011
9908159	0.000011
3041	0.000011
9909127	0.000011
9706131	0.000011
210139	0.000011
9610011	0.000011
9710079	0.000011
9505143	0.000011
9801097	0.000011
303183	0.000011
108089	0.000011
9602067	0.000011
211119	0.000011
304115	0.000011
111247	0.000011
302219	0.000011
10193	0.000011
9806139	0.000011
203181	0.000011
210055	0.000011
105211	0.000011
9312019	0.000011
9411107	0.000011
201095	0.000011
9401071	0.000011
9806229	0.000011
9306157	0.000011
9803193	0.000011
204005	0.000011
9311179	0.000011
301039	0.000011
9602055	0.000011
208043	0.000011
9702003	0.000011
9212037	0.000011
9810183	0.000011
111039	0.000011
9202039	0.000011
9909125	0.000011
9903047	0.000011
202045	0.000011
9810185	0.000011
12157	0.000011
9601075	0.000011
9705111	0.000011
9708139	0.000011
9712159	0.000011
6223	0.000011
9408027	0.000011
211213	0.000011
207071	0.000011
9607035	0.000011
108047	0.000011
9403049	0.000011
301069	0.000011
9710029	0.000011
7099	0.000011
9903055	0.000011
203233	0.000011
9412017	0.000011
104103	0.000011
108143	0.000011
9603055	0.000011
106087	0.000011
205309	0.000011
209197	0.000011
9607047	0.000011
9212013	0.000011
9305105	0.000011
12195	0.000011
12123	0.000011
212067	0.000011
9712165	0.000011
207067	0.000011
9304103	0.000011
12263	0.000011
9205055	0.000011
208213	0.000011
206027	0.000011
9908139	0.000011
108131	0.000011
9412027	0.000011
9707225	0.000011
207033	0.000011
9810015	0.000011
108059	0.000011
10147	0.000011
9706115	0.000011
9511091	0.000011
9706165	0.000011
105219	0.000011
3273	0.000011
101227	0.000011
6225	0.000011
302175	0.000011
303031	0.000011
3259	0.000011
210033	0.000011
9505041	0.000011
9605101	0.000011
9207061	0.000011
108109	0.000010
9703089	0.000010
9805031	0.000010
212039	0.000010
8055	0.000010
7173	0.000010
9411209	0.000010
9911235	0.000010
206025	0.000010
9204011	0.000010
9510045	0.000010
111145	0.000010
6017	0.000010
212343	0.000010
9812039	0.000010
204031	0.000010
9604109	0.000010
9910173	0.000010
203059	0.000010
209227	0.000010
9602011	0.000010
106145	0.000010
302165	0.000010
212033	0.000010
103133	0.000010
1017	0.000010
9804105	0.000010
1073	0.000010
202107	0.000010
9708129	0.000010
9807209	0.000010
304253	0.000010
9911115	0.000010
12015	0.000010
209071	0.000010
9504117	0.000010
9412169	0.000010
9712181	0.000010
204235	0.000010
9310069	0.000010
9411135	0.000010
209035	0.000010
9812103	0.000010
302179	0.000010
108113	0.000010
5011	0.000010
9912209	0.000010
201189	0.000010
9409099	0.000010
9802153	0.000010
108003	0.000010
209099	0.000010
9512091	0.000010
9903023	0.000010
212009	0.000010
107107	0.000010
9904067	0.000010
9609159	0.000010
11105	0.000010
9709159	0.000010
9212019	0.000010
9504077	0.000010
10263	0.000010
9811179	0.000010
209069	0.000010
106033	0.000010
9905049	0.000010
9706169	0.000010
203001	0.000010
204109	0.000010
9306137	0.000010
10233	0.000010
9307033	0.000010
9906193	0.000010
5237	0.000010
9704153	0.000010
106121	0.000010
9904005	0.000010
9705143	0.000010
9511021	0.000010
11123	0.000010
9312087	0.000010
304079	0.000010
9404115	0.000010
9506045	0.000010
211209	0.000010
201105	0.000010
9510145	0.000010
211113	0.000010
9906207	0.000010
9501045	0.000010
112065	0.000010
9711131	0.000010
7113	0.000010
106137	0.000010
9210001	0.000010
9304031	0.000010
212235	0.000010
9804007	0.000010
9810041	0.000010
9705041	0.000010
9307161	0.000010
9806079	0.000010
9902111	0.000010
9911233	0.000010
9205105	0.000010
9206009	0.000010
9612197	0.000010
9903111	0.000010
108011	0.000010
9412003	0.000010
9407015	0.000010
9310155	0.000010
9603121	0.000010
9912077	0.000010
210057	0.000010
110103	0.000010
9709207	0.000010
211093	0.000010
9703057	0.000010
9912245	0.000010
9906051	0.000010
211201	0.000010
101079	0.000010
7115	0.000010
9511059	0.000010
9609135	0.000010
9311017	0.000010
201057	0.000010
9510215	0.000009
9303051	0.000009
9412115	0.000009
109197	0.000009
112061	0.000009
112149	0.000009
106159	0.000009
9808007	0.000009
9803125	0.000009
9712167	0.000009
202209	0.000009
9601049	0.000009
9910081	0.000009
212099	0.000009
108073	0.000009
9904093	0.000009
9807079	0.000009
9704205	0.000009
209135	0.000009
9210047	0.000009
9704045	0.000009
9235	0.000009
109159	0.000009
207113	0.000009
9909067	0.000009
301083	0.000009
9806137	0.000009
9611163	0.000009
3235	0.000009
9708113	0.000009
9801159	0.000009
206073	0.000009
8251	0.000009
9906137	0.000009
9410063	0.000009
303065	0.000009
9208081	0.000009
9605045	0.000009
9612109	0.000009
6141	0.000009
303105	0.000009
112091	0.000009
205011	0.000009
9605031	0.000009
2097	0.000009
103149	0.000009
9901151	0.000009
206083	0.000009
2241	0.000009
203117	0.000009
9709115	0.000009
9307065	0.000009
9906077	0.000009
9906145	0.000009
8237	0.000009
5261	0.000009
9904101	0.000009
9202075	0.000009
9711185	0.000009
101117	0.000009
208093	0.000009
9806071	0.000009
9307165	0.000009
102169	0.000009
9403113	0.000009
7133	0.000009
9810153	0.000009
210263	0.000009
9407097	0.000009
9206101	0.000009
9807093	0.000009
208145	0.000009
9705165	0.000009
9807117	0.000009
9610247	0.000009
9912211	0.000009
9610023	0.000009
9209027	0.000009
9804209	0.000009
6227	0.000009
203143	0.000009
9501067	0.000009
9912237	0.000009
9409081	0.000009
9411105	0.000009
304219	0.000009
212225	0.000009
9604077	0.000009
9507035	0.000009
9901143	0.000009
9812201	0.000009
1173	0.000009
209141	0.000009
9510115	0.000009
3241	0.000009
9910043	0.000009
9601095	0.000009
9705073	0.000009
108111	0.000009
107257	0.000009
9077	0.000009
9408167	0.000009
9908027	0.000009
9210029	0.000009
205125	0.000009
205229	0.000009
211051	0.000009
301007	0.000009
7141	0.000009
9306141	0.000009
111007	0.000009
12255	0.000009
304241	0.000009
108243	0.000009
112251	0.000009
209193	0.000009
9502145	0.000009
102163	0.000009
9709103	0.000009
11259	0.000009
9501039	0.000009
9911183	0.000009
8067	0.000009
202047	0.000009
11145	0.000008
9809007	0.000008
8047	0.000008
205211	0.000008
9209107	0.000008
9401127	0.000008
9406205	0.000008
203145	0.000008
5257	0.000008
9803007	0.000008
9801117	0.000008
304199	0.000008
9812225	0.000008
203075	0.000008
9701119	0.000008
109195	0.000008
101069	0.000008
204093	0.000008
9812195	0.000008
107137	0.000008
303213	0.000008
212209	0.000008
9806029	0.000008
9912045	0.000008
9703177	0.000008
11185	0.000008
9701073	0.000008
201191	0.000008
9707241	0.000008
9404079	0.000008
9902029	0.000008
9612235	0.000008
204067	0.000008
9607015	0.000008
9903229	0.000008
9610065	0.000008
9212127	0.000008
9309093	0.000008
9707027	0.000008
204153	0.000008
1165	0.000008
9505107	0.000008
207005	0.000008
9704101	0.000008
9803217	0.000008
9904165	0.000008
9407017	0.000008
9509163	0.000008
11207	0.000008
9311137	0.000008
9601117	0.000008
9511031	0.000008
9909157	0.000008
9603093	0.000008
9806049	0.000008
9712225	0.000008
9909055	0.000008
112217	0.000008
208077	0.000008
9910017	0.000008
201155	0.000008
9809055	0.000008
304067	0.000008
9503029	0.000008
9310123	0.000008
9910155	0.000008
9612245	0.000008
9810021	0.000008
2177	0.000008
9706049	0.000008
9410023	0.000008
9711045	0.000008
9906203	0.000008
111253	0.000008
9710189	0.000008
103009	0.000008
211047	0.000008
111123	0.000008
9404041	0.000008
9402155	0.000008
9611221	0.000008
5173	0.000008
9908201	0.000008
2235	0.000008
9508055	0.000008
103181	0.000008
9504137	0.000008
206137	0.000008
9305175	0.000008
206081	0.000008
111173	0.000008
9801171	0.000008
9910097	0.000008
103227	0.000008
101077	0.000008
9507097	0.000008
107033	0.000008
9807143	0.000008
9703179	0.000008
9212029	0.000008
212071	0.000008
210049	0.000008
9703119	0.000008
9302077	0.000008
303227	0.000008
9605047	0.000008
9907061	0.000008
9409039	0.000008
9157	0.000008
9806235	0.000008
10083	0.000008
9905141	0.000008
9908041	0.000008
9905053	0.000008
9311093	0.000008
9312207	0.000008
9707049	0.000008
8201	0.000008
8247	0.000008
9406081	0.000008
9411017	0.000008
201089	0.000008
9904211	0.000008
304151	0.000008
106045	0.000008
9706041	0.000008
5121	0.000008
9310017	0.000008
302043	0.000008
9506167	0.000008
9709163	0.000008
2045	0.000007
9211095	0.000007
302091	0.000007
9511223	0.000007
9803065	0.000007
9301115	0.000007
9710031	0.000007
108077	0.000007
209111	0.000007
9702183	0.000007
9905027	0.000007
302185	0.000007
9603181	0.000007
5097	0.000007
111201	0.000007
9811173	0.000007
9804175	0.000007
9702149	0.000007
9808105	0.000007
9511177	0.000007
9608155	0.000007
9803161	0.000007
206211	0.000007
110161	0.000007
9608045	0.000007
212089	0.000007
9609175	0.000007
9701077	0.000007
205107	0.000007
9708083	0.000007
111133	0.000007
8099	0.000007
210095	0.000007
9705153	0.000007
9303073	0.000007
9306111	0.000007
212037	0.000007
205115	0.000007
303131	0.000007
204231	0.000007
9510005	0.000007
103157	0.000007
9306135	0.000007
102071	0.000007
103117	0.000007
204173	0.000007
9912035	0.000007
9907069	0.000007
9701075	0.000007
9810029	0.000007
9807167	0.000007
9908169	0.000007
9212095	0.000007
12097	0.000007
211163	0.000007
108121	0.000007
9510071	0.000007
9605141	0.000007
210163	0.000007
212339	0.000007
9212117	0.000007
304153	0.000007
9707071	0.000007
107121	0.000007
9812109	0.000007
110141	0.000007
111121	0.000007
9601175	0.000007
107023	0.000007
104065	0.000007
9411203	0.000007
9306057	0.000007
11047	0.000007
106279	0.000007
9906073	0.000007
9611017	0.000007
9908035	0.000007
8111	0.000007
2085	0.000007
9612081	0.000007
204121	0.000007
9411213	0.000007
106249	0.000007
206069	0.000007
109075	0.000007
3223	0.000007
212257	0.000007
9812137	0.000007
9801139	0.000007
10001	0.000007
10007	0.000007
8147	0.000007
9305021	0.000007
9412095	0.000007
9701095	0.000007
2081	0.000007
9403109	0.000007
9612163	0.000007
9906099	0.000007
9703097	0.000007
6175	0.000007
9911229	0.000007
9705145	0.000007
9811227	0.000007
9711021	0.000007
9405111	0.000007
204181	0.000007
9806203	0.000007
9306079	0.000007
2185	0.000007
210223	0.000007
210219	0.000007
7037	0.000007
206111	0.000007
9905097	0.000007
9810163	0.000007
206253	0.000007
212317	0.000007
106035	0.000007
303001	0.000007
9805167	0.000007
9612077	0.000007
9411007	0.000007
206199	0.000007
110299	0.000007
9807009	0.000007
12021	0.000007
9907083	0.000007
9510151	0.000007
9707051	0.000007
106083	0.000007
9806185	0.000007
9601105	0.000007
301009	0.000007
5051	0.000007
9606011	0.000007
9710175	0.000007
209043	0.000007
9911157	0.000007
4021	0.000006
9312139	0.000006
206077	0.000006
9707111	0.000006
9512007	0.000006
303197	0.000006
9303045	0.000006
6007	0.000006
9809041	0.000006
104069	0.000006
9708153	0.000006
207047	0.000006
9907151	0.000006
202071	0.000006
106239	0.000006
9804003	0.000006
9404009	0.000006
9707059	0.000006
108189	0.000006
9912259	0.000006
208171	0.000006
4023	0.000006
9312159	0.000006
209041	0.000006
9909105	0.000006
9502117	0.000006
9609163	0.000006
9903197	0.000006
107011	0.000006
9809163	0.000006
212271	0.000006
7047	0.000006
9506183	0.000006
105313	0.000006
9808013	0.000006
9612047	0.000006
101169	0.000006
2057	0.000006
9805183	0.000006
101205	0.000006
9803123	0.000006
9806065	0.000006
9512201	0.000006
101203	0.000006
9411127	0.000006
9207077	0.000006
9802155	0.000006
9609233	0.000006
9810063	0.000006
9809185	0.000006
9405163	0.000006
9304039	0.000006
101095	0.000006
9806117	0.000006
9310075	0.000006
301105	0.000006
9903041	0.000006
204039	0.000006
206157	0.000006
9411037	0.000006
9704017	0.000006
9311155	0.000006
9401053	0.000006
9706039	0.000006
9906179	0.000006
212153	0.000006
108125	0.000006
212337	0.000006
211115	0.000006
9508027	0.000006
9509079	0.000006
209163	0.000006
3023	0.000006
9406017	0.000006
9503117	0.000006
9902163	0.000006
9810223	0.000006
9411137	0.000006
9310169	0.000006
303051	0.000006
4201	0.000006
9706067	0.000006
8215	0.000006
9306063	0.000006
9408149	0.000006
9609077	0.000006
9173	0.000006
9408179	0.000006
108105	0.000006
9807203	0.000006
9905091	0.000006
301129	0.000006
9701057	0.000006
9302075	0.000006
9607029	0.000006
9510075	0.000006
9505177	0.000006
109101	0.000006
7069	0.000006
9208023	0.000006
9707125	0.000006
9801071	0.000006
9909119	0.000006
9312097	0.000006
210065	0.000006
9911189	0.000006
9311141	0.000006
9703145	0.000006
302217	0.000006
9511011	0.000006
10267	0.000006
111141	0.000006
9603107	0.000006
9911225	0.000006
9602171	0.000006
9606107	0.000006
9504037	0.000006
9505085	0.000006
2031	0.000006
9606161	0.000006
9703153	0.000006
212239	0.000006
9912139	0.000006
1101	0.000006
9508077	0.000006
205109	0.000006
11183	0.000006
4139	0.000006
9905187	0.000006
301065	0.000006
9607155	0.000006
9405039	0.000006
9703143	0.000006
204081	0.000006
9908017	0.000006
205055	0.000006
5213	0.000006
9227	0.000006
9803083	0.000006
302077	0.000006
9706213	0.000006
9909087	0.000006
101037	0.000005
9711077	0.000005
9501141	0.000005
208191	0.000005
212113	0.000005
9606043	0.000005
9609197	0.000005
101021	0.000005
106093	0.000005
207131	0.000005
9709037	0.000005
9411055	0.000005
9408137	0.000005
104027	0.000005
9904069	0.000005
9909173	0.000005
211193	0.000005
9911051	0.000005
9704075	0.000005
9605027	0.000005
9806237	0.000005
9207027	0.000005
201133	0.000005
9601109	0.000005
9910235	0.000005
304215	0.000005
301195	0.000005
304129	0.000005
9710185	0.000005
9149	0.000005
9410015	0.000005
106263	0.000005
9403021	0.000005
9302143	0.000005
101207	0.000005
2139	0.000005
9906177	0.000005
107001	0.000005
9809079	0.000005
111017	0.000005
9801029	0.000005
203055	0.000005
9609111	0.000005
9604023	0.000005
9803199	0.000005
9511147	0.000005
9904147	0.000005
6093	0.000005
8101	0.000005
9808051	0.000005
303167	0.000005
9307183	0.000005
9404131	0.000005
9410149	0.000005
203205	0.000005
209189	0.000005
105277	0.000005
9312039	0.000005
9303175	0.000005
9405129	0.000005
9809063	0.000005
9511075	0.000005
9909063	0.000005
9211089	0.000005
208143	0.000005
9602117	0.000005
9810011	0.000005
210227	0.000005
9907163	0.000005
9303171	0.000005
9205111	0.000005
9508029	0.000005
9155	0.000005
12201	0.000005
6177	0.000005
9803175	0.000005
9905087	0.000005
9702115	0.000005
4121	0.000005
104199	0.000005
9302039	0.000005
9906239	0.000005
9906209	0.000005
9404125	0.000005
9807003	0.000005
9612141	0.000005
9308021	0.000005
4199	0.000005
9401163	0.000005
9204097	0.000005
9902129	0.000005
9901029	0.000005
9610021	0.000005
9310117	0.000005
204055	0.000005
109207	0.000005
202123	0.000005
206105	0.000005
9704015	0.000005
303241	0.000005
9310029	0.000005
9049	0.000005
9311109	0.000005
11135	0.000005
9902085	0.000005
9309035	0.000005
9910261	0.000005
107009	0.000005
302117	0.000005
9504053	0.000005
9911255	0.000005
106265	0.000005
9707183	0.000005
9811129	0.000005
9610051	0.000005
9710073	0.000005
107221	0.000005
104155	0.000005
304181	0.000005
206225	0.000005
9805043	0.000005
9303025	0.000005
103019	0.000005
9912141	0.000005
9509043	0.000005
9703197	0.000005
3251	0.000005
104025	0.000005
3161	0.000005
9901107	0.000005
9908143	0.000005
9603105	0.000005
1119	0.000005
9812207	0.000005
9703069	0.000005
9705217	0.000005
9804099	0.000005
9407181	0.000005
9508073	0.000005
9017	0.000005
4107	0.000005
9506199	0.000005
303211	0.000005
2135	0.000005
9603007	0.000005
206041	0.000005
202103	0.000005
202155	0.000005
9805137	0.000005
9712247	0.000005
10005	0.000005
9206099	0.000005
2099	0.000005
9504133	0.000005
9602101	0.000005
11287	0.000005
3151	0.000005
9611175	0.000005
105141	0.000005
9909179	0.000004
9812053	0.000004
104175	0.000004
9307163	0.000004
104231	0.000004
204107	0.000004
9911019	0.000004
9807081	0.000004
9802149	0.000004
9210031	0.000004
9701033	0.000004
9607073	0.000004
106197	0.000004
9610141	0.000004
9212021	0.000004
9903227	0.000004
205275	0.000004
110157	0.000004
104263	0.000004
9903137	0.000004
9509135	0.000004
9506015	0.000004
9704061	0.000004
112133	0.000004
9508015	0.000004
9309083	0.000004
9803033	0.000004
9803197	0.000004
9231	0.000004
9910269	0.000004
9903193	0.000004
9711031	0.000004
9911217	0.000004
9902123	0.000004
4129	0.000004
207213	0.000004
301017	0.000004
302107	0.000004
9701043	0.000004
9711151	0.000004
9807071	0.000004
9403097	0.000004
107209	0.000004
9904097	0.000004
9508011	0.000004
110179	0.000004
9212011	0.000004
106049	0.000004
9901133	0.000004
9704113	0.000004
9801051	0.000004
207211	0.000004
103081	0.000004
302015	0.000004
9607123	0.000004
3011	0.000004
6001	0.000004
211095	0.000004
302147	0.000004
9907121	0.000004
9604115	0.000004
9909167	0.000004
107243	0.000004
108081	0.000004
9412191	0.000004
9406123	0.000004
9412215	0.000004
106131	0.000004
9903081	0.000004
9303049	0.000004
9902179	0.000004
9804075	0.000004
206135	0.000004
9803035	0.000004
204205	0.000004
9610103	0.000004
205157	0.000004
207163	0.000004
302129	0.000004
9712227	0.000004
9609141	0.000004
105051	0.000004
9702059	0.000004
9301021	0.000004
9802143	0.000004
9507153	0.000004
9403033	0.000004
9401057	0.000004
9706027	0.000004
9902093	0.000004
9802193	0.000004
208069	0.000004
9607131	0.000004
9604071	0.000004
9910163	0.000004
9403139	0.000004
9910125	0.000004
9506095	0.000004
103217	0.000004
9703077	0.000004
9712187	0.000004
9304001	0.000004
9612247	0.000004
110085	0.000004
110243	0.000004
9602015	0.000004
9806205	0.000004
9611161	0.000004
9503063	0.000004
304213	0.000004
9907141	0.000004
6039	0.000004
9909075	0.000004
9712035	0.000004
212083	0.000004
212007	0.000004
7223	0.000004
9809171	0.000004
207157	0.000004
9903061	0.000004
211085	0.000004
9217	0.000004
9804037	0.000004
9804201	0.000004
107203	0.000004
12167	0.000004
211031	0.000004
304071	0.000004
104107	0.000004
303141	0.000004
206191	0.000004
9410013	0.000004
9505125	0.000004
9411231	0.000004
9701011	0.000004
9701191	0.000004
9711177	0.000004
103145	0.000004
9404179	0.000004
9603029	0.000004
9710225	0.000004
103185	0.000004
209215	0.000004
9910113	0.000004
9705005	0.000004
9203	0.000004
9812155	0.000004
9410047	0.000004
12151	0.000004
9512029	0.000004
204207	0.000004
9905019	0.000004
108103	0.000004
303163	0.000004
7155	0.000004
4081	0.000004
9712039	0.000004
9411165	0.000004
9910199	0.000004
9909123	0.000004
9712205	0.000004
9808023	0.000004
9205007	0.000004
207263	0.000004
9809069	0.000004
108193	0.000004
207259	0.000004
9411003	0.000004
211157	0.000004
9712231	0.000004
110125	0.000004
10173	0.000004
9508175	0.000004
9310135	0.000004
9905033	0.000004
3265	0.000004
205189	0.000004
9707197	0.000004
9807149	0.000004
9909153	0.000004
9310115	0.000004
9312213	0.000004
9202035	0.000004
212261	0.000004
9708015	0.000004
9512111	0.000004
12107	0.000003
203185	0.000003
303181	0.000003
9509121	0.000003
9711123	0.000003
12013	0.000003
9705227	0.000003
112247	0.000003
9811119	0.000003
9612191	0.000003
206023	0.000003
9604183	0.000003
9601145	0.000003
209175	0.000003
203053	0.000003
9906237	0.000003
303067	0.000003
9801141	0.000003
211261	0.000003
9611079	0.000003
9812011	0.000003
9612249	0.000003
9605095	0.000003
204193	0.000003
9804059	0.000003
205141	0.000003
108141	0.000003
7041	0.000003
9507167	0.000003
2215	0.000003
7233	0.000003
209207	0.000003
9702109	0.000003
9908031	0.000003
203103	0.000003
207241	0.000003
301025	0.000003
212345	0.000003
9901115	0.000003
9906163	0.000003
9906053	0.000003
9502131	0.000003
9401095	0.000003
109015	0.000003
9406005	0.000003
302033	0.000003
302071	0.000003
9812001	0.000003
9402027	0.000003
211197	0.000003
9312203	0.000003
211043	0.000003
9209043	0.000003
9807043	0.000003
9407021	0.000003
9911185	0.000003
9909091	0.000003
9712175	0.000003
111285	0.000003
111077	0.000003
9509125	0.000003
9903125	0.000003
211063	0.000003
106245	0.000003
9908179	0.000003
9703167	0.000003
9206111	0.000003
9406053	0.000003
9912025	0.000003
9611113	0.000003
9503145	0.000003
9305137	0.000003
201259	0.000003
7051	0.000003
301221	0.000003
9305115	0.000003
9810065	0.000003
9206067	0.000003
104185	0.000003
205137	0.000003
208199	0.000003
9802199	0.000003
9910231	0.000003
9403177	0.000003
9310167	0.000003
9301063	0.000003
205069	0.000003
111269	0.000003
1217	0.000003
9706075	0.000003
9307121	0.000003
12231	0.000003
9809125	0.000003
9307107	0.000003
4113	0.000003
9509169	0.000003
9506107	0.000003
9712163	0.000003
207271	0.000003
204239	0.000003
301215	0.000003
9303015	0.000003
111153	0.000003
210235	0.000003
303097	0.000003
212109	0.000003
9910101	0.000003
12153	0.000003
9702095	0.000003
207039	0.000003
304159	0.000003
9908155	0.000003
210279	0.000003
9405059	0.000003
9407045	0.000003
102033	0.000003
202181	0.000003
208085	0.000003
9804067	0.000003
9706157	0.000003
10055	0.000003
9906021	0.000003
9609007	0.000003
9706201	0.000003
6207	0.000003
9503089	0.000003
9403043	0.000003
201255	0.000003
9802175	0.000003
9705063	0.000003
9908045	0.000003
9306059	0.000003
9404107	0.000003
9904103	0.000003
12139	0.000003
111087	0.000003
9706033	0.000003
111095	0.000003
9803097	0.000003
202133	0.000003
209103	0.000003
9307091	0.000003
9610159	0.000003
9406091	0.000003
9701157	0.000003
6171	0.000003
9502101	0.000003
9611049	0.000003
9702179	0.000003
107217	0.000003
101189	0.000003
9802125	0.000003
9503055	0.000003
9803003	0.000003
9706177	0.000003
9405031	0.000003
304177	0.000003
9610185	0.000003
109155	0.000003
9608107	0.000003
9311005	0.000003
9712233	0.000003
9045	0.000003
208197	0.000003
9609221	0.000003
9804103	0.000003
9708063	0.000003
106153	0.000003
203175	0.000003
10183	0.000003
301185	0.000003
9406035	0.000003
9508007	0.000003
9811041	0.000003
9712245	0.000003
303153	0.000003
104049	0.000003
9709005	0.000003
201027	0.000003
9910171	0.000003
9410051	0.000003
9205101	0.000003
9506149	0.000003
208051	0.000003
9402149	0.000003
9509145	0.000003
304173	0.000003
304209	0.000003
9806015	0.000003
9812023	0.000003
9405019	0.000003
9806047	0.000003
9612133	0.000003
9605067	0.000003
9210129	0.000003
208231	0.000003
206131	0.000003
208015	0.000003
9905219	0.000003
9902161	0.000003
109111	0.000003
9602059	0.000003
9409063	0.000003
103131	0.000003
9706145	0.000003
10265	0.000003
9302099	0.000003
9606081	0.000003
9312107	0.000003
206119	0.000003
2133	0.000003
9510127	0.000003
206217	0.000003
103211	0.000003
105271	0.000003
9406061	0.000003
9407129	0.000003
9051	0.000003
9504109	0.000003
9909191	0.000003
206125	0.000003
111031	0.000003
9606007	0.000003
10155	0.000003
209131	0.000003
9411123	0.000003
9611043	0.000003
9912261	0.000003
9702185	0.000003
9806109	0.000003
105197	0.000003
9311085	0.000003
9702123	0.000003
5199	0.000003
109059	0.000003
9702117	0.000003
9706121	0.000003
9503233	0.000003
9808095	0.000003
9512137	0.000003
202199	0.000003
9612173	0.000003
210155	0.000003
209091	0.000003
9409007	0.000002
9409017	0.000002
9311129	0.000002
7105	0.000002
8045	0.000002
9306019	0.000002
11045	0.000002
303111	0.000002
9405135	0.000002
9607237	0.000002
212017	0.000002
9307151	0.000002
9910179	0.000002
9902189	0.000002
9711125	0.000002
211067	0.000002
9307059	0.000002
210091	0.000002
3157	0.000002
104253	0.000002
301247	0.000002
9501095	0.000002
109073	0.000002
9606091	0.000002
9806157	0.000002
304251	0.000002
9704159	0.000002
110025	0.000002
9904007	0.000002
9909197	0.000002
8011	0.000002
108093	0.000002
10063	0.000002
9908209	0.000002
206205	0.000002
9801191	0.000002
104171	0.000002
211049	0.000002
10003	0.000002
9307185	0.000002
9408115	0.000002
103073	0.000002
108145	0.000002
9159	0.000002
208041	0.000002
9809075	0.000002
11289	0.000002
304089	0.000002
9605007	0.000002
9807107	0.000002
9612067	0.000002
104067	0.000002
9412077	0.000002
9801113	0.000002
9509033	0.000002
9407187	0.000002
9808181	0.000002
9212099	0.000002
9703215	0.000002
9405065	0.000002
9805111	0.000002
9511163	0.000002
9811155	0.000002
9803261	0.000002
9602159	0.000002
9402137	0.000002
9601061	0.000002
303133	0.000002
301153	0.000002
9305041	0.000002
9407009	0.000002
207275	0.000002
10289	0.000002
103265	0.000002
1105	0.000002
9709161	0.000002
107213	0.000002
9407131	0.000002
9608113	0.000002
212121	0.000002
103059	0.000002
9310129	0.000002
9503185	0.000002
201251	0.000002
9811053	0.000002
9701141	0.000002
9210079	0.000002
6245	0.000002
204105	0.000002
206185	0.000002
9307157	0.000002
109193	0.000002
9710125	0.000002
9902113	0.000002
208209	0.000002
201181	0.000002
9205	0.000002
9808147	0.000002
9910075	0.000002
9206083	0.000002
205203	0.000002
102209	0.000002
9308125	0.000002
9403013	0.000002
302145	0.000002
208021	0.000002
101185	0.000002
202117	0.000002
302003	0.000002
9510223	0.000002
9802095	0.000002
9803215	0.000002
207183	0.000002
9809029	0.000002
9302079	0.000002
9412051	0.000002
8063	0.000002
9606047	0.000002
9411151	0.000002
9604169	0.000002
9703183	0.000002
9509057	0.000002
9902081	0.000002
9204079	0.000002
211239	0.000002
205001	0.000002
9609179	0.000002
5037	0.000002
101127	0.000002
9411013	0.000002
205253	0.000002
303121	0.000002
9606059	0.000002
104149	0.000002
9609157	0.000002
9605143	0.000002
9302089	0.000002
109157	0.000002
9802075	0.000002
9703125	0.000002
9908111	0.000002
12017	0.000002
9306015	0.000002
109087	0.000002
9412093	0.000002
9507111	0.000002
9109	0.000002
9511033	0.000002
105293	0.000002
211189	0.000002
9510039	0.000002
206159	0.000002
9511205	0.000002
9806201	0.000002
205217	0.000002
10031	0.000002
9709089	0.000002
112077	0.000002
9503103	0.000002
102089	0.000002
9502161	0.000002
9512103	0.000002
9612053	0.000002
203089	0.000002
9603111	0.000002
9609105	0.000002
210123	0.000002
5039	0.000002
9911155	0.000002
9712155	0.000002
8185	0.000002
9209029	0.000002
9709147	0.000002
9412125	0.000002
301103	0.000002
9502149	0.000002
210067	0.000002
9910073	0.000002
9903079	0.000002
302069	0.000002
9510119	0.000002
9604175	0.000002
103135	0.000002
304227	0.000002
9711199	0.000002
9811151	0.000002
109047	0.000002
109109	0.000002
210097	0.000002
205061	0.000002
9115	0.000002
9702075	0.000002
304027	0.000002
3233	0.000002
9509055	0.000002
9904035	0.000002
303091	0.000002
8155	0.000002
9609049	0.000002
207141	0.000002
6165	0.000002
9607069	0.000002
207093	0.000002
9909143	0.000002
9609065	0.000002
9302125	0.000002
109177	0.000002
108181	0.000002
9207069	0.000002
9506067	0.000002
110273	0.000002
109089	0.000002
209149	0.000002
9703159	0.000002
9907051	0.000002
9708023	0.000002
9710221	0.000002
112157	0.000002
9607005	0.000002
9812085	0.000002
9708067	0.000002
304145	0.000002
204209	0.000002
9807241	0.000002
303093	0.000002
9706019	0.000002
301131	0.000002
9403081	0.000002
9703171	0.000002
10053	0.000002
210117	0.000002
9707155	0.000002
103045	0.000002
201141	0.000002
9910255	0.000002
9806219	0.000002
9510095	0.000002
202035	0.000002
9509127	0.000002
9908133	0.000002
9708093	0.000002
9311165	0.000002
101005	0.000002
12181	0.000002
9710093	0.000002
9910233	0.000002
9912221	0.000002
1003	0.000002
9301035	0.000002
9809037	0.000002
9506033	0.000002
9909033	0.000002
102081	0.000002
303155	0.000002
9503113	0.000002
9210061	0.000002
9604067	0.000002
9307195	0.000002
102015	0.000002
111223	0.000002
9809073	0.000002
11249	0.000002
9503165	0.000002
7161	0.000002
9204053	0.000002
9712079	0.000002
107127	0.000002
9703029	0.000002
9706103	0.000002
9804005	0.000002
9811071	0.000002
9607103	0.000002
9912029	0.000002
9412163	0.000002
5085	0.000002
9610113	0.000002
9604093	0.000002
9409199	0.000002
212137	0.000001
9908137	0.000001
9304019	0.000001
9903211	0.000001
9205077	0.000001
9712045	0.000001
9908071	0.000001
201107	0.000001
12125	0.000001
9510231	0.000001
2003	0.000001
204233	0.000001
9806165	0.000001
1031	0.000001
9510139	0.000001
9307143	0.000001
9201041	0.000001
9404095	0.000001
212141	0.000001
9410201	0.000001
105289	0.000001
9711047	0.000001
9903169	0.000001
207203	0.000001
9912247	0.000001
9711135	0.000001
101235	0.000001
9212067	0.000001
2001	0.000001
9609083	0.000001
9901165	0.000001
112207	0.000001
9204101	0.000001
11163	0.000001
9612093	0.000001
207195	0.000001
9602169	0.000001
9811171	0.000001
9804147	0.000001
9801187	0.000001
9404033	0.000001
9508125	0.000001
9607159	0.000001
9902019	0.000001
9906211	0.000001
9606041	0.000001
303165	0.000001
9602141	0.000001
111047	0.000001
9903191	0.000001
9407063	0.000001
9902117	0.000001
9801099	0.000001
9301079	0.000001
201229	0.000001
210107	0.000001
9405051	0.000001
9303039	0.000001
9705197	0.000001
9302041	0.000001
9912051	0.000001
9708053	0.000001
212259	0.000001
9310077	0.000001
9608027	0.000001
9505147	0.000001
201161	0.000001
301081	0.000001
11211	0.000001
9801143	0.000001
9712067	0.000001
9609051	0.000001
209245	0.000001
9249	0.000001
209183	0.000001
203193	0.000001
9810115	0.000001
9810143	0.000001
9707113	0.000001
9810231	0.000001
9705015	0.000001
5181	0.000001
9710209	0.000001
9705213	0.000001
9912105	0.000001
9704079	0.000001
9605017	0.000001
302085	0.000001
9802017	0.000001
205009	0.000001
205133	0.000001
9402095	0.000001
304059	0.000001
108035	0.000001
9912191	0.000001
9401147	0.000001
103221	0.000001
9801201	0.000001
9611005	0.000001
9206041	0.000001
9702197	0.000001
207221	0.000001
9810213	0.000001
9508033	0.000001
9705141	0.000001
208135	0.000001
10259	0.000001
206019	0.000001
9305019	0.000001
208177	0.000001
210251	0.000001
9406181	0.000001
9510089	0.000001
9703187	0.000001
8009	0.000001
9709175	0.000001
304103	0.000001
9611053	0.000001
1207	0.000001
9405047	0.000001
9811253	0.000001
9803165	0.000001
9712023	0.000001
210295	0.000001
9211027	0.000001
102141	0.000001
9207079	0.000001
9211117	0.000001
9609055	0.000001
211083	0.000001
9912065	0.000001
208147	0.000001
108209	0.000001
9603201	0.000001
9705181	0.000001
304119	0.000001
9303115	0.000001
209221	0.000001
4173	0.000001
9604059	0.000001
9904081	0.000001
2199	0.000001
9612111	0.000001
101133	0.000001
9604107	0.000001
9812131	0.000001
212269	0.000001
9307025	0.000001
12073	0.000001
9509093	0.000001
9706053	0.000001
302057	0.000001
9911053	0.000001
9612175	0.000001
9703181	0.000001
9905101	0.000001
9802013	0.000001
212139	0.000001
9503237	0.000001
212321	0.000001
303013	0.000001
9907207	0.000001
101165	0.000001
9808135	0.000001
9509059	0.000001
9805115	0.000001
9806223	0.000001
302215	0.000001
203179	0.000001
110193	0.000001
9407103	0.000001
9510205	0.000001
204175	0.000001
9212061	0.000001
9608077	0.000001
205099	0.000001
9208005	0.000001
201055	0.000001
9909079	0.000001
304005	0.000001
304015	0.000001
204213	0.000001
301031	0.000001
9312017	0.000001
302177	0.000001
201163	0.000001
9207041	0.000001
211013	0.000001
9905139	0.000001
212299	0.000001
9805073	0.000001
9911077	0.000001
207015	0.000001
9912215	0.000001
9245	0.000001
9411019	0.000001
9607137	0.000001
203209	0.000001
6159	0.000001
9910127	0.000001
9909069	0.000001
9706077	0.000001
105167	0.000001
9412181	0.000001
9312101	0.000001
9207045	0.000001
101221	0.000001
212163	0.000001
201149	0.000001
204021	0.000001
9604047	0.000001
205013	0.000001
9807057	0.000001
9301055	0.000001
11165	0.000001
1189	0.000001
301151	0.000001
9703063	0.000001
9305121	0.000001
9310141	0.000001
204161	0.000001
9907105	0.000001
9603129	0.000001
211229	0.000001
212035	0.000001
208139	0.000001
9705065	0.000001
107171	0.000001
211039	0.000001
9707169	0.000001
9606073	0.000001
9907179	0.000001
205231	0.000001
9411029	0.000001
9303063	0.000001
9804109	0.000001
11143	0.000001
107113	0.000001
9411103	0.000001
206117	0.000001
12089	0.000001
106009	0.000001
207075	0.000001
9803185	0.000001
110177	0.000001
9311049	0.000001
9303079	0.000001
9906155	0.000001
9701177	0.000001
9808127	0.000001
9803105	0.000001
9907185	0.000001
210189	0.000001
210153	0.000001
303261	0.000001
9707135	0.000001
207187	0.000001
9307093	0.000001
9902119	0.000001
9502099	0.000001
6059	0.000001
9303129	0.000001
9707157	0.000001
11103	0.000001
9311143	0.000001
9908093	0.000001
9907135	0.000001
9202087	0.000001
202195	0.000001
9302101	0.000001
3165	0.000001
9801033	0.000001
112039	0.000001
208167	0.000001
5193	0.000001
9505193	0.000001
9610137	0.000001
9609211	0.000001
9510025	0.000001
9708073	0.000001
9603075	0.000001
9507157	0.000001
9612061	0.000001
208179	0.000001
9904009	0.000001
209113	0.000001
9507129	0.000001
9907031	0.000001
9604161	0.000001
209209	0.000001
9301033	0.000001
9505151	0.000001
107195	0.000001
101129	0.000001
9803087	0.000001
9908009	0.000001
203035	0.000001
10171	0.000001
102011	0.000001
109139	0.000001
208091	0.000001
9511137	0.000001
206055	0.000001
209011	0.000001
9310013	0.000001
9910137	0.000001
9511069	0.000001
9704211	0.000001
9209065	0.000001
212053	0.000001
9612139	0.000001
3239	0.000001
9403027	0.000001
2129	0.000001
9210075	0.000001
211037	0.000001
9701083	0.000001
201177	0.000001
5023	0.000001
304097	0.000001
9812191	0.000001
204119	0.000001
9701145	0.000001
9802093	0.000001
9910153	0.000001
3155	0.000001
11179	0.000001
304149	0.000001
8225	0.000001
9510121	0.000001
112107	0.000001
12055	0.000001
9609091	0.000001
3229	0.000001
9812231	0.000001
9209117	0.000001
9609101	0.000001
9410183	0.000001
9308051	0.000001
9711171	0.000001
9906247	0.000001
105281	0.000001
9804081	0.000001
112015	0.000001
106237	0.000001
9810005	0.000001
303107	0.000001
9304033	0.000001
11227	0.000001
110217	0.000001
9802105	0.000001
210253	0.000001
9412235	0.000001
101141	0.000001
210171	0.000001
9511185	0.000001
101045	0.000001
9210053	0.000001
301043	0.000001
202093	0.000001
105275	0.000001
210063	0.000001
9408133	0.000001
109023	0.000001
9411005	0.000001
101051	0.000001
9508009	0.000001
9208025	0.000001
7221	0.000001
109115	0.000001
9611023	0.000001
9608147	0.000001
9612155	0.000001
9704007	0.000001
212027	0.000001
9902027	0.000001
110159	0.000001
3039	0.000001
109189	0.000001
9309005	0.000001
9406153	0.000001
9029	0.000001
9609015	0.000001
9903015	0.000001
9407057	0.000001
111103	0.000001
9511039	0.000001
9401117	0.000001
3275	0.000001
202161	0.000001
208149	0.000001
9406111	0.000001
11155	0.000001
303003	0.000001
211249	0.000000
206085	0.000000
203207	0.000000
9710013	0.000000
9906149	0.000000
206053	0.000000
207251	0.000000
9410157	0.000000
9512213	0.000000
9711033	0.000000
105183	0.000000
9912137	0.000000
9908095	0.000000
304099	0.000000
9812253	0.000000
104251	0.000000
9808077	0.000000
9510091	0.000000
9604159	0.000000
9211063	0.000000
112255	0.000000
211169	0.000000
9312031	0.000000
9909003	0.000000
302153	0.000000
9709093	0.000000
112211	0.000000
9307043	0.000000
9312201	0.000000
9209081	0.000000
108235	0.000000
112203	0.000000
203221	0.000000
104163	0.000000
9706093	0.000000
9906123	0.000000
9502123	0.000000
9211075	0.000000
212191	0.000000
212219	0.000000
9306151	0.000000
9906183	0.000000
9905071	0.000000
9411115	0.000000
208045	0.000000
203071	0.000000
9811241	0.000000
9907021	0.000000
201237	0.000000
9711009	0.000000
9701067	0.000000
102165	0.000000
2255	0.000000
110269	0.000000
9610211	0.000000
9404029	0.000000
12159	0.000000
109105	0.000000
9401091	0.000000
9905107	0.000000
9808167	0.000000
211005	0.000000
9409145	0.000000
9603035	0.000000
204219	0.000000
9608121	0.000000
9504087	0.000000
9706173	0.000000
1091	0.000000
9703155	0.000000
9607001	0.000000
9802097	0.000000
9512195	0.000000
9901001	0.000000
9204069	0.000000
9509165	0.000000
209185	0.000000
3193	0.000000
304053	0.000000
9704179	0.000000
207155	0.000000
9903177	0.000000
110013	0.000000
212229	0.000000
9804017	0.000000
211225	0.000000
9904209	0.000000
303101	0.000000
9808171	0.000000
9512169	0.000000
9708143	0.000000
212167	0.000000
111061	0.000000
9712055	0.000000
102197	0.000000
7039	0.000000
207185	0.000000
9912127	0.000000
212073	0.000000
9908067	0.000000
9308037	0.000000
9512021	0.000000
9612057	0.000000
302083	0.000000
9605119	0.000000
205255	0.000000
9812249	0.000000
9906147	0.000000
9310105	0.000000
9701131	0.000000
212335	0.000000
9212071	0.000000
9904039	0.000000
9609153	0.000000
111241	0.000000
3257	0.000000
9702169	0.000000
9903119	0.000000
9809025	0.000000
107223	0.000000
109153	0.000000
9409061	0.000000
2069	0.000000
108237	0.000000
9508163	0.000000
304057	0.000000
9205045	0.000000
107021	0.000000
9706111	0.000000
9903209	0.000000
212159	0.000000
9511225	0.000000
106101	0.000000
9208071	0.000000
9711051	0.000000
9709217	0.000000
202149	0.000000
108027	0.000000
9312167	0.000000
9606027	0.000000
9404135	0.000000
9607009	0.000000
9303145	0.000000
9207025	0.000000
9402049	0.000000
301047	0.000000
9609133	0.000000
9501051	0.000000
9701105	0.000000
209109	0.000000
9406007	0.000000
9805201	0.000000
8197	0.000000
9611097	0.000000
204073	0.000000
9705187	0.000000
9403025	0.000000
9602133	0.000000
102187	0.000000
6143	0.000000
204035	0.000000
102193	0.000000
9406071	0.000000
9705097	0.000000
9911073	0.000000
101191	0.000000
203069	0.000000
206143	0.000000
5109	0.000000
9912213	0.000000
9407119	0.000000
9305059	0.000000
106135	0.000000
9711049	0.000000
9810245	0.000000
10085	0.000000
9402133	0.000000
9301127	0.000000
5175	0.000000
12069	0.000000
9808093	0.000000
9708029	0.000000
9909149	0.000000
9806043	0.000000
208025	0.000000
9405197	0.000000
9303011	0.000000
9611135	0.000000
9305089	0.000000
9603085	0.000000
208083	0.000000
210285	0.000000
108079	0.000000
9904155	0.000000
9307137	0.000000
9306095	0.000000
9305165	0.000000
9809049	0.000000
203121	0.000000
9404045	0.000000
201233	0.000000
9712129	0.000000
9912273	0.000000
9807095	0.000000
9709203	0.000000
5197	0.000000
2227	0.000000
205111	0.000000
9512071	0.000000
9802111	0.000000
211091	0.000000
9605129	0.000000
9511189	0.000000
104265	0.000000
9505121	0.000000
302065	0.000000
9601099	0.000000
9604053	0.000000
9604101	0.000000
9602129	0.000000
9508049	0.000000
9605177	0.000000
9703185	0.000000
9409151	0.000000
9311127	0.000000
9801179	0.000000
201265	0.000000
209263	0.000000
9304161	0.000000
9411011	0.000000
9912011	0.000000
9206091	0.000000
9908119	0.000000
9502043	0.000000
9409193	0.000000
9508179	0.000000
9703115	0.000000
9511093	0.000000
9304163	0.000000
9504075	0.000000
9802117	0.000000
9605063	0.000000
2089	0.000000
111245	0.000000
303045	0.000000
9604121	0.000000
2249	0.000000
111219	0.000000
9705179	0.000000
3189	0.000000
106283	0.000000
9612159	0.000000
9805017	0.000000
9908091	0.000000
9205099	0.000000
212311	0.000000
9403135	0.000000
4191	0.000000
202029	0.000000
9906095	0.000000
9809137	0.000000
110231	0.000000
9505037	0.000000
10077	0.000000
9809113	0.000000
9805127	0.000000
201117	0.000000
9306109	0.000000
9306071	0.000000
9806245	0.000000
301063	0.000000
9602139	0.000000
9605055	0.000000
9410069	0.000000
9903099	0.000000
9403093	0.000000
9311133	0.000000
303177	0.000000
9604145	0.000000
8093	0.000000
212203	0.000000
9803059	0.000000
208151	0.000000
10033	0.000000
9401143	0.000000
9408069	0.000000
9606151	0.000000
9905047	0.000000
210247	0.000000
9606111	0.000000
3209	0.000000
9502143	0.000000
9907127	0.000000
304101	0.000000
9209101	0.000000
212327	0.000000
301079	0.000000
9605021	0.000000
9910193	0.000000
9704083	0.000000
9804049	0.000000
9509129	0.000000
9808109	0.000000
9310153	0.000000
112259	0.000000
103207	0.000000
202007	0.000000
9910211	0.000000
9211103	0.000000
9702021	0.000000
9411143	0.000000
110205	0.000000
9811219	0.000000
9201035	0.000000
212207	0.000000
9409121	0.000000
9408171	0.000000
9704047	0.000000
9908005	0.000000
9901005	0.000000
9910225	0.000000
211183	0.000000
208067	0.000000
9304157	0.000000
9409177	0.000000
9905067	0.000000
9909137	0.000000
9910059	0.000000
12241	0.000000
110105	0.000000
9709009	0.000000
105193	0.000000
9502019	0.000000
9041	0.000000
9507147	0.000000
105253	0.000000
9503065	0.000000
9609183	0.000000
9601137	0.000000
9707201	0.000000
9709055	0.000000
9502023	0.000000
109095	0.000000
9803201	0.000000
9801075	0.000000
9706055	0.000000
108177	0.000000
9312035	0.000000
9401109	0.000000
9703199	0.000000
109033	0.000000
9807147	0.000000
302001	0.000000
9311121	0.000000
9911231	0.000000
9805135	0.000000
109141	0.000000
204125	0.000000
9905231	0.000000
9609147	0.000000
9511123	0.000000
9909111	0.000000
9504123	0.000000
109145	0.000000
9308029	0.000000
9704001	0.000000
9606155	0.000000
9911033	0.000000
9608161	0.000000
110051	0.000000
304041	0.000000
107059	0.000000
211177	0.000000
9805205	0.000000
103109	0.000000
9807237	0.000000
211035	0.000000
108041	0.000000
108087	0.000000
303123	0.000000
212205	0.000000
9909005	0.000000
106077	0.000000
211173	0.000000
105143	0.000000
9812145	0.000000
103151	0.000000
9607169	0.000000
2033	0.000000
202019	0.000000
106163	0.000000
9603185	0.000000
9312069	0.000000
12235	0.000000
210121	0.000000
211187	0.000000
301183	0.000000
9404085	0.000000
9402145	0.000000
9211105	0.000000
9607191	0.000000
9608007	0.000000
9705135	0.000000
9505031	0.000000
9909211	0.000000
205267	0.000000
7237	0.000000
103215	0.000000
9802129	0.000000
9210101	0.000000
4189	0.000000
9312077	0.000000
9609215	0.000000
2015	0.000000
9710131	0.000000
206021	0.000000
211273	0.000000
9210157	0.000000
9405085	0.000000
9503037	0.000000
304141	0.000000
107091	0.000000
9704141	0.000000
9910247	0.000000
9710145	0.000000
6183	0.000000
104255	0.000000
9602039	0.000000
104221	0.000000
207209	0.000000
9905123	0.000000
9812045	0.000000
9806105	0.000000
9310049	0.000000
9091	0.000000
9709181	0.000000
9707057	0.000000
9812099	0.000000
9606053	0.000000
9406057	0.000000
9902013	0.000000
9209047	0.000000
9907009	0.000000
9911059	0.000000
6153	0.000000
105213	0.000000
9212033	0.000000
3079	0.000000
207253	0.000000
112213	0.000000
111063	0.000000
9206073	0.000000
9207029	0.000000
9305051	0.000000
9304147	0.000000
9410061	0.000000
9411001	0.000000
9209015	0.000000
9601103	0.000000
9604049	0.000000
9604079	0.000000
9602003	0.000000
9412001	0.000000
9801059	0.000000
9805035	0.000000
108021	0.000000
107045	0.000000
9910057	0.000000
206233	0.000000
9402021	0.000000
101023	0.000000
9901075	0.000000
9709073	0.000000
208137	0.000000
9405175	0.000000
9609201	0.000000
9509087	0.000000
9610215	0.000000
2041	0.000000
6187	0.000000
9507173	0.000000
9910151	0.000000
9405001	0.000000
9301075	0.000000
7139	0.000000
9803079	0.000000
9906009	0.000000
110075	0.000000
9609143	0.000000
9812077	0.000000
9308109	0.000000
9611067	0.000000
9410049	0.000000
9507131	0.000000
9702181	0.000000
9407133	0.000000
10041	0.000000
205053	0.000000
9903199	0.000000
9901025	0.000000
6229	0.000000
9212091	0.000000
10273	0.000000
9412207	0.000000
9806013	0.000000
9409031	0.000000
210261	0.000000
9908131	0.000000
9407085	0.000000
9406121	0.000000
104077	0.000000
9704201	0.000000
9412071	0.000000
111203	0.000000
6095	0.000000
6149	0.000000
212333	0.000000
9206023	0.000000
9212089	0.000000
9412109	0.000000
9212147	0.000000
9311011	0.000000
1009	0.000000
9906043	0.000000
9409117	0.000000
9511055	0.000000
9402123	0.000000
9302107	0.000000
1045	0.000000
9404003	0.000000
9308121	0.000000
9603005	0.000000
1061	0.000000
9505099	0.000000
9311091	0.000000
9303019	0.000000
9304111	0.000000
9310001	0.000000
1075	0.000000
9601153	0.000000
1087	0.000000
9406197	0.000000
9506001	0.000000
9404081	0.000000
9612099	0.000000
9511035	0.000000
9910107	0.000000
9206059	0.000000
1115	0.000000
9412097	0.000000
9610209	0.000000
9806181	0.000000
9507059	0.000000
1141	0.000000
9404023	0.000000
9906241	0.000000
1155	0.000000
9811043	0.000000
9403001	0.000000
9607213	0.000000
1171	0.000000
9512141	0.000000
9705033	0.000000
9301105	0.000000
9909155	0.000000
1187	0.000000
1191	0.000000
9909169	0.000000
9509091	0.000000
9805025	0.000000
9901081	0.000000
9505119	0.000000
9205061	0.000000
2013	0.000000
9707067	0.000000
9612211	0.000000
9707039	0.000000
9810127	0.000000
9809023	0.000000
9501089	0.000000
9210151	0.000000
9702135	0.000000
9305123	0.000000
2051	0.000000
2055	0.000000
2059	0.000000
9210085	0.000000
9212097	0.000000
2083	0.000000
9703087	0.000000
9809175	0.000000
9610007	0.000000
9202077	0.000000
9912163	0.000000
9807039	0.000000
9906175	0.000000
9910007	0.000000
9409173	0.000000
2115	0.000000
9410239	0.000000
9909135	0.000000
9506195	0.000000
9309015	0.000000
9601125	0.000000
9709007	0.000000
9701103	0.000000
9706085	0.000000
2153	0.000000
9403017	0.000000
9303065	0.000000
9204007	0.000000
9603019	0.000000
9308067	0.000000
2201	0.000000
2203	0.000000
9605191	0.000000
9306031	0.000000
2221	0.000000
9409029	0.000000
2229	0.000000
9209059	0.000000
9812147	0.000000
9502087	0.000000
9906115	0.000000
9303167	0.000000
9301049	0.000000
9412129	0.000000
3021	0.000000
9201057	0.000000
9606163	0.000000
9905109	0.000000
9610013	0.000000
3083	0.000000
9702097	0.000000
9705185	0.000000
9707167	0.000000
3091	0.000000
3095	0.000000
9503153	0.000000
9204049	0.000000
9310081	0.000000
9510107	0.000000
9309003	0.000000
9805119	0.000000
9612135	0.000000
9804197	0.000000
9712219	0.000000
9310045	0.000000
9803009	0.000000
9709059	0.000000
3167	0.000000
3149	0.000000
9801007	0.000000
3181	0.000000
9906135	0.000000
9204093	0.000000
9501087	0.000000
9704149	0.000000
9704069	0.000000
9403105	0.000000
9407135	0.000000
3247	0.000000
9901113	0.000000
9603065	0.000000
9604149	0.000000
9411081	0.000000
9512097	0.000000
9708121	0.000000
9810049	0.000000
9707231	0.000000
9609109	0.000000
9710061	0.000000
9411027	0.000000
9408001	0.000000
9310089	0.000000
9911029	0.000000
3283	0.000000
9911219	0.000000
9311059	0.000000
9412139	0.000000
4007	0.000000
4153	0.000000
9312173	0.000000
9504029	0.000000
9603141	0.000000
9911141	0.000000
9911143	0.000000
9912199	0.000000
4053	0.000000
9811063	0.000000
4065	0.000000
9910265	0.000000
9410033	0.000000
4069	0.000000
9608031	0.000000
4079	0.000000
3077	0.000000
9307089	0.000000
9902145	0.000000
9501107	0.000000
9707137	0.000000
9903127	0.000000
9509157	0.000000
9411111	0.000000
9509031	0.000000
4161	0.000000
9502097	0.000000
9405145	0.000000
4197	0.000000
9909097	0.000000
9705161	0.000000
9810061	0.000000
5019	0.000000
9903147	0.000000
5033	0.000000
9411155	0.000000
9504131	0.000000
5043	0.000000
9501013	0.000000
9703079	0.000000
9902133	0.000000
9604111	0.000000
9801045	0.000000
9212129	0.000000
9901061	0.000000
9902109	0.000000
5103	0.000000
9304095	0.000000
9605175	0.000000
9705243	0.000000
5131	0.000000
5141	0.000000
9410029	0.000000
9402091	0.000000
5155	0.000000
9905059	0.000000
9707045	0.000000
9702139	0.000000
5195	0.000000
5201	0.000000
9804071	0.000000
5207	0.000000
9510159	0.000000
5215	0.000000
9201065	0.000000
5231	0.000000
5243	0.000000
9312089	0.000000
9401043	0.000000
5267	0.000000
9407019	0.000000
9812075	0.000000
9907199	0.000000
9811011	0.000000
9306155	0.000000
9909185	0.000000
9408057	0.000000
9705081	0.000000
9501103	0.000000
5287	0.000000
9508035	0.000000
6025	0.000000
9706219	0.000000
6031	0.000000
9712229	0.000000
6045	0.000000
6065	0.000000
9811103	0.000000
9306139	0.000000
9908003	0.000000
9411175	0.000000
9510085	0.000000
9610219	0.000000
9407093	0.000000
6097	0.000000
9409087	0.000000
9702023	0.000000
6155	0.000000
9711187	0.000000
9708027	0.000000
9803159	0.000000
9507047	0.000000
9601087	0.000000
6205	0.000000
9906227	0.000000
9506211	0.000000
9605163	0.000000
9507133	0.000000
9505063	0.000000
7033	0.000000
9201049	0.000000
9208039	0.000000
9403115	0.000000
9803129	0.000000
107135	0.000000
9306085	0.000000
9511015	0.000000
9806007	0.000000
9707147	0.000000
9907205	0.000000
7167	0.000000
9807221	0.000000
9811073	0.000000
9410031	0.000000
9406041	0.000000
9406073	0.000000
9507079	0.000000
7219	0.000000
7229	0.000000
9307023	0.000000
9608139	0.000000
8007	0.000000
7245	0.000000
9211139	0.000000
9403149	0.000000
8037	0.000000
3293	0.000000
9606121	0.000000
8059	0.000000
8069	0.000000
9205107	0.000000
9209013	0.000000
8077	0.000000
9908173	0.000000
8097	0.000000
9805037	0.000000
6221	0.000000
9911207	0.000000
8153	0.000000
8161	0.000000
9810191	0.000000
9311053	0.000000
8181	0.000000
8195	0.000000
9212143	0.000000
9801035	0.000000
8207	0.000000
9907039	0.000000
8217	0.000000
8223	0.000000
8229	0.000000
9405103	0.000000
9005	0.000000
9013	0.000000
9609001	0.000000
9801193	0.000000
9702141	0.000000
9511169	0.000000
9702147	0.000000
9033	0.000000
9035	0.000000
9404087	0.000000
9053	0.000000
9609025	0.000000
9071	0.000000
9073	0.000000
9608101	0.000000
9097	0.000000
9503147	0.000000
9205053	0.000000
9303081	0.000000
6241	0.000000
9129	0.000000
9203013	0.000000
4033	0.000000
4105	0.000000
9601131	0.000000
9201	0.000000
10211	0.000000
9206005	0.000000
9225	0.000000
9123	0.000000
9406151	0.000000
10009	0.000000
9804015	0.000000
9906165	0.000000
10029	0.000000
9508013	0.000000
9312091	0.000000
10039	0.000000
9510235	0.000000
9601159	0.000000
9901071	0.000000
10073	0.000000
9908087	0.000000
9711167	0.000000
10081	0.000000
9503071	0.000000
9308041	0.000000
10125	0.000000
10131	0.000000
9907035	0.000000
10161	0.000000
9612255	0.000000
10197	0.000000
10209	0.000000
9909207	0.000000
10219	0.000000
10227	0.000000
9712191	0.000000
10245	0.000000
9902165	0.000000
10261	0.000000
9511135	0.000000
9507029	0.000000
10291	0.000000
9503003	0.000000
9807015	0.000000
9707221	0.000000
9609169	0.000000
9901153	0.000000
9204039	0.000000
11055	0.000000
11063	0.000000
9810207	0.000000
11065	0.000000
9210143	0.000000
9611185	0.000000
11157	0.000000
12187	0.000000
9603175	0.000000
11181	0.000000
11195	0.000000
11199	0.000000
9711139	0.000000
11201	0.000000
9909165	0.000000
11203	0.000000
9604039	0.000000
11229	0.000000
9304043	0.000000
9610229	0.000000
9412019	0.000000
9701049	0.000000
11291	0.000000
11293	0.000000
12019	0.000000
9209077	0.000000
9603103	0.000000
12027	0.000000
12039	0.000000
9807129	0.000000
9808165	0.000000
9904023	0.000000
9908069	0.000000
9306005	0.000000
12109	0.000000
12119	0.000000
11061	0.000000
12149	0.000000
12161	0.000000
9907065	0.000000
9912149	0.000000
12191	0.000000
12197	0.000000
12209	0.000000
9709221	0.000000
9409027	0.000000
12245	0.000000
12261	0.000000
9706015	0.000000
9507041	0.000000
9805079	0.000000
9712031	0.000000
9409083	0.000000
9707085	0.000000
101047	0.000000
3111	0.000000
101059	0.000000
9912251	0.000000
9709011	0.000000
9405025	0.000000
101121	0.000000
101131	0.000000
101163	0.000000
101167	0.000000
101175	0.000000
9308099	0.000000
101183	0.000000
9806053	0.000000
9405147	0.000000
102027	0.000000
9812019	0.000000
9809013	0.000000
102037	0.000000
9410163	0.000000
102075	0.000000
12103	0.000000
102083	0.000000
102087	0.000000
9703025	0.000000
102107	0.000000
102115	0.000000
102117	0.000000
102127	0.000000
102131	0.000000
9902065	0.000000
102139	0.000000
102143	0.000000
9907181	0.000000
9601165	0.000000
9805049	0.000000
9607101	0.000000
103027	0.000000
9910141	0.000000
11265	0.000000
103057	0.000000
9903255	0.000000
9307119	0.000000
7025	0.000000
103083	0.000000
103087	0.000000
9803157	0.000000
103091	0.000000
9202025	0.000000
11275	0.000000
103017	0.000000
103113	0.000000
103121	0.000000
103125	0.000000
9310027	0.000000
9503025	0.000000
9312129	0.000000
9210131	0.000000
9502079	0.000000
103173	0.000000
9704039	0.000000
9701063	0.000000
103189	0.000000
103213	0.000000
9305103	0.000000
103245	0.000000
103251	0.000000
103053	0.000000
103253	0.000000
9403103	0.000000
9405157	0.000000
10235	0.000000
9711129	0.000000
8021	0.000000
9306051	0.000000
9204103	0.000000
104063	0.000000
9210005	0.000000
9711041	0.000000
9801041	0.000000
10019	0.000000
9809051	0.000000
104121	0.000000
5249	0.000000
104129	0.000000
104161	0.000000
9801031	0.000000
9612137	0.000000
104183	0.000000
9301123	0.000000
9409049	0.000000
9506073	0.000000
104245	0.000000
9704203	0.000000
9902143	0.000000
9810139	0.000000
9907197	0.000000
104267	0.000000
105021	0.000000
105025	0.000000
105029	0.000000
9312065	0.000000
105053	0.000000
9403169	0.000000
105065	0.000000
9310053	0.000000
105107	0.000000
9512099	0.000000
9901083	0.000000
9901097	0.000000
12207	0.000000
105131	0.000000
105133	0.000000
9309117	0.000000
105157	0.000000
9303095	0.000000
9305135	0.000000
9405201	0.000000
105189	0.000000
9603145	0.000000
9209057	0.000000
105201	0.000000
108029	0.000000
6157	0.000000
9911025	0.000000
9608097	0.000000
105295	0.000000
105297	0.000000
9201077	0.000000
8131	0.000000
106003	0.000000
9604117	0.000000
106037	0.000000
9310061	0.000000
9406129	0.000000
9401019	0.000000
106057	0.000000
9808121	0.000000
106063	0.000000
9501001	0.000000
5191	0.000000
105099	0.000000
106095	0.000000
106221	0.000000
106225	0.000000
106257	0.000000
9402111	0.000000
106277	0.000000
9803073	0.000000
10089	0.000000
106287	0.000000
107003	0.000000
9911009	0.000000
9602053	0.000000
107017	0.000000
103225	0.000000
9508081	0.000000
107041	0.000000
9903009	0.000000
107047	0.000000
9204059	0.000000
9507103	0.000000
9411033	0.000000
107073	0.000000
9509147	0.000000
107125	0.000000
107133	0.000000
104165	0.000000
9812015	0.000000
9503221	0.000000
107201	0.000000
107205	0.000000
9811039	0.000000
107211	0.000000
107231	0.000000
107237	0.000000
9404097	0.000000
9603115	0.000000
9308149	0.000000
9508001	0.000000
108015	0.000000
108057	0.000000
9512003	0.000000
104051	0.000000
108071	0.000000
9905009	0.000000
9906063	0.000000
9604151	0.000000
108155	0.000000
9903073	0.000000
9205025	0.000000
9205033	0.000000
108163	0.000000
108173	0.000000
108175	0.000000
9902139	0.000000
9910187	0.000000
9606145	0.000000
9905065	0.000000
11237	0.000000
108213	0.000000
9811113	0.000000
109007	0.000000
109011	0.000000
9408107	0.000000
9304139	0.000000
109071	0.000000
9507095	0.000000
109113	0.000000
9211085	0.000000
9707165	0.000000
109167	0.000000
9606137	0.000000
109185	0.000000
9906113	0.000000
9203075	0.000000
9703055	0.000000
9801167	0.000000
110003	0.000000
110011	0.000000
110015	0.000000
110027	0.000000
110045	0.000000
9904195	0.000000
110053	0.000000
110061	0.000000
104019	0.000000
110091	0.000000
9703105	0.000000
9702125	0.000000
110137	0.000000
110139	0.000000
110145	0.000000
110163	0.000000
9902127	0.000000
9709201	0.000000
9401151	0.000000
9209033	0.000000
110181	0.000000
110185	0.000000
9806247	0.000000
106085	0.000000
110229	0.000000
9301089	0.000000
110257	0.000000
9802045	0.000000
9702121	0.000000
110275	0.000000
9505019	0.000000
111009	0.000000
111019	0.000000
9712041	0.000000
111023	0.000000
111037	0.000000
111043	0.000000
111053	0.000000
9912099	0.000000
111105	0.000000
111111	0.000000
111117	0.000000
111125	0.000000
111083	0.000000
111167	0.000000
111171	0.000000
111175	0.000000
111185	0.000000
111195	0.000000
9709111	0.000000
9801003	0.000000
111213	0.000000
9303119	0.000000
111233	0.000000
9901047	0.000000
9805197	0.000000
111283	0.000000
112011	0.000000
12253	0.000000
112021	0.000000
101015	0.000000
9704155	0.000000
9207003	0.000000
9202005	0.000000
9209021	0.000000
9409141	0.000000
9502133	0.000000
9502135	0.000000
112105	0.000000
112111	0.000000
112129	0.000000
112143	0.000000
9601025	0.000000
112171	0.000000
112179	0.000000
112181	0.000000
112191	0.000000
112209	0.000000
112239	0.000000
112241	0.000000
9609149	0.000000
201001	0.000000
201003	0.000000
9903097	0.000000
9612129	0.000000
8235	0.000000
201043	0.000000
201053	0.000000
201065	0.000000
9503051	0.000000
9307061	0.000000
9407115	0.000000
201085	0.000000
104053	0.000000
9306129	0.000000
9309029	0.000000
201097	0.000000
201101	0.000000
9206019	0.000000
201119	0.000000
9610027	0.000000
9404181	0.000000
201131	0.000000
201137	0.000000
9812223	0.000000
201167	0.000000
201193	0.000000
201203	0.000000
201231	0.000000
201261	0.000000
201269	0.000000
202001	0.000000
202009	0.000000
202013	0.000000
201217	0.000000
202015	0.000000
9612037	0.000000
9410107	0.000000
202059	0.000000
9809019	0.000000
106123	0.000000
202089	0.000000
202095	0.000000
202099	0.000000
9910167	0.000000
9205005	0.000000
202169	0.000000
9405183	0.000000
202185	0.000000
9806207	0.000000
9812029	0.000000
9501119	0.000000
2179	0.000000
203033	0.000000
203105	0.000000
9812179	0.000000
9511165	0.000000
203159	0.000000
203037	0.000000
203195	0.000000
9802115	0.000000
9604009	0.000000
9710071	0.000000
9611183	0.000000
204011	0.000000
204019	0.000000
12257	0.000000
9503171	0.000000
9601157	0.000000
204069	0.000000
204077	0.000000
9512033	0.000000
204133	0.000000
204139	0.000000
9911133	0.000000
9407013	0.000000
9402153	0.000000
9508041	0.000000
107235	0.000000
9603155	0.000000
204199	0.000000
204211	0.000000
204237	0.000000
204241	0.000000
9611031	0.000000
204255	0.000000
9905203	0.000000
205005	0.000000
110155	0.000000
9611087	0.000000
9611187	0.000000
9408045	0.000000
9503177	0.000000
9902091	0.000000
205023	0.000000
205027	0.000000
205035	0.000000
9902135	0.000000
203225	0.000000
205071	0.000000
205127	0.000000
205143	0.000000
205167	0.000000
205169	0.000000
9308157	0.000000
9410213	0.000000
205181	0.000000
3267	0.000000
109003	0.000000
205239	0.000000
9609029	0.000000
205243	0.000000
205249	0.000000
9703035	0.000000
205285	0.000000
205289	0.000000
201157	0.000000
206037	0.000000
206039	0.000000
106219	0.000000
206061	0.000000
9805057	0.000000
206067	0.000000
9611179	0.000000
206121	0.000000
206133	0.000000
206189	0.000000
9512001	0.000000
206201	0.000000
9901067	0.000000
9806035	0.000000
9511143	0.000000
206219	0.000000
9707229	0.000000
9208075	0.000000
207013	0.000000
9602093	0.000000
207021	0.000000
207035	0.000000
203011	0.000000
207043	0.000000
207057	0.000000
207077	0.000000
207079	0.000000
9608181	0.000000
9707053	0.000000
9402065	0.000000
207147	0.000000
207167	0.000000
207189	0.000000
201087	0.000000
9301031	0.000000
9301121	0.000000
207219	0.000000
207227	0.000000
9211129	0.000000
207233	0.000000
9412083	0.000000
9212015	0.000000
9405077	0.000000
9501021	0.000000
205145	0.000000
207269	0.000000
207277	0.000000
208001	0.000000
208007	0.000000
208121	0.000000
208129	0.000000
208131	0.000000
208159	0.000000
9905171	0.000000
9905151	0.000000
208169	0.000000
208193	0.000000
208211	0.000000
9605137	0.000000
9410019	0.000000
209005	0.000000
209007	0.000000
9608143	0.000000
209033	0.000000
209049	0.000000
209063	0.000000
9712065	0.000000
209093	0.000000
209107	0.000000
9308025	0.000000
209121	0.000000
9506153	0.000000
209177	0.000000
9811181	0.000000
209199	0.000000
209229	0.000000
209249	0.000000
209259	0.000000
210003	0.000000
9903247	0.000000
210023	0.000000
9811099	0.000000
210027	0.000000
210051	0.000000
9206069	0.000000
9309157	0.000000
104007	0.000000
210087	0.000000
210099	0.000000
210103	0.000000
207085	0.000000
7003	0.000000
9912289	0.000000
9703083	0.000000
9511113	0.000000
9305147	0.000000
210129	0.000000
210143	0.000000
210149	0.000000
12127	0.000000
210161	0.000000
210169	0.000000
210177	0.000000
210179	0.000000
210197	0.000000
210199	0.000000
210205	0.000000
9408087	0.000000
210237	0.000000
210191	0.000000
9308137	0.000000
210277	0.000000
210283	0.000000
210293	0.000000
9702057	0.000000
9408163	0.000000
210303	0.000000
210307	0.000000
211015	0.000000
4059	0.000000
7093	0.000000
9604197	0.000000
9601093	0.000000
112237	0.000000
211099	0.000000
211107	0.000000
211109	0.000000
9207083	0.000000
211151	0.000000
9905051	0.000000
211153	0.000000
204003	0.000000
211155	0.000000
211159	0.000000
211165	0.000000
211175	0.000000
9810175	0.000000
9204081	0.000000
9210007	0.000000
9301039	0.000000
209165	0.000000
211205	0.000000
211231	0.000000
102205	0.000000
9212121	0.000000
111243	0.000000
211247	0.000000
211253	0.000000
9405017	0.000000
211265	0.000000
203015	0.000000
212013	0.000000
9606183	0.000000
212075	0.000000
212093	0.000000
9802065	0.000000
9303083	0.000000
212143	0.000000
207121	0.000000
212171	0.000000
212189	0.000000
212197	0.000000
212221	0.000000
9201009	0.000000
212243	0.000000
212247	0.000000
212251	0.000000
212287	0.000000
201143	0.000000
212309	0.000000
212315	0.000000
9905189	0.000000
9810085	0.000000
9312099	0.000000
301041	0.000000
301045	0.000000
301057	0.000000
9304025	0.000000
9511109	0.000000
9202017	0.000000
9305167	0.000000
9803181	0.000000
210245	0.000000
301111	0.000000
11015	0.000000
301127	0.000000
3201	0.000000
301167	0.000000
301169	0.000000
9304017	0.000000
206099	0.000000
9303009	0.000000
209151	0.000000
301191	0.000000
301197	0.000000
301199	0.000000
301241	0.000000
302009	0.000000
9802159	0.000000
302029	0.000000
302031	0.000000
302035	0.000000
9208073	0.000000
12243	0.000000
109221	0.000000
302089	0.000000
302111	0.000000
302115	0.000000
9412205	0.000000
9412239	0.000000
9810043	0.000000
9806183	0.000000
302079	0.000000
302157	0.000000
302183	0.000000
302189	0.000000
302201	0.000000
9803075	0.000000
302209	0.000000
302227	0.000000
302229	0.000000
303019	0.000000
9809011	0.000000
9212047	0.000000
9407053	0.000000
303029	0.000000
9801001	0.000000
303061	0.000000
9509041	0.000000
303099	0.000000
303143	0.000000
9304035	0.000000
9308013	0.000000
303149	0.000000
303159	0.000000
303169	0.000000
303175	0.000000
301053	0.000000
303215	0.000000
102003	0.000000
9402051	0.000000
303267	0.000000
304031	0.000000
304047	0.000000
109171	0.000000
304075	0.000000
304077	0.000000
304083	0.000000
304085	0.000000
110083	0.000000
209087	0.000000
304109	0.000000
304113	0.000000
9907043	0.000000
304155	0.000000
304165	0.000000
9701111	0.000000
9202081	0.000000
304185	0.000000
212129	0.000000
304193	0.000000
304203	0.000000
304205	0.000000
304207	0.000000
304223	0.000000
304229	0.000000
304243	0.000000
9906067	0.000000
3125	0.000000
304265	0.000000
9206079	0.000000
9207059	0.000000
9204021	0.000000
9207063	0.000000
9207093	0.000000
9208021	0.000000
9208043	0.000000
9208063	0.000000
9205013	0.000000
9210113	0.000000
9210159	0.000000
9204051	0.000000
9210165	0.000000
9211009	0.000000
9211013	0.000000
9211081	0.000000
9212025	0.000000
9201069	0.000000
9212055	0.000000
9212069	0.000000
9212139	0.000000
9301113	0.000000
9206017	0.000000
9206001	0.000000
9302011	0.000000
9302065	0.000000
9302135	0.000000
9303031	0.000000
9303071	0.000000
9303089	0.000000
9303125	0.000000
9303163	0.000000
9303173	0.000000
9304069	0.000000
9304077	0.000000
9203037	0.000000
9210125	0.000000
9304093	0.000000
9304105	0.000000
9211079	0.000000
9304113	0.000000
9304137	0.000000
9307181	0.000000
9301091	0.000000
9305065	0.000000
9305091	0.000000
9305101	0.000000
9306001	0.000000
9306045	0.000000
9306047	0.000000
9306081	0.000000
9208019	0.000000
9306099	0.000000
9301117	0.000000
9307017	0.000000
9307053	0.000000
9307073	0.000000
9307103	0.000000
9307105	0.000000
9207081	0.000000
9307131	0.000000
9305113	0.000000
9307149	0.000000
9307179	0.000000
9308017	0.000000
9304075	0.000000
9308039	0.000000
9308047	0.000000
9308087	0.000000
9307095	0.000000
9308095	0.000000
9308107	0.000000
9309043	0.000000
9309049	0.000000
9305153	0.000000
9309071	0.000000
9309095	0.000000
9309101	0.000000
9309111	0.000000
9304107	0.000000
9309139	0.000000
9310005	0.000000
9310007	0.000000
9310057	0.000000
9310103	0.000000
9310119	0.000000
9310143	0.000000
9311013	0.000000
9311039	0.000000
9311041	0.000000
9304143	0.000000
9311063	0.000000
9208065	0.000000
9210155	0.000000
9311077	0.000000
9311095	0.000000
9311099	0.000000
9312137	0.000000
9311131	0.000000
9311163	0.000000
9305071	0.000000
9312011	0.000000
9312027	0.000000
9210077	0.000000
9212081	0.000000
9312067	0.000000
9312073	0.000000
9312109	0.000000
9202051	0.000000
9312141	0.000000
9312147	0.000000
9312163	0.000000
9312177	0.000000
9312181	0.000000
9312205	0.000000
9401005	0.000000
9401073	0.000000
9401097	0.000000
9401101	0.000000
9302043	0.000000
9401157	0.000000
9401165	0.000000
9402013	0.000000
9402019	0.000000
9402059	0.000000
9402109	0.000000
9402135	0.000000
9311171	0.000000
9403005	0.000000
9402003	0.000000
9403011	0.000000
9403035	0.000000
9403037	0.000000
9202009	0.000000
9403057	0.000000
9202033	0.000000
9402079	0.000000
9403065	0.000000
9403079	0.000000
9403083	0.000000
9211099	0.000000
9403085	0.000000
9205019	0.000000
9403127	0.000000
9403153	0.000000
9403159	0.000000
9404027	0.000000
9301011	0.000000
9311123	0.000000
9306125	0.000000
9404069	0.000000
9404133	0.000000
9404137	0.000000
9401067	0.000000
9404141	0.000000
9404167	0.000000
9207047	0.000000
9208077	0.000000
9404193	0.000000
9405027	0.000000
9307113	0.000000
9204077	0.000000
9405073	0.000000
9311075	0.000000
9405081	0.000000
9405099	0.000000
9311029	0.000000
9301107	0.000000
9405169	0.000000
9405189	0.000000
9406011	0.000000
9406065	0.000000
9301085	0.000000
9406133	0.000000
9303157	0.000000
9406141	0.000000
9406157	0.000000
9406159	0.000000
9406167	0.000000
9403107	0.000000
9208017	0.000000
9311107	0.000000
9407083	0.000000
9407123	0.000000
9407127	0.000000
9407145	0.000000
9407165	0.000000
9407171	0.000000
9407197	0.000000
9204061	0.000000
9408011	0.000000
9408015	0.000000
9309113	0.000000
9311151	0.000000
9408047	0.000000
9408051	0.000000
9408055	0.000000
9408063	0.000000
9408111	0.000000
9408131	0.000000
9408139	0.000000
9408153	0.000000
9408157	0.000000
9208079	0.000000
9209009	0.000000
9409045	0.000000
9409047	0.000000
9409059	0.000000
9409077	0.000000
9212039	0.000000
9409125	0.000000
9409155	0.000000
9310171	0.000000
9310189	0.000000
9409191	0.000000
9410021	0.000000
9307197	0.000000
9410039	0.000000
9303161	0.000000
9410097	0.000000
9410109	0.000000
9410111	0.000000
9310059	0.000000
9410121	0.000000
9410127	0.000000
9406173	0.000000
9410155	0.000000
9410159	0.000000
9410171	0.000000
9410193	0.000000
9411031	0.000000
9411035	0.000000
9408059	0.000000
9302085	0.000000
9305149	0.000000
9411067	0.000000
9411071	0.000000
9410195	0.000000
9411159	0.000000
9411185	0.000000
9411193	0.000000
9411197	0.000000
9302093	0.000000
9411199	0.000000
9411207	0.000000
9401079	0.000000
9308085	0.000000
9412005	0.000000
9412009	0.000000
9412013	0.000000
9412035	0.000000
9412039	0.000000
9412041	0.000000
9404055	0.000000
9412067	0.000000
9406143	0.000000
9412087	0.000000
9207113	0.000000
9412091	0.000000
9412099	0.000000
9412123	0.000000
9412137	0.000000
9412151	0.000000
9412171	0.000000
9412183	0.000000
9307141	0.000000
9412197	0.000000
9412227	0.000000
9411063	0.000000
9409097	0.000000
9501079	0.000000
9411225	0.000000
9501129	0.000000
9605123	0.000000
9502027	0.000000
9412103	0.000000
9502039	0.000000
9502085	0.000000
9502093	0.000000
9502121	0.000000
9203015	0.000000
9503039	0.000000
9303087	0.000000
9311057	0.000000
9503087	0.000000
9503107	0.000000
9503123	0.000000
9503169	0.000000
9503199	0.000000
9210071	0.000000
9410179	0.000000
9504005	0.000000
9310047	0.000000
9504035	0.000000
9504045	0.000000
9504119	0.000000
9304003	0.000000
9504163	0.000000
9204033	0.000000
9403125	0.000000
9404015	0.000000
9505057	0.000000
9505079	0.000000
9406145	0.000000
9410057	0.000000
9505155	0.000000
9505165	0.000000
9505191	0.000000
9409171	0.000000
9506003	0.000000
9506021	0.000000
9506025	0.000000
9506029	0.000000
9506051	0.000000
9410025	0.000000
9506103	0.000000
9506127	0.000000
9505109	0.000000
9506165	0.000000
9302105	0.000000
9307069	0.000000
9309063	0.000000
9506197	0.000000
9506201	0.000000
9507019	0.000000
9412217	0.000000
9507065	0.000000
9507081	0.000000
9205067	0.000000
9305057	0.000000
9507089	0.000000
9507119	0.000000
9402011	0.000000
9507127	0.000000
9507149	0.000000
9508037	0.000000
9405177	0.000000
9508057	0.000000
9508121	0.000000
9508169	0.000000
9308035	0.000000
9509039	0.000000
9204067	0.000000
9503195	0.000000
9410007	0.000000
9508101	0.000000
9509111	0.000000
9510043	0.000000
9402141	0.000000
9510099	0.000000
9510113	0.000000
9510165	0.000000
9510211	0.000000
9507067	0.000000
9511003	0.000000
9511009	0.000000
9511019	0.000000
9511149	0.000000
9511155	0.000000
9411189	0.000000
9511161	0.000000
9511183	0.000000
9409135	0.000000
9512037	0.000000
9512093	0.000000
9208061	0.000000
9512107	0.000000
9512119	0.000000
9512167	0.000000
9512171	0.000000
9512191	0.000000
9512197	0.000000
9601001	0.000000
9601005	0.000000
9601031	0.000000
9601045	0.000000
9601063	0.000000
9601065	0.000000
9512159	0.000000
9508051	0.000000
9601107	0.000000
9310021	0.000000
9309061	0.000000
9602131	0.000000
9602143	0.000000
9509029	0.000000
9602151	0.000000
9212137	0.000000
9603027	0.000000
9603063	0.000000
9603079	0.000000
9204025	0.000000
9502055	0.000000
9401085	0.000000
9603153	0.000000
9603179	0.000000
9604001	0.000000
9408105	0.000000
9408145	0.000000
9604135	0.000000
9409005	0.000000
9604137	0.000000
9306115	0.000000
9509023	0.000000
9604173	0.000000
9604187	0.000000
9604201	0.000000
9605015	0.000000
9605025	0.000000
9605057	0.000000
9605165	0.000000
9605171	0.000000
9605179	0.000000
9605189	0.000000
9604029	0.000000
9312093	0.000000
9603041	0.000000
9312057	0.000000
9606019	0.000000
9606021	0.000000
9606023	0.000000
9503075	0.000000
9606075	0.000000
9606085	0.000000
9606103	0.000000
9606129	0.000000
9606167	0.000000
9606179	0.000000
9309069	0.000000
9310023	0.000000
9607031	0.000000
9607075	0.000000
9411239	0.000000
9607079	0.000000
9607097	0.000000
9607111	0.000000
9410077	0.000000
9607241	0.000000
9412233	0.000000
9608051	0.000000
9608067	0.000000
9608069	0.000000
9608075	0.000000
9303061	0.000000
9608115	0.000000
9608123	0.000000
9608133	0.000000
9608149	0.000000
9609067	0.000000
9609093	0.000000
9404169	0.000000
9609129	0.000000
9609187	0.000000
9609121	0.000000
9609199	0.000000
9512027	0.000000
9609227	0.000000
9610015	0.000000
9610061	0.000000
9610073	0.000000
9610075	0.000000
9610097	0.000000
9610115	0.000000
9610123	0.000000
9610127	0.000000
9412049	0.000000
9610133	0.000000
9610135	0.000000
9610143	0.000000
9610147	0.000000
9412193	0.000000
9610153	0.000000
9610161	0.000000
9311073	0.000000
9309073	0.000000
9410231	0.000000
9610231	0.000000
9610233	0.000000
9610235	0.000000
9611025	0.000000
9611045	0.000000
9611059	0.000000
9307003	0.000000
9611091	0.000000
9611131	0.000000
9611141	0.000000
9611021	0.000000
9506161	0.000000
9611177	0.000000
9504103	0.000000
9611231	0.000000
9612023	0.000000
9612071	0.000000
9612075	0.000000
9612123	0.000000
9310145	0.000000
9612147	0.000000
9612151	0.000000
9402087	0.000000
9612185	0.000000
9612189	0.000000
9612209	0.000000
9608159	0.000000
9305017	0.000000
9612243	0.000000
9612253	0.000000
9701001	0.000000
9701071	0.000000
9404007	0.000000
9701181	0.000000
9701183	0.000000
9701193	0.000000
9503219	0.000000
9702001	0.000000
9508115	0.000000
9608141	0.000000
9702011	0.000000
9702013	0.000000
9702071	0.000000
9410131	0.000000
9506209	0.000000
9702091	0.000000
9702119	0.000000
9702131	0.000000
9702137	0.000000
9303151	0.000000
9602025	0.000000
9607039	0.000000
9210027	0.000000
9703001	0.000000
9702177	0.000000
9703015	0.000000
9703033	0.000000
9703061	0.000000
9507039	0.000000
9703091	0.000000
9411043	0.000000
9703161	0.000000
9703169	0.000000
9703203	0.000000
9703207	0.000000
9703225	0.000000
9411065	0.000000
9603119	0.000000
9604081	0.000000
9611009	0.000000
9606197	0.000000
9704105	0.000000
9704107	0.000000
9704121	0.000000
9511215	0.000000
9704209	0.000000
9705001	0.000000
9601015	0.000000
9705051	0.000000
9705083	0.000000
9607023	0.000000
9705121	0.000000
9705133	0.000000
9705177	0.000000
9706003	0.000000
9609081	0.000000
9706029	0.000000
9706035	0.000000
9706037	0.000000
9706113	0.000000
9706135	0.000000
9402071	0.000000
9706137	0.000000
9706149	0.000000
9706161	0.000000
9705207	0.000000
9706209	0.000000
9705235	0.000000
9707127	0.000000
9612161	0.000000
9707145	0.000000
9707161	0.000000
9707055	0.000000
9707177	0.000000
9708043	0.000000
9310195	0.000000
9407153	0.000000
9708057	0.000000
9708071	0.000000
9708095	0.000000
9708107	0.000000
9708161	0.000000
9704033	0.000000
9708167	0.000000
9709045	0.000000
9709095	0.000000
9709117	0.000000
9709125	0.000000
9709153	0.000000
9709185	0.000000
9710043	0.000000
9710045	0.000000
9710055	0.000000
9710083	0.000000
9703093	0.000000
9710111	0.000000
9705171	0.000000
9710113	0.000000
9710117	0.000000
9704103	0.000000
9710143	0.000000
9710173	0.000000
9309047	0.000000
9710195	0.000000
9710211	0.000000
9710229	0.000000
9711079	0.000000
9711119	0.000000
9711141	0.000000
9711149	0.000000
9711195	0.000000
9712001	0.000000
9712003	0.000000
9712027	0.000000
9712037	0.000000
9712069	0.000000
9712093	0.000000
9712113	0.000000
9712153	0.000000
9610071	0.000000
9703037	0.000000
9706045	0.000000
9712207	0.000000
9712217	0.000000
9709051	0.000000
9712255	0.000000
9801013	0.000000
9801037	0.000000
9801055	0.000000
9404145	0.000000
9411139	0.000000
9801069	0.000000
9801089	0.000000
9801103	0.000000
9801111	0.000000
9801177	0.000000
9705231	0.000000
9802021	0.000000
9802031	0.000000
9612193	0.000000
9802035	0.000000
9802053	0.000000
9508171	0.000000
9802059	0.000000
9802161	0.000000
9802171	0.000000
9802177	0.000000
9802131	0.000000
9703005	0.000000
9803055	0.000000
9803195	0.000000
9803213	0.000000
9803241	0.000000
9804043	0.000000
9804077	0.000000
9505001	0.000000
9804107	0.000000
9804117	0.000000
9804137	0.000000
9804165	0.000000
9804187	0.000000
9507037	0.000000
9804191	0.000000
9712123	0.000000
9802081	0.000000
9505013	0.000000
9805053	0.000000
9805103	0.000000
9803211	0.000000
9806031	0.000000
9806045	0.000000
9312029	0.000000
9806067	0.000000
9806093	0.000000
9806101	0.000000
9501009	0.000000
9806215	0.000000
9705195	0.000000
9807027	0.000000
9807045	0.000000
9807061	0.000000
9807131	0.000000
9807141	0.000000
9612041	0.000000
9807201	0.000000
9807219	0.000000
9801163	0.000000
9808009	0.000000
9808011	0.000000
9808021	0.000000
9808063	0.000000
9808089	0.000000
9808091	0.000000
9808107	0.000000
9806145	0.000000
9808155	0.000000
9809071	0.000000
9809077	0.000000
9809091	0.000000
9809115	0.000000
9809155	0.000000
9705191	0.000000
9305177	0.000000
9809201	0.000000
9809205	0.000000
9810007	0.000000
9810009	0.000000
9810017	0.000000
9810039	0.000000
9810045	0.000000
9810047	0.000000
9810097	0.000000
9810111	0.000000
9810133	0.000000
9810173	0.000000
9810209	0.000000
9810217	0.000000
9810233	0.000000
9810249	0.000000
9810253	0.000000
9810255	0.000000
9811023	0.000000
9811029	0.000000
9811085	0.000000
9811095	0.000000
9810033	0.000000
9811123	0.000000
9811127	0.000000
9811197	0.000000
9811223	0.000000
9811247	0.000000
9511211	0.000000
9710089	0.000000
9812185	0.000000
9812241	0.000000
9901015	0.000000
9901019	0.000000
9609009	0.000000
9902025	0.000000
9902041	0.000000
9902061	0.000000
9807073	0.000000
9902185	0.000000
9903013	0.000000
9903063	0.000000
9805033	0.000000
9903071	0.000000
9903159	0.000000
9903175	0.000000
9903179	0.000000
9903171	0.000000
9903235	0.000000
9903265	0.000000
9207087	0.000000
9904049	0.000000
9904099	0.000000
9904215	0.000000
9905003	0.000000
9905021	0.000000
9905045	0.000000
9905145	0.000000
9905207	0.000000
9906015	0.000000
9906025	0.000000
9906107	0.000000
9906117	0.000000
9906171	0.000000
9906213	0.000000
9603047	0.000000
9906231	0.000000
9906233	0.000000
9906245	0.000000
9907097	0.000000
9907137	0.000000
9907167	0.000000
9907187	0.000000
9907193	0.000000
9907195	0.000000
9908015	0.000000
9908029	0.000000
9908061	0.000000
9908079	0.000000
9908103	0.000000
9908183	0.000000
9908191	0.000000
9410243	0.000000
9908205	0.000000
9908207	0.000000
9810037	0.000000
9909083	0.000000
9909093	0.000000
9909113	0.000000
9909117	0.000000
9909131	0.000000
9909175	0.000000
9909181	0.000000
9805061	0.000000
9909217	0.000000
9909225	0.000000
9910029	0.000000
9910051	0.000000
9910009	0.000000
9910061	0.000000
9904177	0.000000
9910191	0.000000
9910257	0.000000
9510219	0.000000
9911103	0.000000
9911127	0.000000
9911145	0.000000
9911159	0.000000
9911175	0.000000
9910253	0.000000
9911241	0.000000
9912057	0.000000
9912071	0.000000
9707107	0.000000
9912115	0.000000
9912117	0.000000
9912235	0.000000
