9511055	13295.000000
9402123	13295.000000
9707067	13295.000000
9612211	13295.000000
3167	13295.000000
3149	13295.000000
3283	13295.000000
9911219	13295.000000
4065	13295.000000
9910265	13295.000000
5267	13295.000000
9407019	13295.000000
9705081	13295.000000
9501103	13295.000000
6031	13295.000000
9712229	13295.000000
8007	13295.000000
7245	13295.000000
10029	13295.000000
9508013	13295.000000
9908087	13295.000000
9711167	13295.000000
10209	13295.000000
9909207	13295.000000
11063	13295.000000
9810207	13295.000000
11201	13295.000000
9909165	13295.000000
12119	13295.000000
11061	13295.000000
102075	13295.000000
12103	13295.000000
103027	13295.000000
9910141	13295.000000
9704039	13295.000000
9701063	13295.000000
103251	13295.000000
103053	13295.000000
104121	13295.000000
5249	13295.000000
9801031	13295.000000
9612137	13295.000000
106057	13295.000000
9808121	13295.000000
107003	13295.000000
9911009	13295.000000
107133	13295.000000
104165	13295.000000
108213	13295.000000
9811113	13295.000000
109167	13295.000000
9606137	13295.000000
109185	13295.000000
9906113	13295.000000
110061	13295.000000
104019	13295.000000
9703105	13295.000000
9702125	13295.000000
112011	13295.000000
12253	13295.000000
9503051	13295.000000
9307061	13295.000000
201085	13295.000000
104053	13295.000000
201119	13295.000000
9610027	13295.000000
202013	13295.000000
201217	13295.000000
203159	13295.000000
203037	13295.000000
204019	13295.000000
12257	13295.000000
9407013	13295.000000
9402153	13295.000000
205005	13295.000000
110155	13295.000000
205035	13295.000000
9902135	13295.000000
205239	13295.000000
9609029	13295.000000
206061	13295.000000
9805057	13295.000000
207013	13295.000000
9602093	13295.000000
207035	13295.000000
203011	13295.000000
207233	13295.000000
9412083	13295.000000
9905171	13295.000000
9905151	13295.000000
208211	13295.000000
9605137	13295.000000
209177	13295.000000
9811181	13295.000000
210003	13295.000000
9903247	13295.000000
210023	13295.000000
9811099	13295.000000
210149	13295.000000
12127	13295.000000
211151	13295.000000
9905051	13295.000000
211153	13295.000000
204003	13295.000000
211231	13295.000000
102205	13295.000000
9802065	13295.000000
9303083	13295.000000
301111	13295.000000
11015	13295.000000
301169	13295.000000
9304017	13295.000000
302201	13295.000000
9803075	13295.000000
303175	13295.000000
301053	13295.000000
304185	13295.000000
212129	13295.000000
9207059	13295.000000
9204021	13295.000000
9210159	13295.000000
9204051	13295.000000
9304077	13295.000000
9203037	13295.000000
9306081	13295.000000
9208019	13295.000000
9308017	13295.000000
9304075	13295.000000
9308087	13295.000000
9307095	13295.000000
9311041	13295.000000
9304143	13295.000000
9311099	13295.000000
9312137	13295.000000
9311163	13295.000000
9305071	13295.000000
9401101	13295.000000
9302043	13295.000000
9403037	13295.000000
9202009	13295.000000
9404137	13295.000000
9401067	13295.000000
9404167	13295.000000
9207047	13295.000000
9405027	13295.000000
9307113	13295.000000
9410021	13295.000000
9307197	13295.000000
9410111	13295.000000
9310059	13295.000000
9411197	13295.000000
9302093	13295.000000
9412067	13295.000000
9406143	13295.000000
9412087	13295.000000
9207113	13295.000000
9504163	13295.000000
9204033	13295.000000
9505191	13295.000000
9409171	13295.000000
9506165	13295.000000
9302105	13295.000000
9508037	13295.000000
9405177	13295.000000
9508169	13295.000000
9308035	13295.000000
9511155	13295.000000
9411189	13295.000000
9512093	13295.000000
9208061	13295.000000
9603079	13295.000000
9204025	13295.000000
9604135	13295.000000
9409005	13295.000000
9605189	13295.000000
9604029	13295.000000
9607075	13295.000000
9411239	13295.000000
9609093	13295.000000
9404169	13295.000000
9610127	13295.000000
9412049	13295.000000
9610161	13295.000000
9311073	13295.000000
9611141	13295.000000
9611021	13295.000000
9701193	13295.000000
9503219	13295.000000
9702001	13295.000000
9508115	13295.000000
9702071	13295.000000
9410131	13295.000000
9702137	13295.000000
9303151	13295.000000
9703001	13295.000000
9702177	13295.000000
9703061	13295.000000
9507039	13295.000000
9706003	13295.000000
9609081	13295.000000
9706135	13295.000000
9402071	13295.000000
9706209	13295.000000
9705235	13295.000000
9708043	13295.000000
9310195	13295.000000
9708161	13295.000000
9704033	13295.000000
9710083	13295.000000
9703093	13295.000000
9710111	13295.000000
9705171	13295.000000
9710117	13295.000000
9704103	13295.000000
9712153	13295.000000
9610071	13295.000000
9712217	13295.000000
9709051	13295.000000
9802031	13295.000000
9612193	13295.000000
9802053	13295.000000
9508171	13295.000000
9802177	13295.000000
9802131	13295.000000
9804077	13295.000000
9505001	13295.000000
9806215	13295.000000
9705195	13295.000000
9807141	13295.000000
9612041	13295.000000
9808107	13295.000000
9806145	13295.000000
9811095	13295.000000
9810033	13295.000000
9902061	13295.000000
9807073	13295.000000
9903179	13295.000000
9903171	13295.000000
9903265	13295.000000
9207087	13295.000000
9906213	13295.000000
9603047	13295.000000
9910051	13295.000000
9910009	13295.000000
9910061	13295.000000
9904177	13295.000000
9812099	6647.500000
9606053	6647.500000
9907009	6647.500000
9911059	6647.500000
103087	6647.500000
9803157	6647.500000
105213	6647.500000
107125	6647.500000
9212033	6647.500000
3079	6647.500000
207253	6647.500000
112213	6647.500000
111063	6647.500000
9206073	6647.500000
9207029	6647.500000
9305051	6647.500000
9304147	6647.500000
9403083	6647.500000
9211099	6647.500000
9403085	6647.500000
9205019	6647.500000
9404133	6647.500000
9411001	6647.500000
9209015	6647.500000
9601005	6647.500000
9601103	6647.500000
9604049	6647.500000
9602003	6647.500000
9412001	6647.500000
9801059	6647.500000
9805035	6647.500000
9610215	4431.666667
1061	4431.666667
1191	4431.666667
9312173	4431.666667
9603185	4431.666667
7139	4431.666667
12109	4431.666667
101121	4431.666667
6157	4431.666667
9911025	4431.666667
9712041	4431.666667
112171	4431.666667
204255	4431.666667
205145	4431.666667
210027	4431.666667
210121	4431.666667
210277	4431.666667
210283	4431.666667
211099	4431.666667
212251	4431.666667
304265	4431.666667
9207093	4431.666667
9208043	4431.666667
9201069	4431.666667
9212055	4431.666667
9304113	4431.666667
9301091	4431.666667
9305101	4431.666667
9308029	4431.666667
9312163	4431.666667
9408153	4431.666667
9412091	4431.666667
9412197	4431.666667
9605123	4431.666667
9508051	4431.666667
9408105	4431.666667
9408145	4431.666667
9605165	4431.666667
9608051	4431.666667
9608115	4431.666667
9610115	4431.666667
9703169	4431.666667
9704001	4431.666667
9710143	4431.666667
9404145	4431.666667
9411139	4431.666667
9712123	4431.666667
9802081	4431.666667
9807201	4431.666667
9908205	4431.666667
1009	3323.750000
9411175	3323.750000
9510085	3323.750000
12235	3323.750000
109145	3323.750000
202059	3323.750000
9809019	3323.750000
211187	3323.750000
301183	3323.750000
9404085	3323.750000
302229	3323.750000
9402145	3323.750000
9211105	3323.750000
9608007	3323.750000
9705135	3323.750000
9505031	3323.750000
9909211	3323.750000
9610219	2659.000000
108177	2659.000000
9703083	2659.000000
211155	2659.000000
302009	2659.000000
304193	2659.000000
9311039	2659.000000
9407165	2659.000000
9407171	2659.000000
9411065	2659.000000
9603119	2659.000000
9604081	2659.000000
9606155	2659.000000
9911033	2659.000000
9504123	2215.833333
111283	2215.833333
209165	2215.833333
209151	2215.833333
9311171	2215.833333
9403011	2215.833333
9609129	2215.833333
9610061	2215.833333
9707177	2215.833333
9710055	2215.833333
9908079	2215.833333
9805061	2215.833333
9902139	1899.285714
9910187	1899.285714
201131	1899.285714
9201035	1899.285714
303177	1661.875000
9810173	1661.875000
9510219	1661.875000
106283	1477.222222
211273	1477.222222
9312035	1477.222222
9405085	1477.222222
9712093	1477.222222
3189	1329.500000
105193	1329.500000
6153	1329.500000
9502019	1208.636364
206021	1208.636364
9308109	1208.636364
107017	1107.916667
110075	1022.692308
9210077	1022.692308
206067	949.642857
9603145	886.333333
10089	886.333333
9906135	830.937500
6155	830.937500
9408107	830.937500
9905111	0.352653
9510017	0.343371
9610043	0.341704
9802109	0.338519
9407087	0.338364
9510135	0.334710
9410167	0.327407
110055	0.326514
9408099	0.325818
9802067	0.322898
9802051	0.318970
210157	0.318451
9806199	0.318184
7195	0.318123
9510209	0.316887
9908199	0.316578
9601029	0.316442
9401139	0.316194
9807171	0.315025
9611203	0.314838
9512077	0.313096
9712253	0.312743
9409089	0.311745
9603167	0.310849
9910053	0.310689
9809039	0.309885
9811019	0.309532
9512059	0.308054
9607235	0.307997
207249	0.307278
9706109	0.307214
9803131	0.306817
303185	0.306796
9806123	0.306393
206063	0.306252
9607201	0.306040
9611137	0.305998
9508143	0.305963
9612121	0.305745
9710231	0.305576
9602043	0.305113
9908171	0.304952
9807195	0.304415
9711165	0.304275
9803231	0.303955
9604041	0.303886
9505105	0.303393
203101	0.303200
9908049	0.303200
9706025	0.303110
302125	0.302737
9802183	0.302675
9510225	0.302145
9510169	0.301679
9909061	0.301167
9904033	0.301160
4009	0.300976
9811089	0.300323
9702155	0.300215
202021	0.299883
9508155	0.299808
9902051	0.299781
9804111	0.299727
201253	0.299700
9139	0.299585
9705221	0.299484
9602135	0.299444
210249	0.299336
204089	0.299127
9705057	0.298932
8081	0.298892
9507121	0.298764
8241	0.298757
9504047	0.298657
9902131	0.298389
9708005	0.298382
9511043	0.298375
9701019	0.298368
102125	0.298215
9705131	0.298128
9710009	0.298121
106201	0.297874
9611159	0.297867
203157	0.297814
9807135	0.297501
9705167	0.297474
11197	0.297301
9806217	0.297294
9806087	0.297068
9510101	0.297062
9912271	0.296830
9411149	0.296810
9612115	0.296624
9603081	0.296571
4187	0.296558
9609239	0.296499
9705117	0.296380
9811035	0.296208
9602051	0.296116
9511053	0.296116
9610249	0.296037
2021	0.295924
9812037	0.295911
9709091	0.295780
9808075	0.295727
9808035	0.295681
9702201	0.295668
9610041	0.295609
9811093	0.295609
9711201	0.295602
9608117	0.295582
9707093	0.295569
9808149	0.295451
9805047	0.295412
9712117	0.295254
9707079	0.295202
9901135	0.295169
9701025	0.294959
9812061	0.294835
8019	0.294822
9510161	0.294737
9803061	0.294731
9911161	0.294593
9804085	0.294378
302191	0.294339
205201	0.294287
9806159	0.294254
9805129	0.294215
205171	0.294183
9908105	0.294163
105229	0.294059
9907123	0.294020
9605199	0.293975
9807185	0.293968
9903029	0.293897
9908141	0.293806
9604055	0.293760
10105	0.293637
11283	0.293566
9703163	0.293514
9601003	0.293449
9503121	0.293294
209241	0.293203
9703217	0.293074
9604089	0.293048
9805045	0.292983
9708009	0.292983
9909101	0.292970
9204099	0.292880
9604035	0.292880
9602077	0.292725
9805191	0.292674
9702187	0.292616
5087	0.292494
9711153	0.292468
5049	0.292455
102041	0.292391
9707205	0.292313
9803001	0.292288
303191	0.292288
9504081	0.292230
9603127	0.292223
9709087	0.292217
9603161	0.292191
9909227	0.292166
9811101	0.292146
9906235	0.292146
9810201	0.292134
9812237	0.292031
9807033	0.291967
9904095	0.291967
101013	0.291954
9903205	0.291935
9803051	0.291935
9911095	0.291781
9709139	0.291717
9607163	0.291608
9705011	0.291583
105245	0.291474
9812089	0.291314
9707099	0.291289
9512219	0.291250
9902149	0.291225
9708147	0.291174
9512053	0.291142
9809027	0.291142
9704151	0.291123
9701093	0.291053
9711107	0.290995
5145	0.290906
9512181	0.290887
9802047	0.290817
9503163	0.290804
9712251	0.290741
9902153	0.290715
9903165	0.290696
9712071	0.290652
9606139	0.290544
9908065	0.290525
9904017	0.290360
12141	0.290290
9605033	0.290284
9909049	0.290246
12267	0.290182
9812219	0.290119
8015	0.290106
9811087	0.290050
102155	0.289993
9612105	0.289986
1103	0.289866
9902095	0.289835
9803031	0.289828
9506011	0.289809
9803135	0.289765
204253	0.289708
9906081	0.289696
206255	0.289677
9912001	0.289651
9811131	0.289614
9701149	0.289582
11193	0.289557
9705199	0.289513
9904207	0.289475
9811139	0.289475
9705055	0.289380
9505073	0.289280
9901079	0.289273
9610157	0.289267
10223	0.289141
12249	0.289129
9603109	0.289103
9811201	0.289041
9709107	0.288965
9911067	0.288896
9611173	0.288852
9511173	0.288840
9602065	0.288739
9709209	0.288727
9902073	0.288720
9811057	0.288545
204071	0.288432
9807137	0.288313
5247	0.288313
9708123	0.288257
9608015	0.288238
9712047	0.288201
202191	0.288182
9704089	0.288139
9604043	0.288126
7191	0.288120
9709099	0.288051
101219	0.287995
9807087	0.287989
212277	0.287989
9805171	0.287982
9812025	0.287933
9603061	0.287926
210217	0.287889
9410073	0.287858
9711029	0.287839
9702163	0.287833
9704127	0.287814
9704041	0.287795
9812049	0.287783
207173	0.287758
9607067	0.287746
9909215	0.287696
9608039	0.287646
9601057	0.287609
9801049	0.287602
9608163	0.287559
9504145	0.287491
9806095	0.287478
105023	0.287279
9701117	0.287186
212297	0.287186
9904013	0.287149
9809057	0.287112
110173	0.287106
9803263	0.287099
9803015	0.287081
303055	0.287056
9710027	0.287037
108221	0.287006
9812027	0.286988
9904019	0.286957
9910001	0.286957
9812135	0.286926
9407031	0.286920
9611047	0.286907
9808017	0.286883
9710217	0.286883
212245	0.286864
9512017	0.286845
4075	0.286796
9603009	0.286790
9712077	0.286777
3075	0.286765
9604091	0.286716
9604065	0.286672
111135	0.286672
9905037	0.286666
9901033	0.286641
205177	0.286623
5031	0.286604
9603087	0.286592
9809033	0.286573
1055	0.286567
211245	0.286505
9806195	0.286327
11095	0.286327
106127	0.286296
107167	0.286253
9807127	0.286240
9909219	0.286209
105159	0.286166
102077	0.286099
9707217	0.286092
105171	0.286092
205301	0.286086
3187	0.286074
9912241	0.286068
112005	0.286068
9612087	0.286062
103003	0.286019
9906041	0.285969
7011	0.285969
9803209	0.285920
9806009	0.285902
9710053	0.285840
9610085	0.285828
11131	0.285816
9612157	0.285754
9903219	0.285711
9811243	0.285699
209127	0.285693
204147	0.285687
9906137	0.285681
9805069	0.285644
9704029	0.285601
9612223	0.285552
9709017	0.285539
9803109	0.285527
1077	0.285521
9802073	0.285515
9808159	0.285503
103031	0.285466
9603097	0.285447
9902101	0.285411
303087	0.285411
1001	0.285405
9702203	0.285368
9706087	0.285362
9609017	0.285356
9911003	0.285343
202131	0.285331
9307049	0.285307
203231	0.285258
9606185	0.285141
5029	0.285092
9512203	0.285074
3019	0.285074
9511157	0.285056
9903087	0.284995
9605009	0.284982
9602049	0.284982
9907101	0.284885
9704187	0.284866
9709123	0.284830
9512081	0.284824
9911147	0.284818
9703031	0.284811
9509161	0.284799
9411057	0.284793
110271	0.284781
211029	0.284763
4063	0.284757
9304011	0.284738
9902045	0.284732
212193	0.284683
303173	0.284635
9905155	0.284629
11111	0.284531
9704087	0.284525
205251	0.284519
9805019	0.284476
9712213	0.284434
9705091	0.284415
9802099	0.284385
9606009	0.284373
9610125	0.284349
9510229	0.284342
205131	0.284336
9906103	0.284312
202083	0.284276
9906161	0.284209
9902059	0.284209
12029	0.284178
12075	0.284118
9702167	0.284112
8203	0.284112
9910019	0.284063
12265	0.284039
9510227	0.284021
11079	0.284008
9169	0.283984
112073	0.283984
9701037	0.283972
9607207	0.283948
9708085	0.283942
103171	0.283942
9806103	0.283923
9907177	0.283917
9609217	0.283881
9912107	0.283857
3147	0.283845
9701069	0.283784
9503057	0.283772
9908077	0.283766
9808069	0.283760
9710005	0.283748
9810099	0.283736
204183	0.283736
9308139	0.283705
9189	0.283675
9909129	0.283615
9804027	0.283590
9611125	0.283578
9804057	0.283554
9809021	0.283542
102007	0.283542
9903043	0.283494
9702099	0.283469
9603089	0.283439
9807055	0.283427
6019	0.283415
110263	0.283415
9904083	0.283337
9708037	0.283324
9904137	0.283324
9804121	0.283318
9601077	0.283312
9810225	0.283276
9802007	0.283252
9903105	0.283234
9803167	0.283216
104111	0.283210
2159	0.283192
9902121	0.283174
9512031	0.283149
9703049	0.283143
9603003	0.283113
9604119	0.283113
9805097	0.283107
303057	0.283089
3245	0.283059
12145	0.283041
9711053	0.283035
9803085	0.283029
9702093	0.282999
9701125	0.282981
212293	0.282981
1089	0.282975
9911135	0.282914
9907175	0.282908
9610005	0.282902
9305185	0.282890
107079	0.282872
9810149	0.282866
9904133	0.282860
203021	0.282824
9803023	0.282818
9912027	0.282770
9904129	0.282770
205037	0.282710
212057	0.282698
1213	0.282680
9710215	0.282674
9908129	0.282644
9804065	0.282614
9811237	0.282554
9712211	0.282542
9705173	0.282524
7067	0.282488
103163	0.282488
9807239	0.282476
106253	0.282470
207245	0.282470
9802033	0.282452
8001	0.282452
301055	0.282452
9708089	0.282440
9608111	0.282416
9611165	0.282404
9612215	0.282380
203083	0.282374
9704051	0.282332
9809103	0.282332
3175	0.282296
9806197	0.282284
9511213	0.282284
9804159	0.282248
9707123	0.282242
12183	0.282236
212313	0.282230
9707203	0.282224
9901161	0.282224
9611233	0.282218
9805207	0.282158
9803067	0.282152
5065	0.282092
9801181	0.282092
9803039	0.282074
5047	0.282056
9606017	0.282044
9801205	0.282044
9701137	0.282038
9808191	0.282038
9801127	0.281978
9805139	0.281931
209169	0.281925
9912257	0.281907
106061	0.281895
9605201	0.281865
3055	0.281859
9812035	0.281841
9711157	0.281829
9901101	0.281823
9803119	0.281817
9703099	0.281775
9905211	0.281775
9602071	0.281757
9705107	0.281733
9510183	0.281692
9904191	0.281686
9512129	0.281668
9810035	0.281638
3057	0.281620
101033	0.281602
105035	0.281572
9904089	0.281513
104169	0.281507
203019	0.281489
9706211	0.281471
9710137	0.281471
9903091	0.281411
9807173	0.281405
9510023	0.281388
9607051	0.281382
9803189	0.281364
202157	0.281358
111119	0.281310
9810195	0.281280
9803239	0.281269
9512145	0.281263
9505053	0.281257
202065	0.281257
9806113	0.281239
9812031	0.281233
303073	0.281233
206057	0.281221
109127	0.281203
204047	0.281191
11127	0.281185
208165	0.281173
206081	0.281161
9806021	0.281155
9609219	0.281108
109081	0.281102
9902079	0.281090
203191	0.281049
107119	0.281031
9612233	0.281007
9907211	0.280989
9808141	0.280971
304007	0.280971
9309145	0.280948
9802203	0.280942
9705053	0.280936
9912079	0.280924
9805131	0.280912
9712049	0.280906
9812073	0.280900
9802005	0.280894
9809147	0.280888
9904131	0.280859
9911169	0.280853
203097	0.280823
206239	0.280799
9806091	0.280781
204189	0.280781
9910105	0.280770
5021	0.280728
9511159	0.280716
206155	0.280716
9711143	0.280710
1127	0.280698
111187	0.280692
9703201	0.280687
205075	0.280681
9705169	0.280669
9704145	0.280669
9701185	0.280627
9707019	0.280621
9809193	0.280615
9904197	0.280615
9806011	0.280556
9511171	0.280503
9805157	0.280497
9512121	0.280450
9608005	0.280444
9906075	0.280444
9504147	0.280420
9247	0.280420
104059	0.280420
9805143	0.280385
9504027	0.280379
9604189	0.280373
9708039	0.280361
9711015	0.280343
9604097	0.280314
9911037	0.280314
9711097	0.280308
9912275	0.280302
9905015	0.280272
9901105	0.280272
9706197	0.280272
111225	0.280272
9803191	0.280237
9507113	0.280231
9808037	0.280190
103115	0.280190
9905173	0.280178
9705113	0.280166
9605085	0.280142
9702061	0.280137
105039	0.280113
9705139	0.280107
9605023	0.280107
9811193	0.280095
9904073	0.280066
9803251	0.280042
9611063	0.280036
9801019	0.280036
106171	0.280019
9611051	0.280013
203093	0.280001
9709027	0.279971
212329	0.279971
9601007	0.279965
9711027	0.279942
9503179	0.279936
9610205	0.279907
9611215	0.279901
9808175	0.279883
9612021	0.279871
10143	0.279842
201129	0.279842
9704005	0.279818
9802069	0.279812
9707087	0.279771
11039	0.279753
9706155	0.279748
9805165	0.279736
9707179	0.279724
9706083	0.279706
9604139	0.279695
9906029	0.279683
9213	0.279677
9602061	0.279665
9601167	0.279659
9612153	0.279659
206071	0.279630
9711083	0.279606
9612143	0.279600
9604129	0.279565
212211	0.279565
9812079	0.279565
9803103	0.279559
9131	0.279548
9608061	0.279542
107081	0.279518
210183	0.279512
9712075	0.279500
210039	0.279471
9908175	0.279459
4111	0.279453
4147	0.279453
106109	0.279448
9812007	0.279430
9903021	0.279383
9503127	0.279348
9504095	0.279313
9910049	0.279307
9907095	0.279289
210133	0.279283
9903217	0.279266
204051	0.279266
205221	0.279242
9509009	0.279230
9709065	0.279213
9809067	0.279189
201093	0.279137
9907145	0.279125
9612251	0.279125
104239	0.279107
9505035	0.279084
4151	0.279084
9912047	0.279008
9187	0.278996
211141	0.278996
1083	0.278990
206161	0.278990
108101	0.278973
9708105	0.278955
108161	0.278949
9604103	0.278938
9703009	0.278938
112081	0.278885
9810069	0.278856
9308075	0.278838
9909047	0.278821
9705079	0.278815
9710007	0.278797
9610251	0.278785
9047	0.278785
9808161	0.278762
112059	0.278756
302171	0.278756
9712195	0.278750
9704195	0.278739
9703211	0.278698
9711005	0.278669
9057	0.278669
12131	0.278669
9506077	0.278663
9803077	0.278657
9704109	0.278645
209179	0.278645
9607149	0.278628
2223	0.278622
9811013	0.278616
9808183	0.278616
9804035	0.278604
9806125	0.278593
9805091	0.278581
208107	0.278581
2175	0.278575
9707225	0.278575
9612089	0.278558
9806141	0.278558
203223	0.278558
4159	0.278523
9611209	0.278517
9805041	0.278511
209189	0.278511
9802133	0.278493
9808177	0.278488
303033	0.278476
9905081	0.278464
11073	0.278464
9701151	0.278453
9808139	0.278447
9810237	0.278447
1177	0.278441
207171	0.278441
9808079	0.278435
9612119	0.278435
9811167	0.278423
9804209	0.278418
106255	0.278418
9508089	0.278383
9812121	0.278354
110111	0.278336
101211	0.278324
9508117	0.278307
9804163	0.278301
112195	0.278295
9908019	0.278272
9507063	0.278260
9711069	0.278243
9803235	0.278225
108233	0.278214
110115	0.278185
9207053	0.278138
9803053	0.278132
206045	0.278121
9703073	0.278109
9901121	0.278103
9807205	0.278103
9905227	0.278097
9612015	0.278097
9803137	0.278092
9912119	0.278092
301123	0.278086
9612095	0.278033
9911251	0.278033
9904217	0.278028
9703133	0.278004
9711037	0.277975
9805051	0.277958
9701139	0.277923
9705225	0.277923
9907023	0.277917
9808157	0.277911
9805105	0.277894
207009	0.277894
209257	0.277894
9910013	0.277853
9804083	0.277847
9901149	0.277836
9805123	0.277836
8013	0.277824
9711179	0.277818
103067	0.277818
9902125	0.277813
9810053	0.277789
9706165	0.277789
108205	0.277784
209067	0.277784
9610237	0.277778
103169	0.277766
108239	0.277766
9904147	0.277755
9902197	0.277755
9906027	0.277737
9510093	0.277726
9811047	0.277726
9912073	0.277720
9502057	0.277714
9806099	0.277697
9903237	0.277697
109217	0.277691
9906151	0.277679
11241	0.277673
9701169	0.277668
9707261	0.277656
9408083	0.277650
9806001	0.277650
9906191	0.277639
211195	0.277633
9903207	0.277610
9707119	0.277610
107177	0.277598
9803171	0.277592
201215	0.277586
105237	0.277575
9712257	0.277569
208095	0.277563
105137	0.277546
102173	0.277528
9904149	0.277488
7061	0.277465
3203	0.277459
103047	0.277459
9702107	0.277453
9803127	0.277447
9505075	0.277424
9801147	0.277413
9908167	0.277384
9803111	0.277320
9908165	0.277303
9712179	0.277297
9807097	0.277291
9608053	0.277268
9212149	0.277262
9603033	0.277256
9610053	0.277239
302087	0.277239
8141	0.277228
9807225	0.277199
2011	0.277193
9910237	0.277193
9901041	0.277187
110175	0.277164
9806115	0.277141
104147	0.277141
9904143	0.277135
210093	0.277135
9809213	0.277118
9808143	0.277100
9906087	0.277095
9603037	0.277089
9808187	0.277072
5241	0.277066
9812021	0.277031
9810243	0.277020
9802153	0.277008
10069	0.277002
9905221	0.276991
3237	0.276991
9607011	0.276950
9801183	0.276950
9703041	0.276945
9812071	0.276945
9610077	0.276933
206033	0.276921
2157	0.276916
9807085	0.276887
6219	0.276864
9712141	0.276864
207083	0.276829
9903033	0.276818
9912177	0.276818
9908153	0.276806
9910145	0.276795
9612171	0.276777
9810179	0.276772
9505023	0.276754
9604179	0.276754
9704197	0.276702
9811005	0.276691
3289	0.276679
9712223	0.276674
9805027	0.276674
103165	0.276656
9506075	0.276651
9902155	0.276639
106191	0.276639
107067	0.276622
9810219	0.276616
9510207	0.276605
9903067	0.276605
203023	0.276605
9605049	0.276587
9510173	0.276576
203257	0.276576
9809045	0.276570
8091	0.276570
9907129	0.276536
9907029	0.276524
6041	0.276507
9806075	0.276472
9806041	0.276472
7209	0.276467
9903227	0.276455
9607139	0.276449
105207	0.276426
108191	0.276426
208101	0.276421
9911041	0.276415
5151	0.276415
9802195	0.276409
209235	0.276403
111231	0.276386
207071	0.276369
9309097	0.276363
9702133	0.276357
9705111	0.276334
204127	0.276334
9211097	0.276323
9806151	0.276323
9812239	0.276317
5117	0.276311
9205027	0.276300
9801093	0.276300
12213	0.276288
9904187	0.276277
9802091	0.276271
9408013	0.276265
103209	0.276265
9805217	0.276254
10179	0.276254
9902005	0.276248
2125	0.276237
9811147	0.276231
11085	0.276208
9601177	0.276191
9806139	0.276191
9508091	0.276185
101099	0.276145
9507115	0.276134
9612127	0.276134
9911205	0.276105
103159	0.276093
9704075	0.276082
9704123	0.276076
9710065	0.276053
212111	0.276048
9805145	0.276036
9039	0.276025
9701053	0.275990
9907115	0.275979
105309	0.275967
9708055	0.275956
106117	0.275944
9905161	0.275927
2165	0.275921
3059	0.275921
211101	0.275921
9706073	0.275910
112197	0.275904
106161	0.275887
304127	0.275858
1179	0.275853
9702015	0.275841
8211	0.275841
9903109	0.275836
212337	0.275830
9706057	0.275818
9912155	0.275813
9512043	0.275813
208163	0.275813
302059	0.275813
9708119	0.275801
112037	0.275790
9608183	0.275773
107115	0.275761
303223	0.275761
9606039	0.275761
9811021	0.275756
9603123	0.275750
211291	0.275738
9812169	0.275733
9611197	0.275727
9602145	0.275715
103187	0.275715
107263	0.275698
202153	0.275698
9901139	0.275693
205155	0.275687
7043	0.275658
9402005	0.275653
9607227	0.275641
205265	0.275624
9903163	0.275555
9306069	0.275538
9907113	0.275527
3037	0.275515
9901159	0.275510
10115	0.275493
9710121	0.275487
4011	0.275476
9910117	0.275458
5213	0.275458
10119	0.275447
106081	0.275441
203239	0.275418
9808081	0.275413
9904113	0.275407
207081	0.275401
209105	0.275390
208065	0.275384
9711003	0.275379
9710059	0.275379
9907117	0.275367
112045	0.275356
3129	0.275344
9705137	0.275339
9702031	0.275322
9707075	0.275322
211025	0.275316
9712215	0.275304
111149	0.275304
104031	0.275293
304129	0.275293
5003	0.275287
9807093	0.275276
9410237	0.275270
9904179	0.275270
9904101	0.275270
9804019	0.275270
9907047	0.275259
9903025	0.275253
9701165	0.275247
202201	0.275247
303219	0.275247
9903259	0.275236
3017	0.275236
6189	0.275230
9903031	0.275219
3119	0.275213
304263	0.275213
108075	0.275202
9510097	0.275196
9804087	0.275185
4037	0.275185
9608109	0.275168
9706175	0.275168
9612051	0.275168
9710151	0.275162
9905209	0.275151
9025	0.275151
9707251	0.275133
9612085	0.275105
210011	0.275105
9812067	0.275094
210145	0.275094
9810151	0.275082
9909085	0.275077
9702101	0.275071
9812163	0.275059
211135	0.275054
6009	0.275042
1131	0.275031
9801121	0.275025
9905091	0.275020
209201	0.275020
10017	0.275014
9812175	0.275003
9604057	0.274997
9802147	0.274980
103247	0.274980
9905075	0.274968
105117	0.274963
9609095	0.274929
3213	0.274912
9605135	0.274906
9906221	0.274883
9710239	0.274883
207105	0.274883
111165	0.274883
9909059	0.274872
9803265	0.274866
9709063	0.274866
9906011	0.274866
9610119	0.274855
2189	0.274843
2237	0.274838
1065	0.274826
211023	0.274815
106073	0.274809
9602153	0.274809
9611205	0.274804
103233	0.274798
9703047	0.274787
3263	0.274775
8075	0.274764
3101	0.274758
9612131	0.274747
9712239	0.274735
9902067	0.274724
4185	0.274724
9706047	0.274718
105047	0.274701
9710247	0.274684
9708065	0.274656
301253	0.274639
9804093	0.274622
9903007	0.274616
9911081	0.274616
206005	0.274611
9512127	0.274577
9601171	0.274571
9912139	0.274571
9809111	0.274560
301091	0.274560
9903065	0.274543
9712059	0.274543
207111	0.274537
12081	0.274531
9903195	0.274526
9712115	0.274520
9511079	0.274497
10169	0.274492
211111	0.274469
9707259	0.274458
9302047	0.274458
108055	0.274458
9704143	0.274446
3211	0.274446
302019	0.274424
7055	0.274418
108025	0.274339
9199	0.274316
103041	0.274293
5105	0.274276
204257	0.274276
9904041	0.274271
9706089	0.274254
9403195	0.274248
9806069	0.274248
9708117	0.274248
6011	0.274231
10117	0.274231
9908023	0.274225
9807109	0.274192
9905097	0.274192
9706097	0.274186
2029	0.274186
9809059	0.274186
105227	0.274180
9903085	0.274163
9912161	0.274141
9709171	0.274141
109057	0.274141
201209	0.274141
9710223	0.274118
9905031	0.274107
112083	0.274101
3221	0.274090
4117	0.274067
6037	0.274067
9185	0.274067
101087	0.274067
9906217	0.274050
1051	0.274033
9701143	0.274033
9809179	0.274016
9610105	0.273999
210007	0.273999
9208027	0.273994
303075	0.273988
9507011	0.273982
9707089	0.273982
9801023	0.273977
10047	0.273971
9710085	0.273966
105113	0.273966
111151	0.273954
9903161	0.273943
204203	0.273943
212233	0.273943
3131	0.273937
9809009	0.273909
9608137	0.273898
9709013	0.273892
9809145	0.273887
9712063	0.273887
9607105	0.273881
9806039	0.273870
9909017	0.273847
9912125	0.273813
9711081	0.273796
203163	0.273796
109053	0.273791
109029	0.273768
4165	0.273746
205317	0.273746
9802085	0.273740
112145	0.273672
9811257	0.273661
9711105	0.273650
9507151	0.273633
9908201	0.273622
9610151	0.273616
9903233	0.273616
9903079	0.273610
9910207	0.273593
9810051	0.273588
9703195	0.273588
9806171	0.273577
6107	0.273571
9908001	0.273560
9912007	0.273554
9905085	0.273537
9703179	0.273526
9812039	0.273503
9805099	0.273492
9704125	0.273481
9904091	0.273436
9809127	0.273430
105101	0.273425
5073	0.273408
9604013	0.273402
5081	0.273397
210115	0.273391
9711145	0.273385
101119	0.273385
104037	0.273385
9402107	0.273374
9901021	0.273368
9911119	0.273352
9806051	0.273335
9912209	0.273335
8209	0.273273
9603059	0.273273
211065	0.273267
9607187	0.273262
107163	0.273256
9911197	0.273256
11009	0.273250
11029	0.273234
106015	0.273228
9506037	0.273222
204201	0.273211
206193	0.273211
9712201	0.273177
9804067	0.273166
9506101	0.273161
112019	0.273149
6103	0.273138
9811217	0.273133
103243	0.273121
5163	0.273116
7041	0.273104
9804055	0.273104
9712185	0.273099
9912167	0.273099
10015	0.273093
9909213	0.273060
9901143	0.273048
9504161	0.273037
104251	0.273032
9710141	0.273015
4123	0.273015
9606113	0.272981
9608093	0.272976
9909179	0.272970
9805007	0.272964
201205	0.272964
9804131	0.272948
9611119	0.272948
9906073	0.272942
212253	0.272942
109147	0.272936
9702189	0.272925
9907075	0.272897
9604037	0.272897
202189	0.272891
12079	0.272886
302011	0.272886
5217	0.272880
9809061	0.272875
10279	0.272869
9503115	0.272863
9807149	0.272863
9907107	0.272858
9912227	0.272841
9811097	0.272835
9708099	0.272830
9503205	0.272813
4179	0.272807
9907131	0.272802
9906211	0.272785
9509151	0.272768
9906105	0.272757
107051	0.272746
303109	0.272746
5053	0.272740
3033	0.272729
204043	0.272718
3123	0.272712
9901057	0.272696
9710165	0.272690
9709193	0.272668
9806133	0.272668
9711039	0.272668
9601023	0.272651
9903089	0.272640
9906099	0.272634
9903209	0.272612
101001	0.272612
9712005	0.272606
9902105	0.272601
205141	0.272601
208187	0.272584
9708041	0.272573
9908035	0.272573
101145	0.272567
9211	0.272561
109065	0.272556
9210127	0.272550
9707195	0.272550
9506057	0.272545
12091	0.272545
9135	0.272533
9605073	0.272511
3145	0.272506
105049	0.272494
9611103	0.272478
7211	0.272478
9905049	0.272455
9709135	0.272455
9703039	0.272450
9807179	0.272433
9711093	0.272433
9512061	0.272427
204049	0.272416
208047	0.272416
9806191	0.272411
209225	0.272383
9404071	0.272366
9803249	0.272360
301151	0.272355
3183	0.272344
9506137	0.272327
205151	0.272327
9812095	0.272299
9811045	0.272299
9508021	0.272293
9907003	0.272293
304259	0.272277
9510079	0.272271
9902055	0.272260
2191	0.272249
106149	0.272238
9802185	0.272232
9411187	0.272204
301223	0.272204
9405069	0.272165
9811251	0.272149
9810083	0.272149
3281	0.272143
11251	0.272143
2211	0.272137
9601179	0.272137
111163	0.272110
9901091	0.272098
9906175	0.272098
9207	0.272098
6165	0.272093
12121	0.272093
212207	0.272093
9904063	0.272082
9802041	0.272082
9903107	0.272048
209009	0.272048
110209	0.272043
9604133	0.272037
9709033	0.272037
206175	0.272037
9907061	0.272037
6139	0.272026
109055	0.272026
210195	0.272015
9711067	0.272009
6193	0.272004
204023	0.272004
9905195	0.271993
9707003	0.271959
209057	0.271931
9908113	0.271920
9705029	0.271909
9901103	0.271904
2039	0.271904
10263	0.271898
11279	0.271870
9603195	0.271859
205321	0.271859
9806155	0.271854
205083	0.271854
9702037	0.271826
9901131	0.271815
7157	0.271815
9906055	0.271804
9809173	0.271798
9812117	0.271792
9804009	0.271781
9911153	0.271781
110067	0.271781
9608195	0.271776
5007	0.271776
8119	0.271776
101029	0.271770
9711161	0.271759
9907015	0.271737
1011	0.271731
9812109	0.271726
9603133	0.271720
5111	0.271720
2235	0.271709
12129	0.271704
112227	0.271698
9810157	0.271687
9710033	0.271676
9302103	0.271670
9704117	0.271670
212103	0.271665
6239	0.271637
2025	0.271615
1053	0.271593
104039	0.271587
9707131	0.271576
202127	0.271576
9801175	0.271570
12033	0.271570
2255	0.271565
8029	0.271559
9808051	0.271548
205073	0.271543
5123	0.271532
9907093	0.271520
207125	0.271520
9812093	0.271504
9911137	0.271504
9902123	0.271498
9910233	0.271493
2199	0.271493
5067	0.271487
9711117	0.271476
9907133	0.271471
205067	0.271471
9603113	0.271459
9607041	0.271454
9512173	0.271443
9907203	0.271443
9606193	0.271432
9704165	0.271432
9806225	0.271432
2091	0.271426
9709037	0.271415
1041	0.271404
9808039	0.271404
9903117	0.271387
110087	0.271387
9912277	0.271376
12049	0.271360
9902173	0.271354
9901093	0.271354
9909229	0.271349
8213	0.271349
9710023	0.271338
303081	0.271332
9712021	0.271315
108229	0.271315
9609161	0.271310
9511187	0.271310
203229	0.271310
212063	0.271293
9811051	0.271288
201037	0.271282
9611029	0.271260
301025	0.271260
201185	0.271255
106247	0.271249
9907037	0.271243
304061	0.271238
107185	0.271210
9609041	0.271205
12159	0.271205
211115	0.271199
203233	0.271183
105219	0.271177
110109	0.271166
204045	0.271138
7023	0.271133
107031	0.271127
9606049	0.271100
102097	0.271100
9609071	0.271094
211123	0.271083
9902191	0.271078
212183	0.271078
105083	0.271072
9708127	0.271067
107173	0.271067
9911245	0.271061
9804149	0.271028
1183	0.271011
9903003	0.271006
3235	0.270995
9912145	0.270978
11089	0.270967
106113	0.270962
201151	0.270956
112109	0.270951
102091	0.270934
9906197	0.270928
9509175	0.270912
201017	0.270901
9706185	0.270895
102157	0.270895
9504149	0.270884
9902195	0.270862
9804183	0.270857
9907219	0.270840
9910109	0.270829
211089	0.270829
9810031	0.270813
9710163	0.270807
9711043	0.270779
12025	0.270774
210035	0.270757
9801145	0.270746
206147	0.270735
9603051	0.270730
9804041	0.270724
9606165	0.270713
9712061	0.270708
9909041	0.270702
9605053	0.270686
9906127	0.270686
9103	0.270664
9810257	0.270653
11097	0.270636
7031	0.270620
9608167	0.270614
203107	0.270603
9912225	0.270598
9807019	0.270587
9804069	0.270581
3093	0.270576
5055	0.270576
9712199	0.270570
9706115	0.270543
9709081	0.270537
9705175	0.270531
7097	0.270531
9807213	0.270526
204033	0.270498
9712103	0.270487
9912157	0.270487
9609173	0.270482
210005	0.270476
9710123	0.270471
105089	0.270465
9608127	0.270460
9909015	0.270454
9811195	0.270454
208003	0.270421
3121	0.270399
9906201	0.270388
9812139	0.270383
9512161	0.270383
9807235	0.270372
105269	0.270355
108169	0.270355
101043	0.270339
9806169	0.270333
9709001	0.270328
210135	0.270322
9709211	0.270300
10165	0.270300
9806019	0.270295
9810023	0.270284
9706059	0.270268
201145	0.270268
112219	0.270262
9910267	0.270251
11219	0.270246
9903113	0.270229
9606033	0.270224
9912249	0.270224
9905055	0.270224
9712135	0.270224
109175	0.270218
203211	0.270218
304169	0.270207
102185	0.270202
9804141	0.270191
9810205	0.270191
9909095	0.270185
9804123	0.270163
9508177	0.270158
203203	0.270152
9901045	0.270136
9912165	0.270125
109149	0.270125
9812227	0.270081
9912287	0.270075
102035	0.270070
205015	0.270064
9802163	0.270042
9607193	0.270042
204029	0.270037
9211021	0.270010
9811213	0.270010
8041	0.270004
9709015	0.269993
2205	0.269977
108085	0.269977
107103	0.269960
103153	0.269944
207145	0.269944
106177	0.269927
9806143	0.269905
9707023	0.269900
9812143	0.269894
304271	0.269889
202193	0.269878
7205	0.269873
105097	0.269867
209223	0.269867
9812183	0.269856
9706099	0.269845
11223	0.269818
203041	0.269807
107131	0.269801
108187	0.269796
9501075	0.269790
9705237	0.269779
9812161	0.269774
111079	0.269774
105139	0.269763
207091	0.269763
9706107	0.269758
211097	0.269752
9904153	0.269725
201075	0.269725
9708137	0.269708
10237	0.269708
12211	0.269703
9701129	0.269675
9809165	0.269675
9710191	0.269670
112131	0.269665
1143	0.269648
9610171	0.269643
9602167	0.269632
9707171	0.269626
9902071	0.269615
110265	0.269615
9904087	0.269604
9801047	0.269599
103181	0.269593
304257	0.269593
9610049	0.269582
9909051	0.269582
9059	0.269561
211069	0.269561
9812119	0.269550
111209	0.269550
9902205	0.269528
9708001	0.269528
112177	0.269528
9808117	0.269522
9712029	0.269511
9810159	0.269511
9803123	0.269506
210079	0.269501
9510129	0.269484
107111	0.269484
9702077	0.269440
9811207	0.269435
9906049	0.269424
9309039	0.269413
105291	0.269402
9602111	0.269391
110039	0.269337
112229	0.269337
202003	0.269337
9710119	0.269331
9606173	0.269331
9803193	0.269326
9905137	0.269320
9904181	0.269315
8249	0.269277
3251	0.269271
110093	0.269266
9405171	0.269255
212175	0.269239
212279	0.269239
9904011	0.269222
9903049	0.269217
105235	0.269217
9911117	0.269206
2187	0.269189
9812043	0.269173
9908125	0.269168
206107	0.269162
211081	0.269157
9804095	0.269151
6043	0.269151
9906109	0.269135
9712145	0.269130
9811025	0.269124
4103	0.269124
9911011	0.269119
9601013	0.269119
9612027	0.269113
9704161	0.269102
9807011	0.269086
9505051	0.269064
9801085	0.269042
9504113	0.269042
9910099	0.269037
4113	0.269032
9807183	0.269026
201047	0.269026
9607109	0.269021
9706217	0.269010
111027	0.269010
8073	0.268999
9405117	0.268993
108009	0.268977
105151	0.268972
9710029	0.268966
9807199	0.268955
1149	0.268934
7241	0.268928
7253	0.268912
110007	0.268912
12117	0.268901
9911039	0.268895
211121	0.268890
9710057	0.268874
204079	0.268874
9702153	0.268868
210313	0.268868
9702079	0.268863
9708157	0.268857
4131	0.268857
9903037	0.268852
9806201	0.268852
9906033	0.268819
9512089	0.268809
1109	0.268809
9911115	0.268809
112223	0.268792
9409095	0.268781
9910041	0.268765
303233	0.268765
102159	0.268754
9608017	0.268749
104143	0.268749
201153	0.268749
304051	0.268749
9612231	0.268743
9806089	0.268743
9905143	0.268722
209219	0.268722
202183	0.268711
212117	0.268705
106011	0.268694
106103	0.268694
9708133	0.268694
9612229	0.268684
12037	0.268678
205185	0.268662
303011	0.268662
108013	0.268656
102045	0.268651
9711073	0.268635
9604199	0.268635
205213	0.268629
9903143	0.268624
9711099	0.268602
107189	0.268602
9810135	0.268597
6215	0.268597
9911149	0.268597
9707139	0.268586
103071	0.268575
9512149	0.268575
9605131	0.268532
104065	0.268526
9019	0.268499
211259	0.268488
9609181	0.268477
6231	0.268461
9803095	0.268439
1021	0.268434
303249	0.268434
9705211	0.268429
9709061	0.268423
9705023	0.268418
203031	0.268418
106021	0.268412
202091	0.268407
204163	0.268407
9602073	0.268402
9809197	0.268402
9605077	0.268369
9902087	0.268369
9912133	0.268364
8149	0.268364
205129	0.268342
9805015	0.268336
9204083	0.268336
108043	0.268336
209029	0.268326
9906045	0.268326
9712105	0.268320
9812177	0.268304
304255	0.268299
9706131	0.268277
9605215	0.268266
105019	0.268261
9703059	0.268255
9803163	0.268250
9610031	0.268250
9712159	0.268239
12111	0.268239
9911193	0.268223
2075	0.268212
9808125	0.268201
9910087	0.268196
9712133	0.268174
1093	0.268163
102085	0.268163
9910263	0.268152
7007	0.268152
9908039	0.268152
201099	0.268098
9903145	0.268093
9711089	0.268093
9906193	0.268088
9181	0.268071
9707133	0.268050
212021	0.268034
210209	0.268028
203025	0.268023
2183	0.268017
9406105	0.268001
9021	0.268001
12201	0.267985
9812017	0.267963
1201	0.267963
4023	0.267953
9707007	0.267953
9702103	0.267947
9009	0.267936
9906039	0.267931
103239	0.267931
105115	0.267909
9704031	0.267899
107025	0.267850
209095	0.267850
9505183	0.267845
9709053	0.267834
9503105	0.267834
9810129	0.267834
108147	0.267834
9603099	0.267828
9503033	0.267828
9905071	0.267828
9610155	0.267823
207129	0.267812
9904201	0.267807
9909177	0.267801
9804105	0.267801
9506091	0.267796
9606199	0.267791
201171	0.267791
9508107	0.267774
9902023	0.267774
9806173	0.267774
110297	0.267774
9808185	0.267769
9701123	0.267753
11191	0.267753
9610091	0.267747
203265	0.267747
9602045	0.267742
211181	0.267742
9607057	0.267731
209085	0.267710
9707247	0.267704
9810021	0.267699
6091	0.267699
106031	0.267694
11115	0.267683
9511037	0.267677
11077	0.267667
9605091	0.267661
9809055	0.267661
9709225	0.267634
9910217	0.267629
9609145	0.267629
9711205	0.267618
110201	0.267618
9711001	0.267607
109019	0.267607
9504129	0.267602
9409021	0.267564
9706007	0.267559
304197	0.267559
9209	0.267548
9802151	0.267532
9805107	0.267532
208029	0.267527
10103	0.267510
9902089	0.267500
11245	0.267484
2009	0.267462
9704095	0.267457
204103	0.267457
9706151	0.267451
9906179	0.267440
9610181	0.267435
9707001	0.267430
112119	0.267430
9601117	0.267424
304093	0.267424
9804113	0.267408
9903181	0.267403
9903023	0.267397
7133	0.267397
9601115	0.267381
5129	0.267381
103235	0.267360
6085	0.267354
12051	0.267354
209145	0.267349
2073	0.267344
12203	0.267338
3065	0.267317
9806235	0.267311
4155	0.267306
106013	0.267290
9303057	0.267285
9909109	0.267285
205077	0.267285
111121	0.267279
9702083	0.267274
9804139	0.267263
9606077	0.267263
9907019	0.267258
9608129	0.267242
9701075	0.267242
9015	0.267236
301125	0.267220
111017	0.267215
9809095	0.267204
9804151	0.267204
9602097	0.267199
9912159	0.267199
207115	0.267188
202197	0.267161
9912019	0.267145
4067	0.267145
204243	0.267145
9506171	0.267134
205227	0.267134
108207	0.267118
211009	0.267118
12137	0.267113
9812003	0.267107
9510053	0.267102
3025	0.267102
9801053	0.267075
9706027	0.267070
10151	0.267048
101199	0.267043
9710219	0.267038
209187	0.267038
9505067	0.267027
9801083	0.267021
101181	0.267021
207241	0.267016
9051	0.267011
9803003	0.266995
207223	0.266995
302107	0.266995
112141	0.266989
1085	0.266984
2117	0.266984
105155	0.266984
103183	0.266979
304183	0.266973
206243	0.266963
9609225	0.266957
206247	0.266930
102121	0.266925
103015	0.266914
12097	0.266904
8133	0.266898
4195	0.266898
9087	0.266893
9301003	0.266877
9706121	0.266871
107153	0.266839
9705067	0.266839
12023	0.266829
9803257	0.266829
9708153	0.266823
9712011	0.266807
9902007	0.266791
9215	0.266786
9608095	0.266759
9812081	0.266754
9808073	0.266748
209239	0.266748
9705025	0.266738
111189	0.266727
10203	0.266716
9910185	0.266705
9502077	0.266700
9611065	0.266695
9808005	0.266695
212147	0.266695
9701187	0.266679
9809063	0.266668
9712177	0.266668
112099	0.266657
207247	0.266652
3051	0.266641
9701077	0.266631
4141	0.266631
112055	0.266620
209081	0.266609
3081	0.266604
9712013	0.266593
206191	0.266582
9609151	0.266556
211139	0.266529
9611201	0.266524
9903157	0.266513
9811145	0.266497
9607125	0.266492
9805181	0.266492
9607113	0.266492
9907179	0.266481
110041	0.266465
212165	0.266460
110225	0.266454
5169	0.266444
107261	0.266444
5137	0.266433
301051	0.266390
9906195	0.266385
11147	0.266385
202025	0.266385
10189	0.266379
301187	0.266374
12135	0.266369
9508071	0.266358
9909073	0.266342
101169	0.266337
9712143	0.266326
9808111	0.266326
9805121	0.266321
207027	0.266321
105123	0.266310
6251	0.266294
210257	0.266289
9808119	0.266283
9912013	0.266283
9805071	0.266278
9606035	0.266278
9912151	0.266262
201025	0.266257
111085	0.266246
203049	0.266241
9606169	0.266219
6137	0.266198
1197	0.266193
9610111	0.266187
9803259	0.266156
7019	0.266145
9703077	0.266140
9806213	0.266140
9812087	0.266134
103123	0.266134
101235	0.266129
11081	0.266124
9811165	0.266118
103111	0.266097
9807117	0.266086
9804125	0.266054
105051	0.266044
9609123	0.266038
9908135	0.266022
9507003	0.266012
208125	0.266012
303253	0.266012
9704167	0.266001
9810155	0.265996
7021	0.265974
301135	0.265974
212303	0.265953
301171	0.265948
9903213	0.265937
9609167	0.265932
9910183	0.265932
9606123	0.265927
9301043	0.265900
6033	0.265900
9707135	0.265889
111013	0.265868
9805083	0.265847
109025	0.265842
9611195	0.265836
9706225	0.265815
103229	0.265815
9709109	0.265804
9904027	0.265799
11253	0.265799
201183	0.265794
205115	0.265778
11261	0.265767
302027	0.265767
201267	0.265762
9706079	0.265756
102149	0.265756
9705071	0.265751
9811245	0.265746
9801109	0.265741
112193	0.265735
9705143	0.265730
9202037	0.265725
205209	0.265725
11051	0.265719
3179	0.265714
9803229	0.265714
9710149	0.265698
9905029	0.265693
9906125	0.265682
2107	0.265682
206051	0.265677
4049	0.265661
112153	0.265656
9612241	0.265650
9901077	0.265640
9708083	0.265640
9507135	0.265640
9908047	0.265629
1159	0.265629
9909071	0.265629
9808019	0.265629
1057	0.265618
9908163	0.265608
7075	0.265608
112063	0.265603
110107	0.265581
301065	0.265581
9709113	0.265576
9305097	0.265560
5219	0.265555
9611163	0.265544
9911057	0.265544
206001	0.265544
9905087	0.265539
9812193	0.265528
105061	0.265528
110071	0.265528
9910113	0.265523
5211	0.265512
12179	0.265502
212097	0.265496
9704059	0.265486
103001	0.265465
2001	0.265459
110117	0.265454
212179	0.265454
11179	0.265443
101017	0.265443
9907183	0.265401
3103	0.265396
9906023	0.265390
104139	0.265390
9802121	0.265385
101019	0.265385
210175	0.265359
211241	0.265348
9607229	0.265343
9806177	0.265332
4125	0.265332
9906053	0.265332
9711109	0.265332
111275	0.265332
202165	0.265332
9808169	0.265327
209191	0.265327
9907087	0.265316
201221	0.265316
9804031	0.265306
9709029	0.265300
7143	0.265295
111181	0.265295
212069	0.265290
9807139	0.265274
9612239	0.265274
303237	0.265221
11167	0.265216
9141	0.265210
9912153	0.265205
9810145	0.265195
9607121	0.265189
105181	0.265189
111055	0.265179
111059	0.265173
112043	0.265173
9801067	0.265163
210231	0.265163
206237	0.265115
9702173	0.265110
9601109	0.265099
9906101	0.265089
9905053	0.265078
5113	0.265073
207197	0.265073
301105	0.265073
9703145	0.265052
110189	0.265041
208097	0.265041
108231	0.265015
1205	0.265004
7169	0.264994
9175	0.264988
9903215	0.264978
205093	0.264978
9503231	0.264978
9607151	0.264973
9704077	0.264967
208161	0.264962
9711011	0.264957
7001	0.264957
9710073	0.264941
9502065	0.264930
9709227	0.264930
110049	0.264930
3291	0.264915
3151	0.264909
107035	0.264904
9612249	0.264904
9203	0.264893
106265	0.264888
112101	0.264883
9512063	0.264883
9408155	0.264872
9710041	0.264867
9608047	0.264856
9712193	0.264856
6113	0.264835
9901089	0.264825
9305139	0.264809
9908089	0.264809
9703127	0.264804
9605051	0.264798
11271	0.264767
206103	0.264762
9807071	0.264735
109129	0.264735
111179	0.264714
9809075	0.264714
9505025	0.264709
9605101	0.264709
9702067	0.264709
9910065	0.264704
105091	0.264704
206223	0.264704
301255	0.264704
9904035	0.264698
9806081	0.264698
107057	0.264688
205299	0.264682
9703007	0.264672
9611107	0.264661
8239	0.264661
201029	0.264661
9906153	0.264656
9804175	0.264651
11017	0.264651
9812159	0.264646
201243	0.264640
9906223	0.264635
9909121	0.264630
103033	0.264625
10133	0.264619
8087	0.264614
110127	0.264603
9909157	0.264598
9807229	0.264593
9809065	0.264588
303225	0.264588
9909171	0.264572
9908085	0.264572
9907033	0.264572
9307085	0.264561
9602005	0.264556
9506035	0.264546
9605229	0.264540
207089	0.264540
301071	0.264519
209161	0.264509
210051	0.264509
9704013	0.264503
212041	0.264503
301193	0.264482
9810239	0.264472
9705163	0.264461
9909013	0.264456
9606191	0.264451
301119	0.264451
9911021	0.264435
9911253	0.264419
108127	0.264414
9607185	0.264403
9703051	0.264403
9907099	0.264377
9512177	0.264372
9801061	0.264372
9609053	0.264372
9601011	0.264356
9607019	0.264330
9905205	0.264330
204261	0.264330
9708103	0.264325
8225	0.264325
11165	0.264314
9606189	0.264304
9909103	0.264298
204081	0.264283
9710181	0.264272
9411205	0.264272
12093	0.264272
9210021	0.264256
9404063	0.264256
9507027	0.264251
9603147	0.264246
106063	0.264246
5275	0.264241
9803041	0.264235
9907079	0.264235
9603073	0.264230
9708003	0.264220
209163	0.264220
2111	0.264214
5015	0.264209
1071	0.264204
9061	0.264204
9901027	0.264193
205123	0.264167
9912185	0.264162
9233	0.264162
9711013	0.264146
9803217	0.264141
9909105	0.264125
108199	0.264109
9505123	0.264104
9403155	0.264067
9708129	0.264041
208191	0.264036
9712057	0.264031
3173	0.264031
3215	0.264025
205311	0.264015
304143	0.264015
212145	0.264004
9801081	0.263999
9702045	0.263999
9511017	0.263994
9802189	0.263989
9610195	0.263989
9705013	0.263989
303035	0.263983
9601059	0.263957
104211	0.263947
9609059	0.263936
9903129	0.263931
9911255	0.263931
9502013	0.263921
6071	0.263900
9306153	0.263889
9701015	0.263884
108167	0.263884
9507143	0.263873
210041	0.263873
9906085	0.263868
9703209	0.263868
106005	0.263868
11093	0.263863
212257	0.263853
204143	0.263842
9711031	0.263837
302131	0.263826
8169	0.263800
202053	0.263795
112009	0.263784
104005	0.263748
9710097	0.263732
9707009	0.263727
103021	0.263716
9412209	0.263711
9607223	0.263701
304107	0.263701
110267	0.263696
9910245	0.263680
107191	0.263680
3113	0.263664
3241	0.263654
9902169	0.263643
10241	0.263633
205165	0.263633
9604023	0.263622
108203	0.263622
9802037	0.263617
9607145	0.263612
101003	0.263612
9905183	0.263601
207215	0.263586
209205	0.263580
106193	0.263565
111051	0.263539
9708063	0.263533
9907201	0.263533
109027	0.263533
201063	0.263533
9171	0.263523
209211	0.263518
9607131	0.263513
3163	0.263497
103177	0.263492
9710155	0.263471
10207	0.263471
10071	0.263460
102169	0.263455
9611123	0.263439
9608079	0.263429
2135	0.263429
9910023	0.263424
9811177	0.263424
9512139	0.263419
9511193	0.263413
203057	0.263408
9902137	0.263398
9712091	0.263398
9910211	0.263398
9603191	0.263387
9809187	0.263372
9904117	0.263372
2077	0.263372
9505045	0.263372
204059	0.263356
9908169	0.263351
108135	0.263351
9807161	0.263346
9810075	0.263346
9906119	0.263346
111247	0.263346
9506109	0.263335
9806059	0.263325
9905115	0.263319
9712073	0.263319
9910181	0.263314
9702047	0.263304
301235	0.263304
3041	0.263299
9406067	0.263293
108179	0.263293
210269	0.263273
9712171	0.263262
9608019	0.263252
102211	0.263252
9910017	0.263246
209013	0.263246
9805031	0.263236
4093	0.263226
9710207	0.263220
9712163	0.263215
9706095	0.263205
107213	0.263205
205007	0.263179
9608185	0.263174
9706013	0.263158
9706187	0.263158
7127	0.263142
9807241	0.263137
102113	0.263121
8023	0.263101
9912033	0.263095
11059	0.263095
9603069	0.263090
9907007	0.263090
9903139	0.263080
8005	0.263080
110123	0.263075
9906031	0.263069
9711203	0.263064
9811031	0.263059
202179	0.263049
202111	0.263043
9607239	0.263038
9911085	0.263028
212107	0.263028
106045	0.263023
9409111	0.263007
8201	0.262997
9704177	0.262991
112211	0.262991
9703147	0.262981
9902161	0.262981
104043	0.262981
111249	0.262955
9810013	0.262939
9903051	0.262934
105087	0.262934
206141	0.262929
6201	0.262924
6115	0.262913
9811149	0.262908
9607107	0.262908
9909075	0.262908
9607159	0.262898
8173	0.262898
202187	0.262893
303157	0.262893
1123	0.262887
112173	0.262887
9908109	0.262877
3249	0.262877
9906077	0.262856
102095	0.262851
5183	0.262841
207255	0.262835
9910249	0.262830
3115	0.262830
9701055	0.262825
9609005	0.262825
9811107	0.262815
9901055	0.262809
9806015	0.262804
106165	0.262804
109049	0.262804
9506065	0.262794
8221	0.262778
7155	0.262773
9704193	0.262768
9907083	0.262768
9909203	0.262763
212169	0.262763
105263	0.262757
6073	0.262752
9911199	0.262737
207053	0.262726
5147	0.262711
107215	0.262706
9708017	0.262700
9509123	0.262700
9805115	0.262690
3225	0.262690
9509145	0.262690
106209	0.262690
9803027	0.262685
9810227	0.262674
203095	0.262674
9709199	0.262669
9806109	0.262659
105055	0.262659
208077	0.262659
9612195	0.262654
9802089	0.262648
9908017	0.262648
303141	0.262638
9210065	0.262633
10061	0.262622
4087	0.262591
9101	0.262591
9702115	0.262591
303089	0.262591
9602021	0.262581
10137	0.262571
2043	0.262560
9704037	0.262560
11041	0.262560
9903039	0.262550
209047	0.262539
9901117	0.262534
9612181	0.262529
8205	0.262524
9905019	0.262524
105283	0.262519
9812047	0.262508
11033	0.262508
112071	0.262498
110187	0.262493
105121	0.262488
9606177	0.262482
9909087	0.262451
12143	0.262446
9912205	0.262441
9903203	0.262436
9912279	0.262420
9605059	0.262405
9904077	0.262405
303207	0.262405
205297	0.262400
9606043	0.262394
9612221	0.262389
9704017	0.262379
7171	0.262379
9411097	0.262363
9404151	0.262337
9602031	0.262332
8065	0.262327
9712109	0.262317
110099	0.262306
9907225	0.262296
9808101	0.262286
9505135	0.262286
6067	0.262281
212223	0.262270
9906239	0.262249
301147	0.262244
9107	0.262239
9701009	0.262229
212081	0.262229
2131	0.262224
104093	0.262224
9610199	0.262182
10127	0.262182
209155	0.262182
9704131	0.262177
206017	0.262172
9901059	0.262162
7079	0.262156
12247	0.262156
9812165	0.262141
9611007	0.262115
9707017	0.262105
9704067	0.262100
9705047	0.262084
9807187	0.262079
9801149	0.262079
3007	0.262079
9606093	0.262069
9812013	0.262063
9506181	0.262058
9903077	0.262053
201257	0.262032
9193	0.262027
112147	0.262027
207061	0.262017
9702205	0.262012
9910067	0.262007
8125	0.262001
202055	0.261996
5135	0.261991
10239	0.261986
210047	0.261965
206075	0.261960
10141	0.261955
9802187	0.261950
304231	0.261924
211213	0.261898
9512191	0.261893
9810203	0.261888
9605169	0.261883
9801189	0.261878
205051	0.261872
9809133	0.261857
8027	0.261857
9503207	0.261841
304033	0.261841
108069	0.261836
109017	0.261826
9801009	0.261821
2145	0.261821
11175	0.261816
9707059	0.261816
104253	0.261811
203267	0.261795
206183	0.261769
9604051	0.261738
110019	0.261738
303135	0.261718
9911123	0.261697
210083	0.261687
9705045	0.261687
5089	0.261666
9804061	0.261661
9512005	0.261656
9802173	0.261651
9706153	0.261640
9708029	0.261640
9812127	0.261635
9907017	0.261610
2103	0.261599
9809003	0.261589
201247	0.261584
110245	0.261558
2209	0.261553
9511115	0.261548
9706127	0.261548
9804007	0.261543
1193	0.261532
304025	0.261532
9906243	0.261527
206097	0.261527
9911097	0.261517
107265	0.261517
202173	0.261512
11125	0.261507
204193	0.261486
9703115	0.261471
9912083	0.261455
9509149	0.261445
202109	0.261440
1047	0.261424
9704185	0.261424
9804021	0.261424
9608177	0.261419
203085	0.261414
9607157	0.261409
9711087	0.261404
202175	0.261404
5205	0.261388
9811231	0.261378
107141	0.261373
9808131	0.261368
9609065	0.261358
2119	0.261358
106175	0.261358
6247	0.261352
9901087	0.261342
109133	0.261332
9901085	0.261327
9704173	0.261322
9802063	0.261322
106281	0.261322
9706039	0.261306
6141	0.261301
9904115	0.261291
11217	0.261291
9111	0.261281
11215	0.261281
9707071	0.261270
301249	0.261270
9912255	0.261260
9701023	0.261250
9812097	0.261250
9303143	0.261245
9810123	0.261245
9801071	0.261245
2089	0.261224
4077	0.261219
1113	0.261214
9907189	0.261214
11057	0.261214
212151	0.261209
9710049	0.261198
9705181	0.261198
7063	0.261188
9611099	0.261173
9603075	0.261168
203017	0.261147
8231	0.261142
9706005	0.261132
11269	0.261127
9903221	0.261116
9603169	0.261116
105209	0.261111
9801039	0.261106
9609209	0.261101
9707207	0.261101
112133	0.261101
11013	0.261096
9801173	0.261096
9501057	0.261086
9808087	0.261086
9706023	0.261086
9905219	0.261060
9705087	0.261060
109063	0.261055
9601067	0.261045
209251	0.261029
9608113	0.261009
6223	0.260993
4183	0.260988
9302109	0.260983
5221	0.260983
9903187	0.260973
9709159	0.260973
303017	0.260968
2127	0.260963
9605043	0.260957
9711163	0.260942
210167	0.260942
9607219	0.260937
9043	0.260937
105249	0.260937
9909119	0.260932
9907165	0.260932
103011	0.260932
101139	0.260911
9904005	0.260896
302109	0.260896
9403179	0.260891
105125	0.260891
9908053	0.260891
9907119	0.260886
210187	0.260881
6047	0.260876
9905181	0.260855
208079	0.260855
9706195	0.260850
9707011	0.260850
9705005	0.260850
9506113	0.260850
107143	0.260840
9612073	0.260835
9407099	0.260819
9704205	0.260804
9705239	0.260794
9811211	0.260789
9908007	0.260778
7125	0.260748
102009	0.260743
105203	0.260743
9712039	0.260737
303023	0.260732
208175	0.260727
9910115	0.260722
1063	0.260717
9608099	0.260712
9801037	0.260681
9801141	0.260671
9911243	0.260666
9807111	0.260661
104069	0.260661
9905133	0.260635
101147	0.260635
9910095	0.260630
101061	0.260630
9801161	0.260625
10205	0.260589
9607089	0.260584
7009	0.260584
4073	0.260569
4157	0.260564
9811161	0.260553
9605087	0.260548
303211	0.260548
203277	0.260538
9704043	0.260528
9702165	0.260523
11171	0.260518
106155	0.260513
9710153	0.260497
9805141	0.260482
303007	0.260472
9910091	0.260462
9710129	0.260431
9807035	0.260426
9910011	0.260405
9911091	0.260400
9803141	0.260395
9506063	0.260395
205061	0.260370
9705069	0.260365
9409011	0.260360
303105	0.260360
9707185	0.260339
9806055	0.260329
104171	0.260329
211049	0.260329
101143	0.260324
203155	0.260319
9705127	0.260298
9810147	0.260293
9711017	0.260288
9402113	0.260278
9605047	0.260268
9812141	0.260268
111133	0.260253
210243	0.260253
206207	0.260242
9910197	0.260237
12035	0.260237
9706145	0.260222
9912043	0.260222
9812055	0.260217
9710245	0.260207
9809105	0.260196
203243	0.260186
9704007	0.260181
3227	0.260176
106183	0.260176
9512155	0.260161
12061	0.260161
304139	0.260140
9907143	0.260135
210285	0.260105
212123	0.260105
9809007	0.260100
101115	0.260100
9510177	0.260085
205025	0.260085
9603129	0.260074
9503201	0.260069
9504019	0.260059
102207	0.260059
9302033	0.260054
9011	0.260054
105225	0.260044
9906013	0.260039
9707013	0.260029
4003	0.260029
301217	0.260018
11023	0.259998
9703057	0.259988
9507169	0.259983
9903123	0.259978
9608121	0.259978
9604193	0.259978
3161	0.259978
9707095	0.259962
210265	0.259962
212215	0.259962
207161	0.259957
105093	0.259952
9411021	0.259947
12133	0.259932
207003	0.259927
9608191	0.259912
9711051	0.259907
9903093	0.259901
210105	0.259901
9902001	0.259896
202209	0.259891
9909027	0.259876
206065	0.259876
102005	0.259871
105289	0.259871
201031	0.259866
9604059	0.259856
208217	0.259856
11227	0.259841
207271	0.259841
9604101	0.259835
9801207	0.259815
9904135	0.259810
201033	0.259810
9512105	0.259795
109213	0.259795
9909193	0.259790
9703123	0.259785
103167	0.259785
9712035	0.259775
11239	0.259775
7175	0.259764
9509141	0.259759
10233	0.259754
9606109	0.259749
9512021	0.259744
9801125	0.259724
9806149	0.259719
9605113	0.259719
212089	0.259714
9910159	0.259709
303247	0.259709
212227	0.259693
9902211	0.259688
9911163	0.259688
2169	0.259673
9911109	0.259643
9712241	0.259643
4149	0.259638
204027	0.259632
208119	0.259627
9712055	0.259627
9911035	0.259622
9911195	0.259617
302063	0.259617
4201	0.259597
9701045	0.259597
9706051	0.259592
1025	0.259587
103099	0.259577
7109	0.259572
9712025	0.259567
9712209	0.259567
4133	0.259556
104131	0.259556
106093	0.259541
9610159	0.259541
9611235	0.259536
107071	0.259521
302127	0.259511
9803205	0.259506
9705209	0.259506
3117	0.259506
9804037	0.259506
9906051	0.259496
9810067	0.259491
9604021	0.259480
106167	0.259475
9804099	0.259465
9902097	0.259460
6051	0.259460
205101	0.259460
9609159	0.259450
9610107	0.259445
9710179	0.259445
102151	0.259445
7083	0.259425
11101	0.259405
9705109	0.259394
5223	0.259384
7243	0.259379
9908071	0.259364
5197	0.259359
9506145	0.259359
103069	0.259359
210193	0.259359
9910239	0.259359
9706207	0.259354
111169	0.259349
4039	0.259344
9705031	0.259339
2017	0.259329
9806245	0.259318
9911113	0.259298
9705215	0.259298
9707143	0.259293
9906149	0.259268
4085	0.259268
207199	0.259268
207209	0.259268
9703155	0.259268
206157	0.259258
9606057	0.259258
9803097	0.259248
201081	0.259248
11177	0.259227
7087	0.259217
103149	0.259217
105041	0.259217
9607007	0.259212
203147	0.259197
9712221	0.259192
9606063	0.259192
9801051	0.259172
9083	0.259167
109119	0.259157
9412131	0.259142
9703141	0.259142
9805125	0.259126
210223	0.259116
210261	0.259111
9903041	0.259106
9909077	0.259096
9708033	0.259096
9807059	0.259091
206109	0.259091
9909209	0.259076
9902129	0.259061
9712233	0.259061
9805189	0.259056
304171	0.259056
9710243	0.259051
9603015	0.259046
9807037	0.259041
9708075	0.259036
1049	0.259015
9708025	0.259010
9710001	0.259005
108007	0.259000
9903131	0.258980
104259	0.258970
8175	0.258965
9909125	0.258955
9902043	0.258955
112137	0.258945
9701121	0.258945
9909035	0.258935
11247	0.258935
106285	0.258930
12233	0.258914
302057	0.258914
9912191	0.258909
101071	0.258884
106079	0.258869
11185	0.258839
9708073	0.258829
9511203	0.258824
210089	0.258824
112199	0.258819
9708149	0.258799
9908143	0.258783
9807209	0.258783
202007	0.258778
9701127	0.258763
9512085	0.258763
9511227	0.258748
9402073	0.258743
9605083	0.258728
9910229	0.258718
9704027	0.258713
9509073	0.258713
4127	0.258693
9803185	0.258688
101135	0.258683
9908063	0.258668
9183	0.258663
303171	0.258658
9810063	0.258648
202079	0.258648
207151	0.258648
9607045	0.258648
9704189	0.258642
9703053	0.258642
10079	0.258637
103261	0.258637
102063	0.258622
9903225	0.258597
9611111	0.258592
12251	0.258587
9907209	0.258582
9911165	0.258582
9807151	0.258582
3069	0.258577
9801165	0.258557
9610101	0.258547
110281	0.258527
101179	0.258517
204157	0.258517
9803225	0.258512
9803139	0.258507
301231	0.258507
9708031	0.258502
211257	0.258497
9705059	0.258492
9149	0.258492
9704147	0.258477
105079	0.258472
9407111	0.258461
9806079	0.258461
110121	0.258456
9803195	0.258456
11207	0.258451
9704163	0.258441
9912147	0.258436
9711131	0.258436
9709005	0.258426
9806229	0.258426
5265	0.258421
9305083	0.258416
9609075	0.258396
209267	0.258391
9804045	0.258391
9508153	0.258386
9905231	0.258381
1219	0.258366
9210119	0.258356
9701119	0.258351
9812205	0.258351
302203	0.258351
203091	0.258346
9801097	0.258336
106151	0.258331
9305047	0.258321
9910031	0.258311
9809107	0.258311
9904045	0.258306
9705193	0.258301
301013	0.258301
3035	0.258296
3223	0.258296
3085	0.258291
303047	0.258291
9907085	0.258271
7215	0.258266
207055	0.258266
9909183	0.258261
9810097	0.258256
9912037	0.258246
9908189	0.258241
2141	0.258231
2037	0.258226
9811143	0.258216
212255	0.258216
9405029	0.258210
9906207	0.258210
9095	0.258205
2217	0.258190
205001	0.258180
9308083	0.258170
9903095	0.258170
9201059	0.258165
9811083	0.258155
9708021	0.258145
201019	0.258135
9704009	0.258130
9179	0.258130
301103	0.258120
9704021	0.258105
6185	0.258105
9802169	0.258105
9812051	0.258100
9502137	0.258100
9706071	0.258095
9909089	0.258070
9704129	0.258065
108023	0.258065
9304155	0.258060
11107	0.258030
1029	0.258025
9711035	0.258020
8179	0.258015
9806221	0.258015
111091	0.258010
4129	0.257995
9606157	0.257990
9711021	0.257985
203109	0.257985
9812209	0.257965
7145	0.257965
9508173	0.257955
4167	0.257950
9803029	0.257950
9809195	0.257940
110161	0.257925
8107	0.257915
9604127	0.257905
9910043	0.257900
207133	0.257895
101055	0.257870
9906129	0.257860
204113	0.257860
3097	0.257845
12041	0.257845
206127	0.257820
103079	0.257810
9707043	0.257800
12153	0.257800
11121	0.257785
9811183	0.257780
9903177	0.257780
9603183	0.257770
11243	0.257770
104011	0.257755
302081	0.257750
9902203	0.257735
9705165	0.257700
10005	0.257700
204101	0.257695
9906155	0.257685
1073	0.257670
9912067	0.257665
9610213	0.257665
109067	0.257665
205281	0.257665
304157	0.257660
9702169	0.257645
112187	0.257645
9608125	0.257625
203165	0.257620
9506207	0.257610
9610065	0.257610
9227	0.257600
9704191	0.257600
105189	0.257580
105295	0.257580
111043	0.257580
9907021	0.257575
9703171	0.257570
210017	0.257570
9910015	0.257555
105279	0.257555
9903241	0.257550
9906091	0.257550
9512165	0.257550
203069	0.257545
9910005	0.257530
9801095	0.257525
207153	0.257515
9609101	0.257510
9902201	0.257505
301003	0.257505
304045	0.257470
9806129	0.257436
9904039	0.257436
110171	0.257436
8047	0.257431
9508043	0.257426
12193	0.257426
111001	0.257421
9707027	0.257416
112191	0.257411
9310035	0.257406
1135	0.257391
9905069	0.257381
9707047	0.257381
9511019	0.257376
9707241	0.257346
304237	0.257346
9807107	0.257336
11225	0.257326
301099	0.257321
9712167	0.257316
212217	0.257296
204091	0.257291
203173	0.257271
9712149	0.257256
9709025	0.257246
102099	0.257241
3295	0.257236
9906145	0.257231
212085	0.257231
9308131	0.257221
105095	0.257221
203187	0.257221
9708143	0.257211
207107	0.257206
9810137	0.257206
212059	0.257201
9712249	0.257196
9608135	0.257187
9505187	0.257182
9908075	0.257182
11075	0.257182
9910209	0.257177
9811105	0.257177
9509171	0.257172
9911101	0.257172
9602059	0.257172
104021	0.257172
9803117	0.257162
209077	0.257162
110131	0.257157
9706011	0.257157
9604063	0.257142
9804173	0.257142
9601145	0.257142
107259	0.257132
101125	0.257087
207257	0.257087
10101	0.257082
9612141	0.257077
211059	0.257077
9608173	0.257067
109157	0.257067
302193	0.257057
9710013	0.257052
9611151	0.257042
9712189	0.257032
9503213	0.257032
9601151	0.257027
9205081	0.257022
9906203	0.257022
9904109	0.257017
3067	0.257013
8167	0.257013
103101	0.257013
9406055	0.257003
9904151	0.257003
9501113	0.257003
11255	0.256998
9703157	0.256993
9711169	0.256973
9606133	0.256943
105311	0.256938
9602157	0.256928
9711115	0.256918
5143	0.256913
7173	0.256913
209195	0.256893
5093	0.256888
109013	0.256888
11065	0.256883
9612057	0.256878
10247	0.256864
9611189	0.256859
9911181	0.256854
8227	0.256854
103223	0.256854
108115	0.256844
9201007	0.256819
9504141	0.256814
102201	0.256814
9705201	0.256799
110025	0.256794
2147	0.256789
9902183	0.256784
9810089	0.256764
9702159	0.256759
109141	0.256754
9808061	0.256749
110293	0.256735
9807223	0.256725
5159	0.256715
9907157	0.256690
9902209	0.256665
208023	0.256660
212061	0.256660
9701163	0.256635
8103	0.256635
11119	0.256635
9805029	0.256631
9701095	0.256631
9804051	0.256601
7115	0.256601
9410099	0.256596
9910125	0.256591
9904165	0.256591
9604177	0.256586
110277	0.256586
201113	0.256581
9708061	0.256556
109069	0.256536
9801027	0.256517
103157	0.256507
105045	0.256502
209265	0.256502
7147	0.256487
9609157	0.256467
4013	0.256437
5271	0.256437
208039	0.256428
9801017	0.256423
110147	0.256423
9603131	0.256423
9606111	0.256423
107087	0.256418
9902163	0.256413
111093	0.256363
9610211	0.256353
9311177	0.256353
9904119	0.256348
3219	0.256344
103013	0.256339
203111	0.256329
107251	0.256319
9510233	0.256319
9812069	0.256314
9705027	0.256309
9906095	0.256304
6035	0.256294
9508163	0.256284
204145	0.256284
204123	0.256264
9607169	0.256264
9804157	0.256260
9909053	0.256245
9711095	0.256225
9506197	0.256205
12169	0.256190
3031	0.256185
3047	0.256185
12011	0.256185
9710161	0.256181
9811127	0.256171
9909091	0.256161
211229	0.256146
9703227	0.256146
9709043	0.256116
9603035	0.256116
202047	0.256116
9810251	0.256111
9503039	0.256111
9506051	0.256111
9221	0.256102
9501071	0.256097
9304135	0.256092
104089	0.256092
9912123	0.256082
9705093	0.256062
6049	0.256062
106055	0.256042
9303007	0.256033
9905073	0.256033
8033	0.256028
10023	0.256008
9704157	0.255998
9909141	0.255983
104041	0.255963
110113	0.255959
9801087	0.255949
9401133	0.255949
102135	0.255939
205293	0.255929
212091	0.255924
302137	0.255924
104133	0.255914
110301	0.255914
9707209	0.255885
110089	0.255885
9705041	0.255875
110031	0.255870
9911185	0.255870
205219	0.255816
9805209	0.255811
201271	0.255811
9901147	0.255806
7235	0.255801
9910179	0.255796
9911007	0.255781
209117	0.255781
110247	0.255737
5091	0.255732
9911203	0.255727
303183	0.255703
9712137	0.255698
1027	0.255683
303041	0.255644
212263	0.255634
9803183	0.255629
9411183	0.255629
9912075	0.255624
203201	0.255619
9711127	0.255614
9903269	0.255599
9902033	0.255599
112253	0.255599
102129	0.255594
207117	0.255590
9910155	0.255580
109131	0.255565
9905159	0.255560
1037	0.255545
9906247	0.255545
9611213	0.255526
112221	0.255526
107181	0.255521
9609021	0.255511
9711055	0.255486
9911173	0.255472
106195	0.255467
9903199	0.255467
106189	0.255462
9811033	0.255452
205303	0.255432
9204035	0.255427
9501111	0.255427
9510041	0.255413
9709219	0.255413
9709049	0.255393
9804129	0.255383
11281	0.255383
12059	0.255383
9802155	0.255364
104063	0.255349
9612123	0.255349
103023	0.255320
9901053	0.255315
9806239	0.255315
9411099	0.255310
211263	0.255300
203247	0.255285
207097	0.255266
9708015	0.255261
9505141	0.255261
212033	0.255241
304247	0.255226
107145	0.255217
9803107	0.255212
9902145	0.255197
302207	0.255197
9604017	0.255192
9903267	0.255187
208137	0.255187
9906057	0.255177
3231	0.255173
9803033	0.255168
105077	0.255168
9503049	0.255163
9601027	0.255158
109107	0.255153
12263	0.255148
203167	0.255148
202005	0.255143
106217	0.255133
12065	0.255114
9606031	0.255114
201039	0.255114
111227	0.255114
9203033	0.255104
107099	0.255104
104045	0.255099
3185	0.255094
9610045	0.255084
2087	0.255084
9811049	0.255084
304123	0.255075
9902187	0.255070
110005	0.255070
211019	0.255040
9705003	0.255035
12005	0.255021
9812225	0.254996
9912261	0.254987
9503027	0.254957
105063	0.254952
301139	0.254952
9310187	0.254938
8057	0.254938
9512035	0.254938
9705037	0.254933
9017	0.254928
9502107	0.254918
9712079	0.254908
10181	0.254894
9910021	0.254874
9810163	0.254869
105307	0.254859
9510179	0.254855
12007	0.254855
207219	0.254840
9809035	0.254830
9808031	0.254825
9505089	0.254811
210229	0.254806
9701133	0.254806
110235	0.254801
9406175	0.254796
9802103	0.254796
212079	0.254796
10045	0.254791
9811141	0.254786
9705095	0.254772
1133	0.254767
9709073	0.254767
12261	0.254752
9502085	0.254752
9610233	0.254752
9711141	0.254752
9806031	0.254752
7029	0.254742
6209	0.254728
9705063	0.254723
112113	0.254713
9910261	0.254693
9707021	0.254679
3271	0.254669
9507005	0.254654
9905157	0.254625
5061	0.254576
9809181	0.254572
8151	0.254552
9710035	0.254533
9802095	0.254528
302049	0.254498
204195	0.254489
206195	0.254474
9911221	0.254464
4199	0.254464
9909163	0.254460
9803145	0.254450
9911183	0.254445
2035	0.254435
9704061	0.254430
112155	0.254430
9908155	0.254416
9907215	0.254391
3063	0.254386
9901009	0.254377
9309023	0.254372
9609111	0.254362
9608105	0.254338
109097	0.254318
212003	0.254294
211011	0.254284
9404101	0.254279
9810185	0.254221
9611075	0.254202
204249	0.254197
302105	0.254182
205089	0.254172
205003	0.254158
9207091	0.254138
9804011	0.254134
9905089	0.254114
9803197	0.254066
9904121	0.254046
9209125	0.253998
104081	0.253998
5185	0.253993
3261	0.253983
9811199	0.253973
303115	0.253973
9711197	0.253959
111113	0.253959
302005	0.253959
105005	0.253944
9807095	0.253935
9905007	0.253925
106205	0.253920
1035	0.253906
9503099	0.253906
9203071	0.253896
3169	0.253886
9802179	0.253881
9706141	0.253876
9406059	0.253876
9304159	0.253852
205103	0.253852
2121	0.253842
6023	0.253838
9705065	0.253838
201079	0.253838
9904071	0.253833
9703101	0.253828
102043	0.253828
9608197	0.253823
9701035	0.253818
9905117	0.253813
202129	0.253809
2061	0.253765
205163	0.253765
101083	0.253760
1101	0.253755
9910143	0.253755
9404035	0.253755
209261	0.253731
10251	0.253717
9803069	0.253697
9810153	0.253697
201061	0.253697
9804097	0.253673
209125	0.253668
9167	0.253663
9805073	0.253658
103089	0.253654
5121	0.253649
9705241	0.253644
9903005	0.253620
212177	0.253600
9805055	0.253586
9702111	0.253586
9191	0.253581
102065	0.253581
1169	0.253567
9506027	0.253562
9902181	0.253557
103155	0.253538
9911217	0.253528
203249	0.253523
3269	0.253513
111025	0.253484
10167	0.253480
9812085	0.253475
9029	0.253455
9802049	0.253451
4027	0.253446
7153	0.253446
101027	0.253446
9912181	0.253441
301161	0.253431
9801195	0.253407
9203031	0.253397
107169	0.253393
302163	0.253388
110207	0.253378
112065	0.253378
9709071	0.253354
9903001	0.253344
207059	0.253344
209255	0.253330
204165	0.253325
207127	0.253310
9311183	0.253301
108245	0.253296
9911215	0.253291
9611017	0.253291
6117	0.253286
9512169	0.253267
12009	0.253262
9911001	0.253214
109209	0.253204
211075	0.253200
10091	0.253190
209141	0.253171
104141	0.253161
9807197	0.253156
208073	0.253156
9608059	0.253151
9908193	0.253146
101011	0.253146
9708109	0.253137
105059	0.253137
205121	0.253137
204179	0.253118
9709069	0.253108
7231	0.253103
9605149	0.253098
9803013	0.253079
9605223	0.253079
12239	0.253074
304115	0.253065
111235	0.253060
211159	0.253055
9908147	0.253031
9910077	0.253021
9703215	0.252997
10191	0.252997
5119	0.252988
9708049	0.252983
9607077	0.252978
10293	0.252973
110077	0.252954
9210121	0.252949
9904069	0.252939
2023	0.252930
9806131	0.252901
207135	0.252901
6013	0.252862
9404191	0.252858
207119	0.252838
8109	0.252829
204013	0.252814
204025	0.252814
105265	0.252805
9811189	0.252795
9702109	0.252785
206029	0.252781
1125	0.252752
104071	0.252737
109173	0.252723
9909081	0.252718
9711059	0.252718
2097	0.252709
9510117	0.252699
4115	0.252685
9712027	0.252675
8051	0.252670
104023	0.252665
9609115	0.252661
9905177	0.252656
201175	0.252637
9708169	0.252617
104105	0.252603
9904145	0.252584
204017	0.252584
9309075	0.252574
209089	0.252569
9908121	0.252560
101007	0.252560
10243	0.252550
9709129	0.252541
9903053	0.252531
105007	0.252531
9611237	0.252512
9809015	0.252469
9610167	0.252454
9608169	0.252449
5001	0.252435
9901137	0.252426
9605017	0.252426
9411163	0.252416
9804199	0.252373
9301083	0.252344
101113	0.252339
9912053	0.252330
109187	0.252330
302221	0.252315
9707125	0.252287
210239	0.252272
203129	0.252267
212339	0.252244
9508095	0.252244
9127	0.252234
210281	0.252224
9607027	0.252181
110143	0.252181
2133	0.252167
9908025	0.252134
202073	0.252124
9808029	0.252095
9503079	0.252095
12217	0.252090
208227	0.252076
203235	0.252062
10271	0.252038
212087	0.252028
205085	0.252024
205187	0.252014
9202021	0.252009
9605173	0.252009
2101	0.252009
210029	0.252000
9707063	0.251995
10217	0.251995
104173	0.251971
9303067	0.251909
9910111	0.251904
206163	0.251904
103203	0.251899
208153	0.251899
10221	0.251895
205183	0.251895
9901043	0.251890
10145	0.251890
9611039	0.251885
9508053	0.251885
9305025	0.251876
107241	0.251876
107199	0.251866
9709191	0.251861
9608023	0.251833
9910135	0.251828
8247	0.251809
109039	0.251794
9712225	0.251785
302017	0.251780
6145	0.251775
9910149	0.251771
112189	0.251761
9604171	0.251756
9601085	0.251747
9305143	0.251732
204247	0.251728
7089	0.251723
9804023	0.251718
105255	0.251704
9507017	0.251699
2067	0.251685
101077	0.251680
9209023	0.251675
302219	0.251671
212135	0.251656
210049	0.251647
9902107	0.251642
303123	0.251632
108165	0.251613
9601091	0.251599
109099	0.251599
9801015	0.251599
9906237	0.251585
9702043	0.251571
9510045	0.251571
10121	0.251566
102031	0.251547
202075	0.251528
9609087	0.251523
303239	0.251475
9607091	0.251471
9801135	0.251461
9910055	0.251456
202177	0.251456
9705147	0.251452
9805113	0.251452
106051	0.251447
9706117	0.251433
9708113	0.251418
9909201	0.251409
9712155	0.251399
9708091	0.251395
101117	0.251395
6211	0.251371
9704097	0.251361
208055	0.251361
106231	0.251347
107217	0.251347
9706221	0.251323
8053	0.251323
9601043	0.251309
9806005	0.251304
10269	0.251299
211269	0.251299
212029	0.251299
101039	0.251290
9908115	0.251281
302071	0.251271
103145	0.251262
9906215	0.251252
105191	0.251247
303049	0.251238
7233	0.251228
9607049	0.251224
2031	0.251219
9411195	0.251205
105217	0.251195
205033	0.251190
203161	0.251176
205019	0.251124
9905217	0.251105
9910163	0.251105
9711077	0.251095
205259	0.251095
9910089	0.251081
9608085	0.251072
9707149	0.251072
202135	0.251067
303139	0.251062
9707061	0.251053
6063	0.251053
8127	0.251043
9707223	0.251039
2149	0.250991
205291	0.250977
101209	0.250958
201255	0.250958
9508159	0.250948
12101	0.250948
9403191	0.250934
9405109	0.250920
9905099	0.250906
9901017	0.250901
9912233	0.250892
204167	0.250892
104103	0.250863
107149	0.250849
9706171	0.250844
9807057	0.250844
9806119	0.250825
9201017	0.250806
9707049	0.250797
4015	0.250797
112205	0.250792
9704169	0.250778
111129	0.250773
9711181	0.250769
9712151	0.250769
104057	0.250764
206225	0.250750
203047	0.250740
301035	0.250736
4095	0.250731
9303139	0.250707
6069	0.250702
207207	0.250702
9804029	0.250693
211033	0.250684
9905175	0.250679
9703167	0.250679
102183	0.250617
112093	0.250617
9909099	0.250594
102105	0.250589
303203	0.250584
9706157	0.250565
1111	0.250561
209003	0.250556
301189	0.250556
110289	0.250542
9909001	0.250532
9909199	0.250504
9605159	0.250490
9812201	0.250471
10195	0.250466
303269	0.250466
9210015	0.250462
204221	0.250452
211287	0.250424
9702105	0.250410
111015	0.250396
9508151	0.250391
201227	0.250386
5035	0.250363
9147	0.250358
9702039	0.250344
9902115	0.250330
105199	0.250311
204093	0.250311
101109	0.250292
201051	0.250282
109211	0.250278
9804201	0.250264
9806249	0.250259
9911099	0.250259
211289	0.250240
9304047	0.250226
105187	0.250226
9909107	0.250188
9407155	0.250169
9306013	0.250141
206009	0.250141
206059	0.250141
111199	0.250136
209245	0.250118
7217	0.250108
6191	0.250103
9507153	0.250052
106129	0.250038
111277	0.250028
9911201	0.250014
12195	0.250009
9811159	0.250000
9403121	0.250000
9902119	0.250000
9207111	0.249991
10021	0.249991
201121	0.249953
104243	0.249948
9802057	0.249944
10083	0.249944
11037	0.249930
301095	0.249892
1215	0.249887
302159	0.249878
7137	0.249850
201035	0.249850
301059	0.249850
208225	0.249840
9901123	0.249817
9701153	0.249812
9808041	0.249803
9704199	0.249803
9304131	0.249798
9812011	0.249793
303209	0.249789
9709023	0.249784
211127	0.249784
211271	0.249784
9710189	0.249756
205235	0.249756
105001	0.249728
9302083	0.249714
101085	0.249709
9708093	0.249709
105075	0.249690
212109	0.249648
2171	0.249634
9806161	0.249620
203217	0.249615
9708011	0.249610
9202059	0.249606
9706125	0.249601
10113	0.249587
204001	0.249573
210075	0.249573
206241	0.249564
1203	0.249484
212265	0.249484
301101	0.249465
9907013	0.249442
11233	0.249442
9406217	0.249437
9502091	0.249432
107127	0.249428
101049	0.249418
5095	0.249414
204207	0.249404
9606187	0.249400
304001	0.249390
112249	0.249381
209217	0.249367
102137	0.249362
212025	0.249334
201241	0.249325
111279	0.249311
9606091	0.249297
9910161	0.249292
9712187	0.249283
104181	0.249283
106019	0.249278
212209	0.249222
9708141	0.249203
9705099	0.249203
212009	0.249203
9310101	0.249194
9910169	0.249194
105257	0.249166
112079	0.249161
9903111	0.249143
9709169	0.249143
9311037	0.249124
109125	0.249124
12259	0.249115
203237	0.249110
9301005	0.249105
10201	0.249101
9503045	0.249096
110227	0.249073
209247	0.249068
9812195	0.249063
9904211	0.249054
209079	0.249049
9705035	0.249045
207235	0.249035
9506205	0.249026
201173	0.249017
9210031	0.249012
9201013	0.249003
9908137	0.248993
202125	0.248989
203007	0.248984
9808025	0.248975
9612213	0.248975
107267	0.248975
10255	0.248970
9502141	0.248965
9711177	0.248928
1199	0.248928
303229	0.248881
5059	0.248868
9205051	0.248858
9210099	0.248854
9703075	0.248840
9406125	0.248835
9804115	0.248821
112047	0.248816
7099	0.248788
9403173	0.248784
9710127	0.248779
9707243	0.248779
9703003	0.248770
9403187	0.248756
9911157	0.248756
210241	0.248756
207037	0.248742
9912011	0.248732
105105	0.248732
1157	0.248719
212095	0.248700
209153	0.248695
9506125	0.248686
9502119	0.248686
9604107	0.248686
210137	0.248672
9802009	0.248663
107105	0.248658
9809085	0.248653
211073	0.248649
9706143	0.248630
210291	0.248612
104073	0.248598
108095	0.248598
202057	0.248593
107113	0.248542
107147	0.248528
203241	0.248519
211015	0.248491
9602067	0.248481
109121	0.248481
102141	0.248477
9807051	0.248468
103219	0.248468
9805151	0.248463
9905033	0.248435
2245	0.248412
9203079	0.248407
9811133	0.248407
9812235	0.248407
10163	0.248398
210253	0.248393
9503157	0.248384
9912187	0.248379
9611041	0.248379
204137	0.248370
9512157	0.248361
2247	0.248361
103095	0.248361
203151	0.248361
9811003	0.248361
9511077	0.248333
9809161	0.248328
106043	0.248324
9704137	0.248305
9802197	0.248277
12165	0.248259
9711063	0.248249
302181	0.248240
9303017	0.248226
9503175	0.248222
9801043	0.248212
208063	0.248175
211285	0.248157
203013	0.248152
3299	0.248138
9805017	0.248138
211147	0.248134
106243	0.248129
108113	0.248129
101031	0.248124
9509095	0.248120
9807079	0.248110
9902157	0.248087
1033	0.248078
9602001	0.248078
204227	0.248078
303193	0.248073
7203	0.248069
110213	0.248069
7071	0.248050
9807115	0.248036
211201	0.247990
9607001	0.247981
9812053	0.247981
9507009	0.247976
106033	0.247976
9301015	0.247967
210127	0.247953
9201029	0.247944
9904021	0.247935
9903019	0.247925
5225	0.247925
9609211	0.247907
5005	0.247902
109155	0.247893
9402125	0.247888
9806071	0.247842
106259	0.247842
212065	0.247842
9611095	0.247838
5153	0.247833
201107	0.247828
9601097	0.247810
211203	0.247801
104095	0.247787
302179	0.247787
104229	0.247778
203099	0.247773
303151	0.247764
9705223	0.247754
207005	0.247754
112053	0.247741
206167	0.247727
9506213	0.247722
9701085	0.247708
9304087	0.247704
9506187	0.247681
8083	0.247662
112117	0.247648
205315	0.247644
9505175	0.247634
9403137	0.247611
11019	0.247611
9712235	0.247611
105267	0.247607
8101	0.247602
105111	0.247602
9510153	0.247588
9612077	0.247584
2129	0.247579
9903125	0.247575
9804177	0.247538
104135	0.247510
201155	0.247505
9403141	0.247478
209157	0.247478
9502001	0.247473
9604077	0.247459
8145	0.247459
106181	0.247432
9207049	0.247427
9311055	0.247422
4097	0.247399
9911005	0.247399
103007	0.247390
9705017	0.247367
210073	0.247367
107227	0.247349
9810055	0.247344
110191	0.247344
6159	0.247340
104035	0.247335
206011	0.247330
302165	0.247330
9702065	0.247321
111217	0.247321
9803227	0.247312
9905153	0.247307
104125	0.247303
12071	0.247298
9804167	0.247289
9801113	0.247280
103107	0.247266
9503161	0.247261
10281	0.247220
304035	0.247220
107151	0.247211
9407169	0.247206
108103	0.247183
207281	0.247169
9702075	0.247160
103179	0.247160
201187	0.247160
9612207	0.247156
301157	0.247151
105085	0.247137
9901095	0.247133
9304057	0.247128
102123	0.247110
9405035	0.247101
109197	0.247087
9703191	0.247082
9810223	0.247073
301165	0.247073
207259	0.247068
9712017	0.247064
9810081	0.247045
207175	0.247045
8031	0.247013
202103	0.247000
9910037	0.246995
9611223	0.246990
9903057	0.246977
8155	0.246963
9608171	0.246954
9509013	0.246949
9907011	0.246945
9911249	0.246926
1145	0.246922
9806017	0.246912
5209	0.246894
9801073	0.246890
203051	0.246890
9804135	0.246885
9512123	0.246885
209099	0.246880
203181	0.246876
3233	0.246871
303065	0.246871
9067	0.246867
10087	0.246867
11031	0.246848
208085	0.246835
108065	0.246812
9911019	0.246784
9707157	0.246780
9705205	0.246752
110283	0.246752
204191	0.246752
5179	0.246743
105253	0.246743
9904155	0.246715
111215	0.246715
203061	0.246715
107123	0.246711
9206051	0.246702
108143	0.246683
9810091	0.246674
212037	0.246665
9911055	0.246660
9605105	0.246651
205283	0.246642
9808085	0.246606
9410187	0.246596
112165	0.246596
304211	0.246596
9809109	0.246592
303255	0.246583
106269	0.246569
101207	0.246569
8193	0.246564
209137	0.246564
9508045	0.246560
9503029	0.246560
106159	0.246528
4061	0.246523
104099	0.246519
9705115	0.246519
9611169	0.246514
202085	0.246510
212235	0.246505
207123	0.246500
205147	0.246500
205043	0.246487
301233	0.246487
104195	0.246473
3177	0.246468
5283	0.246455
301011	0.246455
9903081	0.246436
208141	0.246432
9401021	0.246427
208203	0.246423
209139	0.246423
9509067	0.246409
9501055	0.246409
9809121	0.246404
9701175	0.246395
7185	0.246386
7181	0.246377
108001	0.246363
3139	0.246350
102181	0.246345
107165	0.246331
103103	0.246304
112115	0.246304
9405011	0.246299
9902047	0.246290
5115	0.246277
9310135	0.246268
110203	0.246245
304019	0.246240
111291	0.246227
10193	0.246217
9501091	0.246185
103231	0.246167
301049	0.246167
111069	0.246144
303235	0.246144
5235	0.246140
103259	0.246135
110151	0.246131
9910219	0.246126
3005	0.246117
9607021	0.246108
9803203	0.246103
2057	0.246099
9401069	0.246090
107197	0.246081
109191	0.246062
206137	0.246062
9907191	0.246058
101073	0.246053
5085	0.246049
9701115	0.246044
9609043	0.246031
9910083	0.246021
111109	0.246017
3053	0.246008
106267	0.246008
204197	0.246008
204225	0.245994
109021	0.245990
12157	0.245958
103237	0.245958
9603023	0.245935
12045	0.245926
212099	0.245921
9912055	0.245917
7223	0.245912
208013	0.245908
9205041	0.245899
9251	0.245894
9412159	0.245890
9908093	0.245876
9505147	0.245876
204115	0.245867
9803215	0.245867
9905163	0.245862
9611175	0.245862
207183	0.245849
5273	0.245844
104155	0.245794
302023	0.245785
9810187	0.245780
9710213	0.245780
211199	0.245749
301021	0.245740
302205	0.245740
208207	0.245730
9510103	0.245721
9153	0.245721
9909003	0.245721
9811017	0.245717
101161	0.245712
9908021	0.245712
9811037	0.245708
104167	0.245703
9510055	0.245699
3205	0.245690
7035	0.245690
9701155	0.245685
9705105	0.245653
303067	0.245653
9804039	0.245653
9708007	0.245635
9309143	0.245626
9212049	0.245626
10275	0.245626
9901109	0.245621
205279	0.245621
211017	0.245603
9904111	0.245590
10007	0.245576
107075	0.245558
101095	0.245499
202163	0.245499
205295	0.245499
212047	0.245472
8245	0.245467
9910093	0.245463
9605011	0.245454
211027	0.245454
303063	0.245440
1161	0.245431
9805087	0.245427
204041	0.245427
202027	0.245422
9812149	0.245417
9605211	0.245417
11187	0.245413
111177	0.245408
204083	0.245399
9201003	0.245390
9601175	0.245381
102133	0.245381
9909043	0.245368
208081	0.245368
9910045	0.245304
106185	0.245295
9403123	0.245291
9801029	0.245291
211041	0.245286
11149	0.245277
9802043	0.245268
9908083	0.245264
9159	0.245250
202181	0.245227
9307151	0.245223
107039	0.245205
9401017	0.245200
9305069	0.245191
10001	0.245191
106241	0.245187
108201	0.245169
8253	0.245150
9510241	0.245141
209133	0.245132
9910269	0.245119
208033	0.245119
301005	0.245119
112151	0.245114
9910241	0.245105
9701147	0.245092
107061	0.245078
301073	0.245074
208145	0.245065
9711199	0.245060
9802111	0.245024
205109	0.245006
2047	0.245001
3071	0.244992
9608145	0.244983
9902171	0.244974
9202085	0.244952
208011	0.244925
9063	0.244916
9201061	0.244907
9910079	0.244907
9912065	0.244907
205305	0.244907
303095	0.244907
9201015	0.244902
209193	0.244893
2195	0.244880
210309	0.244880
9905067	0.244880
110133	0.244861
211253	0.244848
9801157	0.244843
111269	0.244843
9911031	0.244834
9701047	0.244812
202017	0.244812
9105	0.244803
9707197	0.244794
106235	0.244789
9311187	0.244767
105261	0.244762
9511021	0.244762
7123	0.244749
103085	0.244749
1105	0.244744
9412147	0.244744
9808047	0.244690
301083	0.244686
9411219	0.244668
102109	0.244668
9302069	0.244663
210295	0.244659
205179	0.244650
304111	0.244636
9611127	0.244632
211035	0.244632
301247	0.244632
106263	0.244627
302067	0.244627
9602087	0.244623
9812253	0.244618
9509049	0.244609
7177	0.244596
9412115	0.244587
9810041	0.244587
206221	0.244587
9711007	0.244515
9712203	0.244515
9307123	0.244510
9911083	0.244506
9406189	0.244474
9211041	0.244470
9912101	0.244465
9907155	0.244461
202195	0.244456
9511065	0.244452
104227	0.244452
211103	0.244447
205149	0.244420
9407025	0.244416
9707215	0.244402
110219	0.244393
9705189	0.244384
8147	0.244353
9912121	0.244339
9512153	0.244313
9801005	0.244304
302077	0.244295
9907055	0.244286
104017	0.244281
111081	0.244281
9311015	0.244259
9905139	0.244232
212225	0.244227
105243	0.244218
102071	0.244214
9909025	0.244196
12221	0.244173
203077	0.244173
102033	0.244160
107085	0.244120
203255	0.244120
9512223	0.244115
212221	0.244115
11091	0.244102
11109	0.244088
106067	0.244079
9804081	0.244057
7131	0.244052
110035	0.244043
9901073	0.244021
107183	0.243999
9608065	0.243994
9311081	0.243976
104241	0.243976
109159	0.243972
302145	0.243963
9402119	0.243936
9605225	0.243936
104209	0.243923
301029	0.243923
9801159	0.243914
9702193	0.243909
101041	0.243900
107097	0.243878
301239	0.243855
9506071	0.243851
205161	0.243824
9209049	0.243811
8215	0.243811
11047	0.243802
210055	0.243779
107233	0.243771
9805177	0.243762
9412079	0.243757
9608073	0.243735
9803083	0.243721
108011	0.243712
9503143	0.243708
2249	0.243703
9909187	0.243699
9201047	0.243690
9907041	0.243645
301037	0.243645
9907077	0.243636
9903115	0.243628
9805065	0.243592
5101	0.243592
9302099	0.243561
207195	0.243556
302099	0.243547
203153	0.243534
9806085	0.243520
110215	0.243489
9911223	0.243476
9903231	0.243467
9908209	0.243454
12105	0.243449
9809097	0.243436
9910193	0.243436
206079	0.243431
9801139	0.243422
9701061	0.243418
10065	0.243396
206203	0.243391
211037	0.243391
9155	0.243378
201089	0.243373
9601089	0.243369
202171	0.243364
9912239	0.243338
9903257	0.243329
11099	0.243329
9602179	0.243315
9611161	0.243315
304195	0.243302
9908045	0.243298
211221	0.243266
111201	0.243262
10049	0.243253
301179	0.243253
101069	0.243249
9904007	0.243231
9212045	0.243222
110073	0.243218
206253	0.243213
9412203	0.243204
108137	0.243177
9402031	0.243169
9912273	0.243155
9510009	0.243146
9805211	0.243133
9504005	0.243111
206131	0.243084
101123	0.243075
9603053	0.243044
9607043	0.243017
5227	0.243017
11235	0.243017
206025	0.243017
206113	0.242982
9410041	0.242964
109137	0.242933
212185	0.242929
210173	0.242924
9810169	0.242902
303015	0.242902
207283	0.242871
207163	0.242867
2053	0.242862
212231	0.242844
108131	0.242840
9706223	0.242827
9408089	0.242822
9603085	0.242818
104061	0.242791
102057	0.242787
9706035	0.242769
110169	0.242760
9210141	0.242756
111041	0.242751
209027	0.242751
9905057	0.242747
9205089	0.242738
9804053	0.242734
9204037	0.242729
208105	0.242702
9904085	0.242694
208103	0.242685
112247	0.242685
9704201	0.242667
9401153	0.242623
9905005	0.242618
9403133	0.242605
9702199	0.242596
9903239	0.242583
10027	0.242583
302047	0.242579
3197	0.242574
9707025	0.242570
9702179	0.242548
11285	0.242543
9505097	0.242525
108119	0.242508
9805203	0.242494
9701173	0.242490
205189	0.242490
9602125	0.242477
9912175	0.242468
11181	0.242463
110069	0.242463
106179	0.242455
11211	0.242424
108123	0.242410
211261	0.242402
9311009	0.242397
9405113	0.242397
302029	0.242384
301203	0.242357
9911043	0.242340
304239	0.242335
9404157	0.242322
112185	0.242313
9602105	0.242282
210289	0.242273
9909007	0.242269
209159	0.242260
9208055	0.242238
2099	0.242225
9807203	0.242225
11071	0.242221
209203	0.242190
111077	0.242181
9912029	0.242172
9407101	0.242163
9904123	0.242154
5251	0.242150
9402147	0.242146
9710105	0.242146
106153	0.242137
304241	0.242137
9310151	0.242115
9208035	0.242115
9507141	0.242110
9203025	0.242079
6119	0.242071
9606087	0.242044
9909205	0.242040
9602115	0.242040
9802093	0.242035
212121	0.242035
12167	0.242013
5165	0.241996
9212089	0.241982
9206023	0.241978
9406069	0.241978
9706111	0.241978
9905045	0.241978
9211015	0.241974
304037	0.241974
9411095	0.241960
9512137	0.241952
212331	0.241943
6151	0.241938
9806049	0.241908
304187	0.241890
208015	0.241886
212167	0.241886
12199	0.241881
109091	0.241881
9504083	0.241872
1207	0.241837
9205009	0.241833
9225	0.241806
207131	0.241806
303083	0.241798
9309025	0.241789
9901151	0.241784
9907053	0.241784
9406009	0.241745
9603187	0.241745
206091	0.241740
11113	0.241732
9911065	0.241727
9205071	0.241697
302073	0.241688
208123	0.241683
9309133	0.241675
109151	0.241666
9812187	0.241661
202069	0.241657
9901155	0.241653
202097	0.241648
9801111	0.241617
105319	0.241613
9908099	0.241604
110167	0.241574
203001	0.241560
9307111	0.241556
5127	0.241543
302223	0.241543
9604123	0.241538
9602147	0.241516
209231	0.241516
210163	0.241516
9611049	0.241508
9507051	0.241503
9901107	0.241490
210139	0.241490
11205	0.241486
9312189	0.241477
9510175	0.241464
9805081	0.241464
11003	0.241464
9806175	0.241464
211093	0.241459
9507013	0.241455
112233	0.241455
303031	0.241451
9809139	0.241433
9210109	0.241429
9901069	0.241424
106187	0.241424
303051	0.241394
9809073	0.241363
9902179	0.241354
105205	0.241354
9803065	0.241350
207211	0.241332
103117	0.241328
205099	0.241328
101093	0.241315
304181	0.241293
9911015	0.241280
205211	0.241280
10093	0.241267
204153	0.241262
9805093	0.241254
10173	0.241227
112075	0.241223
208035	0.241223
210221	0.241219
9408039	0.241214
9903201	0.241188
109075	0.241179
212083	0.241175
9605167	0.241170
210219	0.241170
9801057	0.241144
10175	0.241122
101177	0.241118
107007	0.241092
206153	0.241074
9209055	0.241070
11105	0.241057
103199	0.241057
106059	0.241057
210227	0.241057
107037	0.241052
9902113	0.241048
9812133	0.241044
207221	0.241009
9409119	0.241004
9510001	0.241004
212139	0.241000
9211119	0.240996
12171	0.240996
9406209	0.240982
9806167	0.240974
9910175	0.240956
9301061	0.240908
9208029	0.240904
9508039	0.240904
112107	0.240899
203119	0.240895
8089	0.240886
204061	0.240878
206115	0.240878
209043	0.240843
102001	0.240838
9612191	0.240834
9912293	0.240825
2161	0.240803
7017	0.240777
5253	0.240747
9910071	0.240725
9905011	0.240721
212281	0.240694
9711125	0.240677
9203043	0.240668
9203081	0.240668
203125	0.240647
112203	0.240638
9207103	0.240616
205253	0.240612
208197	0.240612
9205069	0.240599
211063	0.240577
9606001	0.240568
9904175	0.240568
9308023	0.240559
9807207	0.240559
9607037	0.240551
9609079	0.240529
103133	0.240494
9911191	0.240481
105277	0.240481
206007	0.240481
207157	0.240477
208171	0.240472
9401025	0.240468
9601169	0.240468
106027	0.240468
110183	0.240468
211047	0.240468
12067	0.240464
112139	0.240446
111099	0.240442
9301067	0.240438
303111	0.240438
3045	0.240429
9810025	0.240425
108091	0.240420
104113	0.240394
104219	0.240390
3265	0.240381
206197	0.240359
111103	0.240290
208019	0.240277
9312059	0.240273
112127	0.240268
106121	0.240260
109079	0.240212
9071	0.240207
9211121	0.240199
9407005	0.240190
105247	0.240186
9404005	0.240181
106213	0.240177
103205	0.240173
102051	0.240155
9612065	0.240147
106249	0.240129
9602035	0.240116
108133	0.240112
9504139	0.240108
9704101	0.240108
9710185	0.240103
208043	0.240099
212343	0.240090
301107	0.240090
105221	0.240082
204005	0.240082
9906035	0.240077
205269	0.240073
9712205	0.240060
9809135	0.240047
209181	0.240043
9308129	0.240025
304233	0.240021
212345	0.240012
301117	0.239995
5013	0.239991
9310159	0.239978
204231	0.239965
111007	0.239956
9501101	0.239943
109183	0.239917
9908061	0.239900
9704011	0.239895
9409195	0.239895
209051	0.239895
9904003	0.239891
9305095	0.239887
210263	0.239887
104215	0.239878
207177	0.239856
208127	0.239843
9909063	0.239839
304153	0.239839
212323	0.239835
9905165	0.239787
9304037	0.239787
9804001	0.239779
211197	0.239761
9201021	0.239757
11145	0.239757
9905179	0.239748
104033	0.239740
9811155	0.239735
102145	0.239692
112231	0.239692
8157	0.239675
108183	0.239670
106107	0.239623
12155	0.239601
9903015	0.239593
9904097	0.239580
9506135	0.239575
9806179	0.239515
6087	0.239506
303245	0.239506
11257	0.239485
202039	0.239485
302195	0.239485
304251	0.239481
304009	0.239476
109177	0.239459
9808097	0.239450
9704057	0.239446
103241	0.239424
9903169	0.239420
301009	0.239420
9903153	0.239407
103059	0.239377
303199	0.239377
8217	0.239364
9503209	0.239360
105145	0.239351
9712023	0.239330
9909167	0.239325
6225	0.239321
9603083	0.239317
3285	0.239299
210275	0.239287
9601037	0.239274
9610131	0.239243
11141	0.239239
303197	0.239231
9810213	0.239222
9601143	0.239213
204209	0.239200
9806037	0.239196
9903061	0.239183
205017	0.239179
303113	0.239179
9303159	0.239166
9906147	0.239162
211217	0.239162
9603031	0.239153
4109	0.239149
207265	0.239140
9610179	0.239127
9804059	0.239127
9606047	0.239119
9119	0.239076
9805167	0.239067
9901003	0.239067
106207	0.239063
9407181	0.239046
212039	0.239046
303039	0.239003
6199	0.238994
9309107	0.238990
9504155	0.238968
301221	0.238964
4019	0.238943
9912025	0.238925
9605069	0.238917
9708013	0.238895
9806105	0.238882
108061	0.238878
9707051	0.238870
9904009	0.238865
9912137	0.238861
111221	0.238861
9701113	0.238857
6181	0.238857
9504057	0.238822
9612205	0.238818
9811121	0.238809
9807113	0.238792
211067	0.238784
9912049	0.238779
111145	0.238771
9909021	0.238758
9501069	0.238758
9411025	0.238754
7213	0.238754
9210011	0.238732
9907109	0.238732
9907051	0.238715
9807067	0.238707
107033	0.238702
7255	0.238698
301137	0.238681
9089	0.238677
9702059	0.238672
107159	0.238672
303091	0.238672
202071	0.238659
9219	0.238629
9710249	0.238617
303161	0.238617
9706009	0.238604
9311007	0.238599
303069	0.238599
9511047	0.238591
9401121	0.238561
303079	0.238544
206087	0.238522
304209	0.238518
9412117	0.238514
9305115	0.238488
9510199	0.238480
206073	0.238471
9210017	0.238467
303181	0.238458
204055	0.238450
9410209	0.238445
9710063	0.238445
9203051	0.238420
201127	0.238420
211137	0.238407
9502029	0.238398
206069	0.238394
9804101	0.238381
207203	0.238381
108089	0.238343
9407109	0.238321
202067	0.238309
304225	0.238304
9703197	0.238300
9510155	0.238300
203185	0.238296
9803261	0.238283
9809043	0.238245
9407021	0.238240
9612167	0.238240
103191	0.238236
111107	0.238236
110085	0.238210
202205	0.238198
201197	0.238181
208099	0.238181
9911237	0.238176
9210045	0.238176
9802193	0.238172
101057	0.238168
212017	0.238168
302111	0.238163
9501053	0.238159
9705123	0.238142
9806111	0.238142
304235	0.238134
9605117	0.238134
9912265	0.238121
5199	0.238112
9709089	0.238112
9912015	0.238108
9707199	0.238100
9401105	0.238100
9909079	0.238091
212055	0.238074
9806065	0.238053
11117	0.238048
9509017	0.238036
9701191	0.238036
11173	0.238027
105135	0.238027
203219	0.238019
210091	0.238006
9505161	0.238001
304059	0.237993
206013	0.237980
6235	0.237976
204129	0.237972
9910199	0.237950
9911229	0.237950
9812155	0.237942
107155	0.237929
9302133	0.237912
205097	0.237908
9809153	0.237899
9901115	0.237895
212113	0.237895
304119	0.237882
201067	0.237878
203199	0.237874
9609085	0.237869
9409037	0.237861
10215	0.237857
7247	0.237848
105017	0.237844
202077	0.237823
204009	0.237823
9807029	0.237818
205079	0.237806
104217	0.237793
105251	0.237780
207139	0.237780
301195	0.237729
11289	0.237721
9702195	0.237712
110119	0.237712
9609113	0.237704
111155	0.237699
9912035	0.237657
9902093	0.237657
206041	0.237657
304175	0.237657
210305	0.237636
204187	0.237619
9711009	0.237610
9808095	0.237602
304013	0.237602
9502007	0.237597
304145	0.237593
9809185	0.237563
9805109	0.237563
9211103	0.237555
9405091	0.237551
301149	0.237542
9406079	0.237534
209215	0.237517
112027	0.237496
303221	0.237496
9912213	0.237491
9707041	0.237487
204169	0.237474
105129	0.237449
207101	0.237449
9808093	0.237428
9905121	0.237415
9607161	0.237398
110129	0.237394
303153	0.237390
304199	0.237385
9411047	0.237381
9612029	0.237351
201159	0.237347
9201067	0.237317
9510029	0.237309
4021	0.237305
208135	0.237305
9403119	0.237292
11155	0.237288
206215	0.237284
204131	0.237279
9206027	0.237275
207103	0.237275
304173	0.237275
304105	0.237262
210131	0.237245
9706177	0.237237
108121	0.237237
2215	0.237233
9510115	0.237203
212023	0.237199
303213	0.237190
9703149	0.237165
9910047	0.237148
9507035	0.237140
9609015	0.237140
302083	0.237131
9811209	0.237127
10077	0.237110
202161	0.237106
9909143	0.237097
7159	0.237093
202011	0.237093
208231	0.237085
9802061	0.237042
204185	0.237034
9307045	0.236996
12219	0.236992
9803143	0.236966
302037	0.236941
303001	0.236933
9210107	0.236916
203213	0.236907
9808181	0.236890
9608041	0.236861
111229	0.236861
9802129	0.236840
9407167	0.236836
10153	0.236827
7069	0.236798
2143	0.236760
109193	0.236760
204117	0.236743
101091	0.236730
9203083	0.236722
9503149	0.236709
111057	0.236705
202147	0.236696
9304045	0.236688
206101	0.236675
211031	0.236663
301173	0.236663
9812105	0.236658
9208007	0.236629
9807123	0.236591
7141	0.236591
9611181	0.236587
9611061	0.236583
106203	0.236545
9912135	0.236532
9705229	0.236532
301237	0.236528
208219	0.236520
212295	0.236461
207015	0.236456
9605151	0.236452
211171	0.236431
9608045	0.236427
212051	0.236427
9408169	0.236410
9212029	0.236385
304069	0.236385
9207065	0.236381
9802199	0.236372
301133	0.236372
9909139	0.236368
104153	0.236364
9706075	0.236309
9402093	0.236309
12151	0.236309
11137	0.236305
106105	0.236305
9505061	0.236297
207093	0.236293
304191	0.236284
207039	0.236280
9908005	0.236255
9805183	0.236246
103097	0.236230
9608077	0.236225
301089	0.236221
301213	0.236213
9512117	0.236204
101195	0.236188
106047	0.236179
9604175	0.236179
9410011	0.236125
301155	0.236116
9302073	0.236100
9409093	0.236083
108209	0.236083
9905043	0.236079
206171	0.236079
109059	0.236074
9307171	0.236070
9710095	0.236066
208209	0.236058
212199	0.236053
9703067	0.236032
9704093	0.236028
105175	0.236028
111005	0.236028
108181	0.236024
203003	0.236020
302153	0.236012
9510143	0.236007
9711191	0.236003
109163	0.235995
108035	0.235991
209103	0.235978
9302023	0.235961
9806043	0.235949
9802029	0.235949
1217	0.235944
9411053	0.235936
9912045	0.235932
301061	0.235924
9512143	0.235915
209175	0.235915
211189	0.235915
9401003	0.235903
9611079	0.235886
8129	0.235869
212269	0.235865
9910213	0.235861
9308005	0.235844
9803049	0.235827
9912081	0.235823
8199	0.235823
101187	0.235823
208041	0.235823
9901067	0.235811
111073	0.235777
9402041	0.235756
9910081	0.235744
211129	0.235739
9511045	0.235727
9610139	0.235723
204057	0.235710
304079	0.235706
9902081	0.235685
9312213	0.235681
303131	0.235681
9505171	0.235673
104091	0.235673
203113	0.235656
9212085	0.235652
303133	0.235652
9312047	0.235648
9404115	0.235635
104159	0.235635
9909147	0.235631
104163	0.235618
201265	0.235606
9304055	0.235597
304147	0.235585
9505047	0.235581
9206107	0.235552
9903059	0.235539
207231	0.235522
203149	0.235514
210053	0.235514
102101	0.235493
9204071	0.235485
9503017	0.235476
303121	0.235464
104085	0.235460
9505145	0.235460
9710125	0.235447
9708135	0.235447
9303099	0.235422
9703063	0.235422
205135	0.235422
9802023	0.235397
207017	0.235389
9311049	0.235385
206173	0.235372
9407049	0.235368
9808049	0.235360
102165	0.235351
9503043	0.235339
108189	0.235331
9305109	0.235310
204155	0.235306
9610121	0.235301
9206035	0.235289
3277	0.235285
304253	0.235285
9806231	0.235272
2027	0.235268
10003	0.235264
9503145	0.235256
201135	0.235247
9510213	0.235243
101105	0.235214
201249	0.235214
203039	0.235210
210153	0.235185
9408113	0.235177
208179	0.235160
9906079	0.235152
9404187	0.235147
9305107	0.235127
9608013	0.235114
9910157	0.235110
9611135	0.235106
9612017	0.235098
107091	0.235098
210101	0.235098
105167	0.235081
302075	0.235073
103139	0.235068
4005	0.235064
9510087	0.235052
104101	0.235043
109111	0.235043
209197	0.235039
9403067	0.235031
11159	0.235031
9801123	0.235019
7237	0.235006
209011	0.235006
9804185	0.235002
9512009	0.235002
9406207	0.234998
9611093	0.234994
9612059	0.234981
9702161	0.234977
9610163	0.234936
4107	0.234931
9509105	0.234911
9910251	0.234902
9312001	0.234898
9811129	0.234882
110021	0.234869
9902049	0.234807
9804145	0.234782
5099	0.234761
9903155	0.234757
3061	0.234757
9710205	0.234753
7239	0.234745
9212023	0.234724
206123	0.234716
9303047	0.234666
207213	0.234658
9712231	0.234649
101215	0.234649
201095	0.234641
301069	0.234620
207067	0.234616
7107	0.234612
5157	0.234600
212067	0.234600
9606073	0.234591
4057	0.234587
212347	0.234579
9609027	0.234571
9701011	0.234558
304049	0.234542
10171	0.234529
9902029	0.234517
9209099	0.234500
101213	0.234492
303107	0.234476
9603173	0.234467
9505039	0.234455
9505129	0.234447
9412167	0.234443
9705197	0.234438
208115	0.234438
9712067	0.234430
9604141	0.234426
9308077	0.234426
9501131	0.234389
3301	0.234385
9605187	0.234381
205039	0.234381
9801155	0.234372
9912051	0.234356
9037	0.234343
112015	0.234323
208229	0.234319
9209083	0.234310
112251	0.234310
9612197	0.234269
209115	0.234261
9604027	0.234257
9705161	0.234240
9411049	0.234232
2241	0.234232
204085	0.234228
9911129	0.234195
4177	0.234191
11001	0.234186
9206087	0.234153
11153	0.234125
9407091	0.234112
9502089	0.234112
204109	0.234100
9806189	0.234096
5025	0.234096
103035	0.234075
9901111	0.234071
108003	0.234059
9707005	0.234050
4101	0.234038
9606181	0.234026
106211	0.234013
209121	0.234001
103081	0.233997
9401061	0.233989
9908107	0.233964
9503009	0.233947
105271	0.233935
9610201	0.233898
9209003	0.233886
9312171	0.233886
9509021	0.233849
9706203	0.233832
9609013	0.233820
112157	0.233791
9211111	0.233787
104263	0.233758
107229	0.233742
8177	0.233738
206165	0.233734
206089	0.233729
9310157	0.233717
304131	0.233705
5239	0.233697
9607129	0.233680
5173	0.233680
9511067	0.233676
209263	0.233664
5259	0.233660
206129	0.233647
9912063	0.233635
9710021	0.233631
9411235	0.233623
9410103	0.233614
9203059	0.233594
104177	0.233590
9301047	0.233586
107055	0.233573
9512147	0.233569
111263	0.233549
9908013	0.233537
209227	0.233532
9512075	0.233516
201223	0.233487
206151	0.233475
9703189	0.233467
9511081	0.233463
304213	0.233459
9507109	0.233454
9502009	0.233454
6163	0.233446
9410051	0.233442
9911073	0.233442
9410205	0.233438
211131	0.233434
9806121	0.233426
9501127	0.233414
208037	0.233409
9803063	0.233397
9604071	0.233393
9612103	0.233389
112235	0.233377
108215	0.233373
9610089	0.233344
9707249	0.233344
202203	0.233344
101045	0.233327
212191	0.233323
212219	0.233323
211225	0.233315
9504065	0.233287
9611149	0.233287
9809159	0.233278
9811059	0.233278
9707181	0.233270
204037	0.233270
9501135	0.233250
103045	0.233246
9912059	0.233242
9910171	0.233233
7051	0.233233
9403089	0.233225
9910059	0.233221
207273	0.233221
206105	0.233205
2007	0.233201
301229	0.233197
3023	0.233188
201233	0.233188
103193	0.233180
9402021	0.233172
9801187	0.233152
9208059	0.233147
102017	0.233131
9707115	0.233115
208059	0.233115
9909093	0.233107
301067	0.233098
2085	0.233094
9402115	0.233078
12139	0.233045
9801063	0.233045
9408065	0.233041
9805101	0.233037
10025	0.233017
207149	0.233017
212119	0.233013
9204031	0.233009
5045	0.233009
2193	0.232976
9807133	0.232939
9805173	0.232935
204075	0.232935
111285	0.232931
9202015	0.232923
9611097	0.232911
7065	0.232906
9810015	0.232898
2093	0.232882
9310011	0.232882
9402057	0.232870
202151	0.232866
3171	0.232862
9231	0.232858
9609137	0.232858
8009	0.232849
104223	0.232813
107253	0.232805
9606135	0.232792
9804033	0.232788
208071	0.232788
304163	0.232784
101229	0.232780
9402049	0.232776
204021	0.232776
9905023	0.232764
5051	0.232743
11027	0.232735
9904125	0.232723
108041	0.232703
208177	0.232703
9903045	0.232690
9306083	0.232658
205119	0.232658
112041	0.232650
9608161	0.232646
9712197	0.232625
9506147	0.232625
9407047	0.232617
205069	0.232609
9611043	0.232601
109195	0.232601
203269	0.232585
9404009	0.232576
207201	0.232572
12125	0.232568
203043	0.232560
210311	0.232560
9804147	0.232556
6213	0.232544
109165	0.232544
106125	0.232528
107247	0.232524
110163	0.232507
9512047	0.232499
9211061	0.232495
9303059	0.232463
107011	0.232459
205233	0.232450
9702123	0.232434
202087	0.232430
302119	0.232402
9607029	0.232381
9708053	0.232381
9301111	0.232369
9606071	0.232365
212043	0.232341
9908009	0.232329
111031	0.232324
208205	0.232304
9412189	0.232304
9909097	0.232284
211163	0.232276
205247	0.232272
9709137	0.232264
303103	0.232260
205153	0.232251
9510083	0.232247
9511125	0.232239
9612031	0.232239
9311147	0.232227
9701171	0.232227
9710075	0.232211
9605001	0.232211
208201	0.232203
9510109	0.232199
9703159	0.232178
12225	0.232170
9312103	0.232158
104247	0.232158
9506139	0.232146
104097	0.232146
9207095	0.232134
9206101	0.232130
211207	0.232105
302197	0.232097
9901119	0.232089
9905229	0.232089
3137	0.232073
9312175	0.232073
9709161	0.232073
207029	0.232073
9706119	0.232069
9402089	0.232065
109031	0.232061
9612139	0.232053
9804119	0.232045
9703219	0.232020
203251	0.231996
204119	0.231980
304267	0.231976
11035	0.231972
9205015	0.231956
11053	0.231956
11139	0.231939
110291	0.231923
12053	0.231911
9712125	0.231907
101159	0.231903
9802017	0.231903
9209011	0.231887
106157	0.231887
110193	0.231887
212035	0.231871
9906177	0.231867
9412127	0.231863
102069	0.231863
9504097	0.231842
9704135	0.231838
9411223	0.231834
7053	0.231830
9906167	0.231802
104087	0.231802
9807091	0.231798
206149	0.231790
101021	0.231778
202107	0.231757
2069	0.231753
7039	0.231729
107257	0.231725
9908157	0.231721
6061	0.231721
212141	0.231717
9503089	0.231709
208199	0.231705
9809113	0.231697
9710079	0.231697
9511189	0.231697
104265	0.231693
9309119	0.231689
203179	0.231689
9912259	0.231685
206077	0.231685
9911023	0.231673
9707031	0.231669
9909149	0.231657
6003	0.231644
9803087	0.231640
9304061	0.231636
9023	0.231628
201041	0.231620
9308153	0.231616
208139	0.231616
9310041	0.231612
9807105	0.231576
101225	0.231564
4171	0.231560
202139	0.231556
201263	0.231544
9210123	0.231536
5193	0.231531
110141	0.231527
9811119	0.231519
205011	0.231519
9709007	0.231515
1165	0.231511
9512095	0.231487
9801007	0.231471
9609061	0.231467
9802175	0.231439
202063	0.231439
205271	0.231419
9511007	0.231415
4071	0.231403
9912021	0.231394
9137	0.231394
9802045	0.231378
110195	0.231370
9904141	0.231370
9609183	0.231366
9403001	0.231338
9710051	0.231338
9217	0.231334
9709093	0.231330
9205037	0.231330
302041	0.231330
9212115	0.231322
304221	0.231318
7049	0.231298
9201005	0.231282
204161	0.231278
9802139	0.231274
9912193	0.231270
9210115	0.231262
9601073	0.231250
9502099	0.231237
9605233	0.231229
212159	0.231217
8061	0.231213
5167	0.231201
304071	0.231201
3109	0.231197
9507007	0.231185
9903229	0.231173
9603043	0.231153
9409015	0.231149
9512125	0.231133
209031	0.231129
9304091	0.231109
108219	0.231105
9303093	0.231101
7015	0.231101
9706101	0.231101
9903103	0.231101
8131	0.231101
9117	0.231093
104213	0.231089
1005	0.231081
207077	0.231077
5139	0.231069
9712139	0.231061
9805053	0.231061
8123	0.231037
108017	0.231033
9509035	0.231017
9906093	0.231017
9411093	0.231004
210203	0.230996
9212027	0.230992
9805205	0.230988
9807155	0.230976
9509165	0.230972
206043	0.230964
9412161	0.230936
112207	0.230932
304217	0.230932
9211071	0.230908
7103	0.230896
112169	0.230896
9802113	0.230888
9311129	0.230884
9807009	0.230880
209093	0.230876
9501039	0.230868
302217	0.230868
104077	0.230856
9410215	0.230816
9909197	0.230812
9408133	0.230804
9309019	0.230800
9305163	0.230792
205041	0.230780
1209	0.230776
304087	0.230772
9711183	0.230764
11021	0.230756
9806107	0.230740
9610001	0.230732
9701109	0.230716
9163	0.230716
9303101	0.230712
9610129	0.230704
302085	0.230700
9412059	0.230692
1167	0.230692
107063	0.230680
9301069	0.230672
202043	0.230664
9401031	0.230656
9301001	0.230648
9401045	0.230644
6059	0.230628
9612203	0.230616
109045	0.230616
9205091	0.230608
203141	0.230604
9706021	0.230596
9707189	0.230580
111245	0.230540
209111	0.230540
9812113	0.230536
104029	0.230536
206095	0.230536
205273	0.230532
111097	0.230512
301227	0.230508
9609051	0.230504
209171	0.230496
9211011	0.230492
1211	0.230468
9706183	0.230468
9412157	0.230444
9197	0.230440
112013	0.230440
9906187	0.230436
11259	0.230432
9804089	0.230428
9705153	0.230428
9501003	0.230424
9604045	0.230416
105185	0.230404
7225	0.230396
9405031	0.230392
9605003	0.230388
303119	0.230384
303187	0.230380
9402097	0.230356
9506043	0.230352
9707163	0.230344
205047	0.230344
303013	0.230336
9708047	0.230296
3155	0.230288
6203	0.230272
108093	0.230264
208051	0.230252
202045	0.230244
9603135	0.230220
9603049	0.230216
9701177	0.230212
9404149	0.230212
9512187	0.230201
9707233	0.230189
9602033	0.230189
210213	0.230173
9512071	0.230169
205009	0.230169
9501097	0.230157
12175	0.230141
304201	0.230141
212239	0.230137
9306077	0.230133
9304015	0.230109
107225	0.230109
211191	0.230109
9509019	0.230105
9806165	0.230093
105149	0.230093
102061	0.230089
206049	0.230085
111205	0.230061
209041	0.230061
9504007	0.230041
2019	0.230033
9512135	0.230017
103161	0.230013
111117	0.230013
208149	0.230009
106261	0.229985
9208041	0.229981
9807101	0.229981
9206077	0.229974
9309067	0.229966
9908029	0.229938
201133	0.229930
206185	0.229930
7095	0.229902
9706123	0.229894
4017	0.229886
203215	0.229878
202037	0.229858
9511131	0.229854
9401131	0.229850
205055	0.229846
9710147	0.229834
9706069	0.229826
201189	0.229826
9604061	0.229826
9903069	0.229826
9209085	0.229811
9702019	0.229811
9407001	0.229799
9509101	0.229795
9912103	0.229787
209101	0.229775
9404135	0.229763
211021	0.229751
9801079	0.229747
111161	0.229743
9910225	0.229727
9705151	0.229715
9503237	0.229715
9911069	0.229707
9810027	0.229703
9701101	0.229699
9412113	0.229695
9907163	0.229684
1141	0.229664
3199	0.229652
9402029	0.229648
9807237	0.229608
107049	0.229576
9201011	0.229572
9812083	0.229572
9511185	0.229568
209149	0.229568
201111	0.229553
209209	0.229541
6007	0.229537
9410093	0.229521
9905169	0.229517
9610191	0.229493
110103	0.229489
9512091	0.229485
9504151	0.229485
112125	0.229462
9706093	0.229454
9602023	0.229434
9307121	0.229430
10099	0.229430
201239	0.229394
9205003	0.229374
8191	0.229359
210233	0.229355
1107	0.229327
205087	0.229327
112029	0.229319
9706031	0.229311
201163	0.229311
9802107	0.229299
9510027	0.229283
108005	0.229283
106075	0.229272
102103	0.229264
9810119	0.229256
112259	0.229256
9706173	0.229248
208155	0.229244
9501065	0.229232
9402085	0.229220
105211	0.229220
9806147	0.229212
9807007	0.229208
106271	0.229200
211113	0.229165
9310069	0.229161
206169	0.229157
208009	0.229145
210151	0.229145
9404023	0.229121
206213	0.229114
9207011	0.229110
9404039	0.229098
301047	0.229070
9510181	0.229054
9409023	0.229035
9308115	0.229031
9604105	0.229019
103051	0.229003
9601053	0.228983
9712161	0.228983
9906123	0.228971
9707111	0.228956
9911027	0.228956
9810211	0.228952
5187	0.228952
9709097	0.228948
9803179	0.228932
9607003	0.228924
211083	0.228916
9810109	0.228908
9505149	0.228908
9405141	0.228901
106065	0.228893
212181	0.228885
107193	0.228877
205285	0.228877
111089	0.228873
112135	0.228873
9507057	0.228869
9208015	0.228861
9704111	0.228857
110149	0.228841
9810215	0.228837
204235	0.228830
9208001	0.228810
9507155	0.228810
9812249	0.228794
9310095	0.228786
105183	0.228763
6015	0.228759
206085	0.228759
9405119	0.228755
9206007	0.228751
9810245	0.228751
212015	0.228747
12163	0.228743
9907173	0.228692
9810073	0.228688
9311103	0.228684
9605039	0.228672
9612075	0.228672
9610207	0.228668
9312075	0.228664
110059	0.228664
303167	0.228656
304015	0.228649
303231	0.228645
6179	0.228629
9301125	0.228629
9801191	0.228625
3157	0.228613
106143	0.228613
9612083	0.228605
9709101	0.228601
9609069	0.228601
304109	0.228601
304135	0.228597
9605221	0.228570
9801021	0.228554
9912077	0.228554
106145	0.228542
212317	0.228527
9404173	0.228507
9301029	0.228499
9709119	0.228491
9709183	0.228487
9406095	0.228472
9908041	0.228444
9710091	0.228444
9609175	0.228444
209065	0.228436
9910173	0.228433
9411153	0.228429
102039	0.228397
9610021	0.228393
9903149	0.228362
104235	0.228350
5215	0.228338
111239	0.228338
9906047	0.228319
205031	0.228303
9512107	0.228299
9312127	0.228291
304097	0.228291
9212035	0.228283
111281	0.228280
9510007	0.228276
9811179	0.228268
9401029	0.228264
9505037	0.228260
206189	0.228252
9611105	0.228248
202137	0.228225
9507075	0.228225
9505127	0.228221
111207	0.228217
201191	0.228213
9305079	0.228139
205193	0.228115
9909111	0.228103
9611089	0.228092
9611179	0.228088
9409047	0.228084
9810039	0.228084
9902041	0.228084
9401081	0.228072
301243	0.228072
9612043	0.228068
5285	0.228033
3273	0.228025
104015	0.228025
9509115	0.228021
303127	0.228005
9504049	0.228002
9611011	0.228002
206249	0.227994
301023	0.227994
9908203	0.227978
211107	0.227962
1023	0.227959
303097	0.227959
9502069	0.227947
9303005	0.227947
10187	0.227935
210057	0.227935
103073	0.227931
211249	0.227931
9606195	0.227923
9504033	0.227919
9507171	0.227896
302211	0.227896
108099	0.227892
9912113	0.227884
303243	0.227873
207001	0.227869
205231	0.227865
9310113	0.227857
107083	0.227845
11221	0.227830
9809123	0.227818
9809087	0.227802
8105	0.227779
211061	0.227779
10097	0.227771
107179	0.227759
9211075	0.227744
9308001	0.227732
212163	0.227728
202101	0.227693
9702027	0.227681
11195	0.227681
205275	0.227681
205195	0.227674
9212009	0.227658
9911239	0.227654
9812207	0.227650
9609031	0.227646
9607213	0.227639
9904075	0.227635
9912117	0.227631
9404045	0.227611
9702143	0.227592
9912143	0.227572
9809125	0.227568
101081	0.227568
9704079	0.227568
12231	0.227564
204205	0.227545
8067	0.227522
9707081	0.227518
112085	0.227518
204031	0.227494
9403193	0.227491
103147	0.227475
203259	0.227475
211281	0.227475
101205	0.227471
212133	0.227448
102147	0.227444
110299	0.227436
206003	0.227374
104009	0.227362
9407141	0.227350
212203	0.227350
9707113	0.227347
9710037	0.227339
9211049	0.227308
9806033	0.227308
9903159	0.227308
303045	0.227296
9505027	0.227284
9410217	0.227280
9607071	0.227265
9803019	0.227253
201059	0.227253
9912243	0.227249
9704047	0.227246
208121	0.227218
9504011	0.227211
9304081	0.227207
106069	0.227191
10063	0.227180
9807003	0.227180
9611031	0.227176
9307013	0.227168
9607083	0.227160
302151	0.227156
9902003	0.227145
104049	0.227133
9604195	0.227129
9410003	0.227129
112035	0.227129
9403045	0.227110
9805155	0.227102
9908091	0.227083
9909069	0.227075
9406179	0.227044
9705051	0.227028
108045	0.227017
9811197	0.227017
209059	0.227013
304261	0.226982
7197	0.226970
9908139	0.226958
107089	0.226939
9301097	0.226931
9310137	0.226924
9907067	0.226912
9610057	0.226896
212291	0.226896
302143	0.226881
9910003	0.226877
9406063	0.226873
9301103	0.226869
207025	0.226854
207143	0.226835
9512023	0.226823
12089	0.226819
9611207	0.226819
205277	0.226815
9511145	0.226807
9510205	0.226777
101189	0.226773
9508025	0.226773
203145	0.226773
107121	0.226769
9508111	0.226730
206117	0.226719
9410191	0.226715
205287	0.226703
9212075	0.226695
104123	0.226684
112077	0.226672
9811169	0.226657
302113	0.226657
9907207	0.226633
9701157	0.226595
207159	0.226591
101075	0.226579
9910129	0.226576
212299	0.226576
9312003	0.226568
4025	0.226552
9612067	0.226541
9905149	0.226537
9506133	0.226533
9602103	0.226522
9510147	0.226514
304177	0.226494
12073	0.226483
9901001	0.226479
9702003	0.226479
9511071	0.226475
9411135	0.226464
9903099	0.226444
9602057	0.226437
9604183	0.226437
9506059	0.226425
9404031	0.226413
9804143	0.226410
210025	0.226410
9712095	0.226406
210211	0.226394
9301033	0.226390
9604147	0.226387
1189	0.226387
9510195	0.226387
103093	0.226387
107239	0.226379
9307155	0.226356
212125	0.226344
9509071	0.226333
210001	0.226309
9805133	0.226302
9508073	0.226290
105127	0.226282
9512019	0.226282
9606041	0.226275
9607147	0.226271
203137	0.226263
9902099	0.226248
9711113	0.226248
9304043	0.226248
9809167	0.226244
206031	0.226236
4031	0.226225
9504017	0.226217
211091	0.226217
9301035	0.226213
10225	0.226213
9412175	0.226202
203009	0.226198
9911013	0.226190
204099	0.226171
9405185	0.226171
9903183	0.226144
9710199	0.226132
9201039	0.226117
101233	0.226117
9401041	0.226113
301031	0.226109
210063	0.226090
9302003	0.226071
9711135	0.226063
9904061	0.226059
9511061	0.226048
203059	0.226036
9604011	0.226025
209207	0.225986
9910205	0.225959
208031	0.225959
9412061	0.225956
5009	0.225952
206019	0.225952
301033	0.225944
9402077	0.225925
9711019	0.225902
209097	0.225867
9205115	0.225863
9403129	0.225863
108081	0.225863
9211047	0.225860
9202061	0.225825
9409101	0.225814
9406101	0.225802
9611133	0.225802
107195	0.225791
303053	0.225779
109103	0.225768
9510003	0.225741
3083	0.225706
9402039	0.225679
9302037	0.225676
9907169	0.225676
9509037	0.225664
6135	0.225660
2155	0.225641
212143	0.225637
304003	0.225633
9409019	0.225614
9806243	0.225614
9511127	0.225599
9902031	0.225588
9902147	0.225588
9410235	0.225580
110273	0.225576
10139	0.225568
9802201	0.225549
204215	0.225542
9312013	0.225534
9311185	0.225530
107175	0.225503
105293	0.225488
9211057	0.225477
107255	0.225473
109153	0.225469
9604003	0.225461
9904051	0.225435
204107	0.225431
9710177	0.225419
9912263	0.225408
11045	0.225408
9907111	0.225408
9705007	0.225404
9506131	0.225400
202155	0.225400
9701057	0.225396
9610037	0.225377
203271	0.225377
9809119	0.225373
9804075	0.225370
112039	0.225335
6093	0.225328
9212155	0.225324
9411003	0.225316
8079	0.225305
9312167	0.225266
110053	0.225266
9706199	0.225263
9611199	0.225255
9612199	0.225244
9303133	0.225240
104179	0.225240
207023	0.225236
9303175	0.225232
111127	0.225224
104201	0.225221
209069	0.225202
9504115	0.225198
9601125	0.225198
9151	0.225186
9310067	0.225167
9712007	0.225163
104185	0.225160
9806157	0.225144
111111	0.225114
212149	0.225110
3099	0.225095
9909127	0.225076
9902189	0.225076
9212099	0.225072
9910201	0.225072
9903245	0.225072
9607171	0.225061
303037	0.225061
10257	0.225053
9512025	0.225049
9207005	0.225049
9510013	0.225045
9712043	0.225015
12003	0.225011
9602075	0.225000
9409165	0.224992
9803071	0.224992
9412163	0.224984
9606045	0.224973
203221	0.224969
2233	0.224962
9702087	0.224950
9907063	0.224946
106237	0.224939
9303153	0.224935
9907027	0.224931
9403041	0.224923
9906141	0.224916
9704045	0.224916
9805175	0.224916
9607233	0.224897
9606153	0.224889
9506047	0.224882
9908133	0.224878
9309027	0.224870
6077	0.224859
9809201	0.224844
9310201	0.224828
9704153	0.224828
9204057	0.224825
105013	0.224817
9407023	0.224809
203089	0.224806
9508001	0.224802
208083	0.224798
9904103	0.224783
9305043	0.224749
9412003	0.224741
9405065	0.224722
10149	0.224718
9408121	0.224714
9503167	0.224695
9612093	0.224692
210271	0.224676
9401059	0.224665
203193	0.224661
9312021	0.224657
102199	0.224635
9412153	0.224627
9404095	0.224623
9810171	0.224616
9911087	0.224600
9604085	0.224600
9207089	0.224574
301163	0.224574
9909005	0.224566
9709201	0.224566
111219	0.224547
209135	0.224547
9804043	0.224547
9404013	0.224540
9608083	0.224540
9512013	0.224540
9606061	0.224540
9501099	0.224540
9712045	0.224528
9910255	0.224521
9709215	0.224517
9404079	0.224509
9409009	0.224506
211105	0.224487
9202057	0.224483
9703029	0.224479
107065	0.224460
304227	0.224456
105069	0.224449
201161	0.224449
9902167	0.224430
211193	0.224426
205139	0.224422
9210105	0.224411
3029	0.224407
9202011	0.224381
209221	0.224377
302069	0.224358
12077	0.224339
205255	0.224324
110269	0.224305
9512175	0.224301
102161	0.224301
9408115	0.224297
9706201	0.224286
103005	0.224271
9503093	0.224244
9306147	0.224241
9604153	0.224241
111243	0.224218
9704115	0.224214
9705185	0.224199
9707167	0.224199
201023	0.224184
203227	0.224176
9907001	0.224157
9303103	0.224154
9602099	0.224131
9510217	0.224127
9703033	0.224120
9907141	0.224108
302155	0.224108
9709075	0.224089
9307037	0.224071
1151	0.224055
9711033	0.224040
9905059	0.224040
111105	0.224037
9710107	0.224033
9904105	0.224021
202033	0.224006
9612179	0.224006
9409099	0.223995
8055	0.223984
9310015	0.223969
9310193	0.223957
106023	0.223954
9610103	0.223923
9409157	0.223920
9303111	0.223904
9601069	0.223889
9505139	0.223889
9412179	0.223886
9301019	0.223867
207051	0.223855
9404025	0.223844
9208031	0.223833
103265	0.223818
9702197	0.223780
9601147	0.223731
108235	0.223720
9511063	0.223716
9911125	0.223709
9610051	0.223701
109117	0.223675
9912171	0.223671
108145	0.223630
9610069	0.223603
9705033	0.223599
9805067	0.223599
9605145	0.223577
9708023	0.223577
105303	0.223573
9113	0.223543
302021	0.223543
9301129	0.223532
9508129	0.223528
9410203	0.223528
209071	0.223524
211173	0.223524
1173	0.223517
206233	0.223509
8139	0.223498
9406201	0.223487
9511167	0.223483
9908187	0.223472
9203039	0.223472
9908067	0.223472
108087	0.223460
9408005	0.223449
9607189	0.223445
9601049	0.223430
302121	0.223419
212153	0.223415
9711173	0.223397
9410087	0.223393
9307039	0.223385
104237	0.223385
201007	0.223374
212275	0.223363
302035	0.223363
9403189	0.223352
6101	0.223340
9711175	0.223333
9911093	0.223329
9206015	0.223325
110261	0.223318
202133	0.223318
9504061	0.223307
9310197	0.223307
204065	0.223280
204111	0.223273
11229	0.223250
211209	0.223247
9512209	0.223194
9511215	0.223194
9409107	0.223187
101203	0.223187
9603093	0.223172
9608165	0.223172
108125	0.223168
9708097	0.223164
9807147	0.223164
9611167	0.223149
9912023	0.223142
9712207	0.223138
211057	0.223119
9204049	0.223115
101201	0.223115
9908191	0.223115
210059	0.223097
9704023	0.223074
9207097	0.223048
201027	0.223037
210235	0.223029
9212037	0.223022
9305077	0.223003
9404175	0.222981
9205021	0.222973
9505033	0.222958
9704133	0.222951
212333	0.222940
9405133	0.222936
9709217	0.222928
9401125	0.222925
9210001	0.222925
101127	0.222921
9907031	0.222913
110057	0.222883
9806237	0.222869
211003	0.222869
9511199	0.222857
101065	0.222835
206023	0.222831
10059	0.222820
111241	0.222820
203245	0.222805
9508105	0.222775
9811009	0.222768
9911105	0.222738
304023	0.222727
9506169	0.222723
9302035	0.222715
9503109	0.222701
203115	0.222701
9206055	0.222693
9310179	0.222689
9203061	0.222656
9703121	0.222641
11231	0.222641
9404113	0.222626
201117	0.222626
9508141	0.222619
9504127	0.222619
212201	0.222611
9910123	0.222589
212307	0.222589
9501077	0.222585
208213	0.222585
6173	0.222578
9305131	0.222570
211043	0.222566
9503095	0.222555
210081	0.222555
9603071	0.222525
107243	0.222510
11067	0.222507
9308045	0.222503
9209037	0.222499
9701141	0.222492
211133	0.222466
207267	0.222455
8039	0.222451
9606095	0.222447
9807049	0.222440
9504091	0.222425
201109	0.222410
9906131	0.222403
9309103	0.222399
209185	0.222380
9611015	0.222373
201091	0.222373
9611191	0.222347
9812189	0.222339
9304027	0.222336
9312045	0.222324
9504013	0.222324
106089	0.222317
9609107	0.222302
9604151	0.222280
211247	0.222272
9306015	0.222246
9503069	0.222228
12017	0.222198
9903243	0.222194
9809137	0.222187
9310017	0.222176
9607141	0.222168
9401147	0.222150
9912127	0.222135
209113	0.222124
9304133	0.222120
9606119	0.222116
9407007	0.222109
9607203	0.222105
9201027	0.222090
204097	0.222090
9502165	0.222083
3209	0.222068
9912017	0.222064
9305181	0.222053
103249	0.222042
303227	0.222016
7183	0.222005
9910243	0.222001
9506019	0.221990
10183	0.221983
9312107	0.221972
205237	0.221957
1121	0.221953
9307145	0.221931
107043	0.221931
9410005	0.221931
9906163	0.221927
9309105	0.221924
302129	0.221916
9704049	0.221905
9805075	0.221868
9808055	0.221864
9706139	0.221857
9504143	0.221853
9502117	0.221846
210117	0.221835
9311097	0.221831
9709145	0.221827
9409069	0.221827
6095	0.221813
6149	0.221813
9504067	0.221801
302177	0.221801
11169	0.221768
107209	0.221761
9511141	0.221757
106099	0.221746
102111	0.221742
9605075	0.221724
104175	0.221709
9907151	0.221709
9601161	0.221698
107101	0.221698
9401107	0.221694
9710031	0.221690
9507061	0.221687
101129	0.221683
110239	0.221679
9911167	0.221676
9509093	0.221676
7101	0.221672
202049	0.221672
9707141	0.221665
301131	0.221657
9706091	0.221639
9805077	0.221635
9403175	0.221620
9503041	0.221613
9311093	0.221591
109179	0.221583
9305087	0.221580
103009	0.221565
9211059	0.221554
9510123	0.221554
9607177	0.221546
106001	0.221543
304229	0.221535
9803093	0.221535
9211025	0.221524
9807031	0.221521
9504025	0.221502
9608011	0.221491
9506121	0.221487
9803081	0.221487
9703131	0.221480
9806233	0.221473
9912085	0.221473
109005	0.221458
9208047	0.221447
9404139	0.221439
9608063	0.221432
9306095	0.221414
212093	0.221399
9703071	0.221391
108073	0.221391
9409113	0.221384
9306041	0.221351
9409177	0.221332
9503221	0.221325
106083	0.221318
9704083	0.221318
205245	0.221318
211125	0.221307
9310025	0.221303
9304129	0.221303
108243	0.221274
9304121	0.221266
107009	0.221263
9304053	0.221233
9506045	0.221233
9310165	0.221226
102023	0.221193
9801033	0.221189
9605099	0.221185
9712031	0.221185
9810005	0.221182
9711025	0.221178
9209117	0.221163
9505049	0.221156
9402081	0.221156
9611193	0.221152
205309	0.221148
302199	0.221145
9909191	0.221137
9902165	0.221130
9901011	0.221119
211237	0.221119
210205	0.221112
9805187	0.221104
9505173	0.221064
9703069	0.221064
9603107	0.221056
9508099	0.221049
9810231	0.221020
9512015	0.221012
9606143	0.221009
9512103	0.221001
9603181	0.220987
304125	0.220954
9905225	0.220950
4083	0.220932
9805001	0.220928
9603141	0.220921
9406043	0.220913
9603117	0.220902
9506005	0.220895
110257	0.220895
212267	0.220891
9405195	0.220884
9210091	0.220873
9601099	0.220873
110205	0.220855
110105	0.220836
9708115	0.220825
301027	0.220825
9807063	0.220821
9305017	0.220818
9511111	0.220814
303009	0.220814
107231	0.220810
207155	0.220810
9412235	0.220799
9411131	0.220796
105195	0.220796
9906061	0.220796
110159	0.220796
301109	0.220788
201245	0.220781
9406011	0.220781
303217	0.220774
9307001	0.220770
9601141	0.220759
210103	0.220734
106041	0.220723
9807069	0.220712
9404183	0.220686
9604053	0.220686
9407039	0.220682
9612183	0.220679
9410069	0.220664
103211	0.220660
9412135	0.220653
1013	0.220631
209017	0.220631
9304065	0.220627
9406013	0.220627
9910057	0.220616
103217	0.220616
201225	0.220613
9703081	0.220591
9602119	0.220576
111049	0.220569
112159	0.220565
106141	0.220550
9512207	0.220525
9503229	0.220521
210297	0.220521
209253	0.220492
9311047	0.220477
8059	0.220474
9205011	0.220463
9203009	0.220463
9806227	0.220455
9302049	0.220455
212213	0.220444
9610141	0.220437
9607095	0.220433
210279	0.220433
108153	0.220415
9509097	0.220408
9201001	0.220404
9405095	0.220404
2229	0.220401
9608031	0.220393
201269	0.220386
9205043	0.220382
9303025	0.220364
9904047	0.220360
9301059	0.220360
9403181	0.220349
101133	0.220349
9303171	0.220346
9403113	0.220335
9510137	0.220295
9507045	0.220276
102197	0.220276
9506081	0.220269
101157	0.220269
9503005	0.220265
9711101	0.220265
9506159	0.220251
9803133	0.220244
9508005	0.220240
106245	0.220236
9602123	0.220236
9704035	0.220229
9305125	0.220222
9305111	0.220211
9903027	0.220207
9208053	0.220207
9512131	0.220200
9611055	0.220182
9511035	0.220178
9503001	0.220174
211085	0.220160
9309135	0.220149
9609019	0.220134
9409035	0.220116
6217	0.220116
9909137	0.220112
9211089	0.220101
9811191	0.220098
302175	0.220094
3153	0.220083
201055	0.220083
210009	0.220061
9908127	0.220058
9205007	0.220047
9901063	0.220039
9206059	0.220032
9910247	0.220014
9408007	0.220014
9910073	0.219999
9401149	0.219996
9805185	0.219988
103131	0.219985
9912105	0.219981
9609063	0.219981
110177	0.219981
9205085	0.219974
207049	0.219963
107223	0.219937
109095	0.219923
9707105	0.219919
9406091	0.219916
211087	0.219887
9705061	0.219883
203035	0.219876
206229	0.219876
9805005	0.219872
304053	0.219868
110243	0.219847
9802077	0.219843
9410105	0.219839
212261	0.219832
303117	0.219821
9909173	0.219814
203071	0.219807
9411051	0.219785
9310105	0.219785
9091	0.219781
9401073	0.219774
9307173	0.219770
9709177	0.219756
202029	0.219719
212131	0.219716
9607137	0.219712
9612201	0.219669
9412033	0.219658
3191	0.219643
9701179	0.219610
9802071	0.219596
11143	0.219592
9301037	0.219574
9303127	0.219574
9511153	0.219552
9307177	0.219552
201139	0.219545
9306085	0.219465
9904169	0.219458
9906229	0.219447
205199	0.219411
9510127	0.219386
9305055	0.219382
9509173	0.219382
9912115	0.219368
7037	0.219353
9402037	0.219350
204151	0.219346
201211	0.219342
9810167	0.219342
9509143	0.219342
9211035	0.219335
9405107	0.219335
9509047	0.219332
9306145	0.219328
9203045	0.219313
9503083	0.219288
9207105	0.219285
9306043	0.219266
9904001	0.219252
9207077	0.219248
212197	0.219227
109051	0.219201
9206103	0.219198
9506157	0.219187
107245	0.219172
209119	0.219172
9608147	0.219162
1031	0.219158
9409151	0.219158
9304023	0.219154
10177	0.219154
104119	0.219133
9802125	0.219118
9502149	0.219115
9407123	0.219104
9210019	0.219086
104067	0.219082
9902037	0.219075
9710169	0.219075
9802097	0.219060
9611003	0.219057
9502025	0.219042
9403143	0.219035
9403033	0.219032
9708139	0.219010
9707237	0.219006
9801091	0.219003
9906007	0.218978
9602069	0.218949
9406029	0.218938
9404089	0.218931
101089	0.218920
9027	0.218916
9810047	0.218909
112061	0.218898
9612069	0.218895
9505177	0.218895
9407173	0.218887
304141	0.218887
9808067	0.218884
9503023	0.218877
9310033	0.218866
106097	0.218855
9912183	0.218833
9704179	0.218830
9906089	0.218826
9810043	0.218826
9312153	0.218812
9602055	0.218794
9909131	0.218790
9501019	0.218776
103143	0.218776
9503013	0.218761
9406093	0.218754
9608157	0.218733
9212083	0.218711
103255	0.218707
9510133	0.218697
9904127	0.218686
9702063	0.218675
9806203	0.218668
9501049	0.218657
9206049	0.218625
9603139	0.218614
9812247	0.218603
9411143	0.218589
9406193	0.218574
9609237	0.218574
9902177	0.218556
9511191	0.218553
9812145	0.218542
9702035	0.218528
9812063	0.218524
301081	0.218520
304159	0.218502
9129	0.218499
9610147	0.218499
9702091	0.218499
9612063	0.218492
3013	0.218492
9910231	0.218488
9406089	0.218474
9407151	0.218452
9409001	0.218452
104203	0.218388
9510187	0.218388
9506177	0.218373
9410067	0.218355
10253	0.218348
9304003	0.218337
9808023	0.218330
9407177	0.218330
9702049	0.218323
12237	0.218319
9711155	0.218284
9311139	0.218273
107093	0.218269
9239	0.218262
204125	0.218262
212305	0.218259
9802127	0.218226
9811077	0.218223
111061	0.218219
9805153	0.218208
103077	0.218205
5103	0.218194
9201019	0.218190
9602011	0.218173
3141	0.218169
104149	0.218169
205203	0.218158
7221	0.218140
4143	0.218130
206231	0.218122
9055	0.218119
9908095	0.218094
9606149	0.218080
9706049	0.218072
9903121	0.218069
9612149	0.218065
9805085	0.218044
9212103	0.218040
9115	0.218022
8165	0.218019
9411055	0.218015
9401027	0.218015
201259	0.218015
9412065	0.218012
9602009	0.218001
9504111	0.218001
9508033	0.217997
302139	0.217976
107203	0.217972
9212071	0.217951
9406181	0.217922
201015	0.217919
9812199	0.217912
208075	0.217908
9410223	0.217897
208157	0.217897
210247	0.217897
204149	0.217894
302167	0.217829
204239	0.217815
212101	0.217801
9606179	0.217762
101005	0.217751
9404099	0.217751
9304115	0.217747
9504001	0.217726
9206033	0.217708
9509089	0.217708
9711151	0.217683
9608131	0.217669
9604159	0.217665
111087	0.217651
9908183	0.217648
212071	0.217640
9504031	0.217630
304219	0.217626
9709019	0.217608
9308121	0.217598
9904167	0.217598
9310053	0.217566
9508047	0.217562
9312209	0.217544
9908031	0.217544
206187	0.217537
9308149	0.217526
9809049	0.217498
3039	0.217487
204199	0.217484
201229	0.217477
9909055	0.217470
9509127	0.217466
9910147	0.217459
208109	0.217459
208167	0.217459
9609179	0.217459
9910133	0.217455
9606117	0.217441
303143	0.217409
304207	0.217409
9902111	0.217391
9802167	0.217381
9065	0.217352
12255	0.217342
9608181	0.217342
105015	0.217334
9902035	0.217327
9210005	0.217327
205175	0.217320
106233	0.217306
9808109	0.217295
9704113	0.217295
10085	0.217267
9303065	0.217260
9607117	0.217256
9802039	0.217235
3125	0.217224
9709203	0.217217
203081	0.217214
9403151	0.217207
9305105	0.217203
9312145	0.217185
9411011	0.217182
9801169	0.217178
9402007	0.217164
9711049	0.217160
3239	0.217160
9404061	0.217153
9712015	0.217146
1007	0.217139
301017	0.217139
9812041	0.217136
107129	0.217111
9610019	0.217107
9305117	0.217093
9404059	0.217090
9125	0.217090
9812005	0.217075
202123	0.217065
9402033	0.217061
10147	0.217047
9406031	0.217036
106131	0.217033
9412077	0.217015
9209005	0.217005
9901005	0.217005
9311181	0.216994
9509133	0.216990
5125	0.216983
211013	0.216962
9506085	0.216934
9407195	0.216930
9806101	0.216927
102093	0.216909
201179	0.216905
9507127	0.216905
5107	0.216898
9410241	0.216895
205057	0.216891
302141	0.216884
9702117	0.216877
9911177	0.216863
9706033	0.216852
9812191	0.216849
109123	0.216842
205267	0.216842
108109	0.216835
9809089	0.216799
110241	0.216782
203175	0.216775
201201	0.216767
9502125	0.216750
9608055	0.216746
9209045	0.216743
209037	0.216736
9707245	0.216725
9611053	0.216679
9412075	0.216676
9501037	0.216672
9511075	0.216633
9812241	0.216623
9507001	0.216619
9206097	0.216594
9502011	0.216594
201181	0.216591
9807125	0.216584
108129	0.216570
9606107	0.216570
9306033	0.216566
9907185	0.216563
9811041	0.216552
9604007	0.216527
9406045	0.216496
9505167	0.216489
103025	0.216482
9405081	0.216464
9211027	0.216453
304151	0.216432
9507137	0.216429
111287	0.216422
205063	0.216397
9404065	0.216369
8161	0.216348
9311167	0.216341
9803177	0.216334
9412141	0.216298
9505021	0.216298
9912211	0.216295
9710241	0.216284
204223	0.216281
12015	0.216277
9405187	0.216270
9401005	0.216267
8111	0.216249
9045	0.216242
9410219	0.216239
9712129	0.216239
9205059	0.216235
9810117	0.216232
9603013	0.216225
9512195	0.216218
9408137	0.216196
110101	0.216189
9808129	0.216179
9510121	0.216179
103197	0.216179
211169	0.216179
9206037	0.216175
302001	0.216168
9612237	0.216165
101221	0.216165
9502111	0.216161
205107	0.216161
108237	0.216154
107029	0.216147
304089	0.216147
304149	0.216137
208129	0.216123
104047	0.216116
9310045	0.216112
9908059	0.216042
8197	0.216028
205217	0.216028
9610243	0.215979
9601041	0.215968
9811249	0.215968
9509001	0.215958
211161	0.215954
9406015	0.215951
301251	0.215891
9912281	0.215880
9802191	0.215873
9503125	0.215863
9409137	0.215859
101151	0.215856
101035	0.215842
102015	0.215842
105299	0.215828
9905035	0.215803
9811221	0.215789
9801199	0.215768
9806135	0.215768
205205	0.215765
9305133	0.215747
2173	0.215740
9912291	0.215719
209131	0.215705
9707029	0.215695
9501083	0.215691
9909037	0.215684
9501013	0.215681
9512183	0.215681
9908097	0.215681
3243	0.215663
9510223	0.215649
9506007	0.215649
9210085	0.215642
211227	0.215635
9401161	0.215625
9510167	0.215614
9511101	0.215597
9811075	0.215593
9506089	0.215576
107137	0.215572
9209101	0.215569
206135	0.215569
9401095	0.215565
9201025	0.215527
9905079	0.215513
9801151	0.215503
9802027	0.215503
9908033	0.215503
208151	0.215478
12149	0.215464
108149	0.215454
9808063	0.215447
105031	0.215426
9310181	0.215422
9606013	0.215422
9806153	0.215401
9605119	0.215398
9411177	0.215394
9805201	0.215391
9204095	0.215370
4089	0.215366
9308151	0.215335
9510215	0.215328
9210047	0.215300
211053	0.215297
6001	0.215293
110287	0.215286
108193	0.215283
9704171	0.215269
9207101	0.215251
9705009	0.215206
9605127	0.215196
9803221	0.215147
303251	0.215147
9703095	0.215140
105239	0.215133
9910195	0.215129
9312095	0.215116
9606147	0.215116
9908149	0.215105
9303115	0.215098
303165	0.215091
9502155	0.215084
104261	0.215077
9503227	0.215070
9607017	0.215070
209025	0.215063
211233	0.215018
9410085	0.215015
9812229	0.215011
9411039	0.215008
5109	0.215004
212335	0.214987
9512225	0.214983
9509043	0.214976
9204103	0.214959
9704211	0.214949
9312143	0.214945
9801193	0.214942
203121	0.214938
9408029	0.214931
9409179	0.214924
211277	0.214914
9204085	0.214903
206125	0.214883
10261	0.214872
210181	0.214872
106277	0.214869
9210117	0.214858
103213	0.214855
9811029	0.214844
2139	0.214834
7113	0.214834
206179	0.214834
206159	0.214827
9902141	0.214817
9408053	0.214803
9502049	0.214771
4135	0.214771
9403183	0.214765
9704175	0.214758
9510011	0.214754
9309115	0.214737
9510157	0.214726
2213	0.214719
208173	0.214716
9802141	0.214709
212247	0.214709
9407115	0.214702
9911155	0.214692
9209113	0.214674
103225	0.214671
9602155	0.214647
9407185	0.214636
9611171	0.214588
9905215	0.214577
9608071	0.214570
9510005	0.214570
5161	0.214553
304039	0.214553
9407175	0.214550
9711187	0.214546
209129	0.214546
9310037	0.214512
207007	0.214512
10135	0.214505
111153	0.214505
102089	0.214484
9905199	0.214484
9302123	0.214474
9907057	0.214470
9506087	0.214470
206205	0.214470
212155	0.214435
205027	0.214418
9405057	0.214415
9308091	0.214391
9610029	0.214380
212137	0.214380
9705233	0.214353
105067	0.214297
9406103	0.214294
109015	0.214290
209039	0.214290
109201	0.214283
9204069	0.214259
9610055	0.214249
210095	0.214242
9409183	0.214235
9404193	0.214218
9143	0.214201
6171	0.214194
9507167	0.214180
9407033	0.214149
7227	0.214121
9602085	0.214094
9811063	0.214080
9611019	0.214056
105153	0.214032
9304013	0.214014
211039	0.214011
9306037	0.214001
9701017	0.213997
9905127	0.213990
111101	0.213980
9710103	0.213952
204233	0.213952
9607155	0.213928
207225	0.213928
9208023	0.213925
9703085	0.213911
9911029	0.213908
203065	0.213897
9906227	0.213890
9609191	0.213866
9310083	0.213856
9412195	0.213846
301177	0.213842
9201033	0.213808
9909029	0.213808
9808151	0.213798
303003	0.213798
9207009	0.213780
2227	0.213763
9604113	0.213756
9503055	0.213746
10265	0.213743
9707055	0.213729
208113	0.213722
2167	0.213718
9202003	0.213705
204229	0.213701
201137	0.213691
9709111	0.213684
9801003	0.213684
108155	0.213667
9712181	0.213650
11049	0.213636
9605079	0.213629
9404109	0.213619
9901051	0.213615
9206063	0.213612
6017	0.213591
212077	0.213588
9912163	0.213567
9712245	0.213567
9610241	0.213564
9509027	0.213561
9208045	0.213557
9511147	0.213550
9409061	0.213516
2177	0.213513
9507125	0.213509
9304025	0.213471
9907149	0.213458
9905141	0.213454
9311069	0.213444
9212113	0.213441
9803175	0.213437
103141	0.213430
9512011	0.213417
9511109	0.213410
202051	0.213403
206145	0.213403
9610209	0.213399
9406165	0.213399
108117	0.213386
302015	0.213375
9711111	0.213372
304121	0.213372
9510111	0.213369
9310093	0.213369
5189	0.213365
9601139	0.213365
9607243	0.213352
3133	0.213280
9411179	0.213273
9607085	0.213266
9603029	0.213263
9512179	0.213259
9204045	0.213252
9311027	0.213249
9410143	0.213249
9509075	0.213239
9508093	0.213235
9610193	0.213232
209107	0.213221
9609141	0.213215
9406053	0.213215
9503155	0.213204
9904157	0.213198
209035	0.213194
9706133	0.213180
12013	0.213174
9509119	0.213153
9309033	0.213150
9904099	0.213136
9512189	0.213133
1175	0.213109
9307189	0.213109
9809209	0.213088
9304141	0.213071
9706169	0.213057
9209115	0.213047
105275	0.213027
9406121	0.212999
11263	0.212993
207243	0.212979
9410047	0.212972
9703107	0.212965
9605111	0.212962
9710135	0.212952
9703035	0.212918
9308039	0.212918
9310007	0.212918
9402135	0.212918
9612209	0.212918
9304005	0.212914
9712081	0.212914
201057	0.212911
202149	0.212887
9701131	0.212880
9302057	0.212877
9606097	0.212873
303155	0.212866
8185	0.212839
9505091	0.212836
9201041	0.212826
107059	0.212812
9805163	0.212809
201073	0.212802
9511093	0.212788
9810017	0.212788
9405143	0.212781
111045	0.212781
9710197	0.212768
9207109	0.212764
9705075	0.212757
302053	0.212757
301167	0.212740
304083	0.212740
9602063	0.212727
9409169	0.212720
109087	0.212717
7119	0.212710
9407147	0.212703
302043	0.212676
9910101	0.212655
9604025	0.212652
9202069	0.212645
9309013	0.212635
9504131	0.212635
206047	0.212635
9703207	0.212635
9206095	0.212632
9506001	0.212604
9809011	0.212594
9207061	0.212581
9803101	0.212574
9905135	0.212570
9508131	0.212567
9612243	0.212543
9703129	0.212509
9309035	0.212496
212287	0.212496
9204011	0.212472
9307059	0.212472
210251	0.212468
110013	0.212462
9501081	0.212455
204105	0.212448
9506033	0.212438
3297	0.212428
9305007	0.212421
211157	0.212421
9912089	0.212407
9303123	0.212387
9807001	0.212370
9712119	0.212363
9410231	0.212350
9611025	0.212350
209237	0.212329
9609203	0.212323
9612247	0.212323
9302077	0.212312
8025	0.212309
9306119	0.212302
9906225	0.212292
12055	0.212292
9206067	0.212282
5261	0.212268
9906019	0.212265
9210009	0.212255
9605183	0.212248
304117	0.212241
203143	0.212238
9912005	0.212234
9509007	0.212217
204245	0.212211
9508075	0.212194
9409189	0.212180
9407011	0.212173
9410045	0.212163
207191	0.212163
9307069	0.212160
9309063	0.212160
9703015	0.212160
6207	0.212157
204053	0.212140
9410179	0.212129
9810107	0.212113
205257	0.212109
101171	0.212106
9910177	0.212085
212311	0.212082
9302119	0.212079
7135	0.212069
9508003	0.212062
9303029	0.212062
9604165	0.212058
111011	0.212038
9507087	0.212014
9505151	0.212008
9410023	0.212004
9207017	0.211981
9611145	0.211974
9609193	0.211974
9810139	0.211967
112051	0.211964
210287	0.211957
9310019	0.211933
9601087	0.211930
9412165	0.211923
9906143	0.211910
9505103	0.211893
105169	0.211866
5071	0.211839
109043	0.211839
9809041	0.211839
9207051	0.211832
9307093	0.211825
110137	0.211825
211149	0.211825
9612005	0.211822
201125	0.211795
207141	0.211792
9707097	0.211761
9710237	0.211741
9511219	0.211731
9407187	0.211721
9912109	0.211717
9306027	0.211711
105233	0.211700
9403177	0.211697
9406081	0.211684
9208057	0.211677
9710015	0.211673
102189	0.211670
9405121	0.211650
11287	0.211647
109085	0.211640
205261	0.211633
9099	0.211630
9203023	0.211613
9606025	0.211599
9903223	0.211593
9702021	0.211583
9708081	0.211583
9609003	0.211576
2045	0.211559
9109	0.211559
9703025	0.211559
206035	0.211552
201149	0.211535
9603149	0.211529
9609231	0.211525
101153	0.211508
9709031	0.211498
9809171	0.211488
9705149	0.211485
302183	0.211478
9161	0.211471
9303063	0.211461
9504101	0.211458
9504093	0.211451
9133	0.211445
210123	0.211428
9410123	0.211401
9312187	0.211397
9610009	0.211397
9309101	0.211381
201165	0.211377
2003	0.211374
9708131	0.211374
9411213	0.211374
9808057	0.211361
9512065	0.211347
9809149	0.211334
9403019	0.211330
111203	0.211330
201177	0.211324
12043	0.211317
204213	0.211310
9511133	0.211287
9195	0.211260
103257	0.211253
211079	0.211233
9912269	0.211233
303267	0.211233
9502115	0.211230
9808007	0.211226
9503021	0.211216
207189	0.211189
9703183	0.211183
211071	0.211162
9311143	0.211156
9904213	0.211156
9411217	0.211156
9510033	0.211152
9807159	0.211146
106215	0.211142
304245	0.211116
9707159	0.211112
9304001	0.211112
204175	0.211099
9311067	0.211095
110027	0.211062
9907139	0.211059
9403017	0.211038
109077	0.211028
210043	0.211028
9602017	0.211005
5233	0.211005
101185	0.211002
112261	0.210955
9411155	0.210935
9802105	0.210928
9310155	0.210915
9304125	0.210908
9808043	0.210891
9205095	0.210878
9609163	0.210858
12031	0.210834
201235	0.210834
110017	0.210818
9508029	0.210798
9405123	0.210798
9305023	0.210791
9611009	0.210791
9707129	0.210788
9309151	0.210784
9609037	0.210784
9701065	0.210781
103207	0.210767
9602007	0.210764
9612219	0.210761
110065	0.210761
9309065	0.210747
110063	0.210731
6057	0.210724
9505111	0.210724
9803207	0.210717
209213	0.210714
9602089	0.210704
9403147	0.210694
9601055	0.210694
9712051	0.210674
9809053	0.210674
9077	0.210664
210215	0.210664
10107	0.210657
112095	0.210654
9812153	0.210651
9405007	0.210624
9811015	0.210601
9607123	0.210594
9207045	0.210584
9202065	0.210574
9612019	0.210560
9705219	0.210550
9801201	0.210547
9611101	0.210544
108029	0.210524
9807157	0.210510
9502047	0.210474
204219	0.210464
5075	0.210460
106279	0.210454
9602109	0.210447
9603137	0.210417
201219	0.210414
9605005	0.210414
103029	0.210374
9309069	0.210371
9310023	0.210371
9909189	0.210361
9407061	0.210351
9705145	0.210334
9702009	0.210317
9406197	0.210314
11273	0.210304
207041	0.210301
9305165	0.210277
9610099	0.210264
9406127	0.210261
9805199	0.210238
9604131	0.210238
9409039	0.210234
9409077	0.210221
9512141	0.210214
9712157	0.210208
9911079	0.210204
5037	0.210201
9806219	0.210188
103037	0.210171
207279	0.210171
9804153	0.210168
9604109	0.210164
9502143	0.210158
9502021	0.210154
207181	0.210138
112025	0.210135
9812151	0.210128
9701033	0.210121
9204093	0.210108
9710071	0.210108
9307073	0.210108
9703161	0.210108
9809183	0.210101
9309055	0.210098
9804025	0.210088
9808003	0.210088
103227	0.210085
9309045	0.210081
9510149	0.210061
9310071	0.210055
103151	0.210052
9404093	0.210048
9507173	0.210012
9401053	0.210012
9603065	0.210008
105163	0.210008
9409063	0.210008
9609165	0.210008
202001	0.210005
9608027	0.210002
9905185	0.209995
9608075	0.209995
9407163	0.209985
9211135	0.209979
9807215	0.209972
9803201	0.209965
3195	0.209959
101037	0.209955
9707235	0.209952
9502093	0.209952
9811233	0.209942
9201049	0.209942
11237	0.209939
101165	0.209932
104191	0.209912
112091	0.209912
2033	0.209906
111039	0.209906
106225	0.209902
9911089	0.209882
211095	0.209882
302147	0.209882
9905223	0.209879
9202013	0.209876
4105	0.209876
9701041	0.209872
212259	0.209866
210065	0.209859
9603017	0.209859
1163	0.209853
9223	0.209846
9909135	0.209839
3003	0.209836
203205	0.209833
1081	0.209826
10039	0.209823
9611087	0.209823
9603177	0.209810
106197	0.209810
7207	0.209806
9804133	0.209790
105029	0.209786
10199	0.209783
102067	0.209773
9709021	0.209770
9412051	0.209763
9509169	0.209743
9404067	0.209733
9211139	0.209733
304005	0.209730
9503047	0.209720
9803159	0.209710
9809079	0.209710
9902017	0.209694
9706015	0.209684
9609007	0.209680
9507041	0.209661
302033	0.209651
9908123	0.209647
111265	0.209647
9907025	0.209634
9409121	0.209621
9505119	0.209618
9906071	0.209618
9701051	0.209611
9303013	0.209608
111267	0.209608
208169	0.209608
9810105	0.209595
111211	0.209591
9406041	0.209581
9703119	0.209578
9305179	0.209568
108197	0.209568
9812181	0.209555
9511149	0.209548
9407055	0.209542
9310111	0.209542
9401099	0.209535
112215	0.209528
9403117	0.209519
9401159	0.209512
9712247	0.209479
9303049	0.209476
9701161	0.209472
107053	0.209459
202145	0.209439
11083	0.209426
9609215	0.209393
9610137	0.209390
9308097	0.209357
9502109	0.209347
9408091	0.209337
301079	0.209324
105109	0.209284
9512039	0.209284
9503203	0.209281
9602141	0.209281
208067	0.209278
9708159	0.209275
9509015	0.209271
206209	0.209258
9511229	0.209242
9803241	0.209242
9503097	0.209235
9706129	0.209228
9908037	0.209222
9406003	0.209215
207263	0.209205
9706179	0.209192
9308011	0.209192
9605019	0.209189
301241	0.209189
9607013	0.209182
9905017	0.209182
9702121	0.209166
9205	0.209163
12083	0.209133
205065	0.209133
9505095	0.209087
9405103	0.209077
9402045	0.209057
9912009	0.209057
9412229	0.209054
301143	0.209054
210067	0.209047
204063	0.209034
212229	0.209024
9205025	0.209011
9205033	0.209011
9206053	0.209008
9911061	0.209008
9604181	0.209001
9408119	0.208995
11249	0.208975
6245	0.208962
9503065	0.208962
9211109	0.208952
9307079	0.208939
1195	0.208923
9312159	0.208919
9806241	0.208919
3217	0.208906
9211007	0.208903
206217	0.208870
9908073	0.208844
9510059	0.208831
106199	0.208831
9607099	0.208818
1091	0.208814
9503019	0.208814
201261	0.208798
9401075	0.208768
9705085	0.208726
9412073	0.208716
9602047	0.208713
9212057	0.208706
212271	0.208660
10285	0.208634
211183	0.208631
202019	0.208605
9405183	0.208598
9611219	0.208598
9412241	0.208585
10283	0.208582
9505009	0.208572
8137	0.208569
9605045	0.208569
9605031	0.208565
9711041	0.208542
9710203	0.208523
9605191	0.208516
9306163	0.208507
110153	0.208477
9306039	0.208467
111141	0.208457
9610225	0.208448
7013	0.208441
9610165	0.208438
9410197	0.208415
9303001	0.208412
9203069	0.208392
103075	0.208386
9604155	0.208386
9701091	0.208379
304269	0.208379
9501015	0.208376
9603057	0.208373
9208025	0.208359
9608097	0.208340
302117	0.208320
12191	0.208294
9408033	0.208288
9805089	0.208275
106163	0.208271
9607111	0.208258
9405093	0.208252
9302051	0.208226
105143	0.208226
10289	0.208209
303205	0.208209
8049	0.208206
209061	0.208203
9402149	0.208203
9212129	0.208200
9901061	0.208200
9510239	0.208200
9406203	0.208193
1003	0.208180
9711103	0.208170
9901039	0.208164
212105	0.208141
104115	0.208121
9307169	0.208108
11043	0.208108
9506079	0.208095
106037	0.208037
9803247	0.208007
9707033	0.208001
204087	0.208001
9603001	0.208001
9503217	0.207998
9804203	0.207998
301039	0.207988
9903251	0.207985
9602083	0.207978
304215	0.207975
9712097	0.207975
9606015	0.207968
9312049	0.207968
301129	0.207968
9406213	0.207962
9202053	0.207952
9602113	0.207939
104055	0.207936
107041	0.207900
9406117	0.207868
108079	0.207829
9306009	0.207809
112049	0.207803
9311079	0.207796
9711171	0.207790
9411015	0.207754
205091	0.207738
9805023	0.207712
9211083	0.207686
9410065	0.207676
7073	0.207676
105021	0.207673
9809205	0.207673
9404159	0.207660
9808179	0.207657
9411133	0.207653
303021	0.207631
9803017	0.207614
9706105	0.207598
9609205	0.207559
9606161	0.207553
9301119	0.207530
9407015	0.207511
9601075	0.207504
207169	0.207459
9708163	0.207452
9705243	0.207449
1119	0.207430
9612125	0.207423
9404185	0.207414
10073	0.207414
9511175	0.207401
9709141	0.207397
9202087	0.207394
9206021	0.207391
208069	0.207388
9506111	0.207375
9508061	0.207362
9308155	0.207339
9701013	0.207336
9407081	0.207329
9710067	0.207313
9810161	0.207294
9903035	0.207265
9409117	0.207262
8063	0.207262
9303129	0.207249
9608021	0.207245
9403069	0.207229
9612109	0.207216
4145	0.207200
207185	0.207194
11103	0.207190
208005	0.207190
204241	0.207187
9512041	0.207174
110079	0.207161
9709105	0.207152
12085	0.207149
9712219	0.207129
9302129	0.207116
10055	0.207100
8171	0.207087
9207067	0.207065
9904055	0.207042
9301049	0.207003
9812245	0.206994
4091	0.206987
110211	0.206978
9908151	0.206974
111261	0.206971
208143	0.206965
9509025	0.206962
9605207	0.206958
206181	0.206945
9904199	0.206942
9812197	0.206942
9207027	0.206936
9502083	0.206933
9406061	0.206929
9610083	0.206897
9305089	0.206891
9611083	0.206871
9908055	0.206871
210111	0.206868
9701003	0.206858
9204079	0.206833
108157	0.206833
111273	0.206826
211239	0.206823
5277	0.206807
9203019	0.206804
112161	0.206794
203053	0.206794
9210037	0.206788
9606141	0.206784
9902011	0.206768
106133	0.206752
105315	0.206736
9803243	0.206733
9306001	0.206727
105043	0.206723
207237	0.206701
111183	0.206691
9306057	0.206685
9403139	0.206682
9405017	0.206675
9504037	0.206662
9204017	0.206659
9608035	0.206653
9212145	0.206649
101183	0.206633
9603019	0.206611
3087	0.206560
210225	0.206556
201199	0.206550
9709035	0.206527
9504117	0.206527
106007	0.206524
9605213	0.206518
102175	0.206518
9203077	0.206502
2015	0.206502
104267	0.206495
111023	0.206495
202185	0.206495
9212147	0.206492
9311011	0.206492
212309	0.206492
302089	0.206492
9507149	0.206492
9709117	0.206492
9508167	0.206473
9308107	0.206463
9705001	0.206463
9901099	0.206457
9801171	0.206457
9701105	0.206444
6143	0.206441
9601131	0.206441
9306101	0.206422
9804063	0.206422
112201	0.206402
9803037	0.206383
9412145	0.206380
301209	0.206380
103135	0.206348
9207001	0.206338
9408003	0.206338
9410147	0.206326
110033	0.206326
9612003	0.206310
9408097	0.206294
9505077	0.206274
104129	0.206274
9810113	0.206252
9711091	0.206230
9701097	0.206217
12019	0.206175
301211	0.206166
9301099	0.206156
110255	0.206153
9605029	0.206150
304113	0.206143
110295	0.206118
9901035	0.206114
9806181	0.206095
9909023	0.206086
8017	0.206082
106223	0.206079
9809163	0.206073
9908051	0.206057
101217	0.206044
105161	0.206044
109207	0.206044
9505159	0.206031
101051	0.206031
9908161	0.206006
9506155	0.206006
9905083	0.205999
9611115	0.205964
5237	0.205945
9502031	0.205942
204039	0.205907
9306097	0.205891
9602107	0.205872
9402001	0.205862
9903013	0.205850
9903175	0.205850
9503077	0.205783
9411107	0.205767
9707239	0.205764
9908119	0.205757
3021	0.205754
301075	0.205744
3181	0.205719
109215	0.205719
202121	0.205697
9207015	0.205694
9307159	0.205687
9407129	0.205678
104231	0.205678
205191	0.205678
9910153	0.205674
210189	0.205636
3275	0.205630
9912203	0.205627
9606079	0.205620
9307143	0.205617
9803005	0.205611
111033	0.205611
9411077	0.205604
9408149	0.205598
204121	0.205579
6167	0.205573
2201	0.205569
105197	0.205566
9909221	0.205525
9505005	0.205512
9810127	0.205503
108151	0.205481
212027	0.205481
201147	0.205474
210207	0.205465
9812213	0.205458
9807153	0.205439
9810059	0.205439
112089	0.205420
201071	0.205411
203123	0.205392
9501045	0.205385
9206081	0.205357
9502055	0.205347
5017	0.205338
9912229	0.205335
9807227	0.205322
9708067	0.205287
9509061	0.205287
9704141	0.205287
9509157	0.205277
10227	0.205220
9211095	0.205217
9305003	0.205186
9404171	0.205179
9404041	0.205151
9305021	0.205148
10019	0.205135
9405151	0.205116
9309093	0.205113
9610063	0.205113
210159	0.205100
9306139	0.205094
9403073	0.205084
9307157	0.205075
9205077	0.205062
9704159	0.205046
9901031	0.205034
104189	0.205024
9211107	0.204993
9605153	0.204986
103019	0.204980
204159	0.204964
9311157	0.204942
10229	0.204914
9809189	0.204907
12173	0.204895
9404077	0.204888
203055	0.204873
9803045	0.204854
9807099	0.204819
9601173	0.204819
9610035	0.204809
9408079	0.204797
9811109	0.204781
4053	0.204772
212205	0.204762
9503193	0.204743
201103	0.204734
9803161	0.204721
9306047	0.204709
9407193	0.204683
9511049	0.204674
110231	0.204642
201013	0.204642
9607101	0.204639
5027	0.204630
9509055	0.204623
9210163	0.204598
9912247	0.204595
9903141	0.204589
9412169	0.204586
204251	0.204576
9307065	0.204542
9701099	0.204529
9608057	0.204516
9901127	0.204516
9207055	0.204513
9905025	0.204498
9403157	0.204488
9202039	0.204479
9206071	0.204463
9811205	0.204460
102179	0.204454
9403081	0.204447
9707037	0.204444
9503141	0.204428
9202005	0.204406
9703143	0.204403
9501105	0.204394
302055	0.204384
9311083	0.204375
302123	0.204369
5023	0.204362
9403097	0.204337
304027	0.204325
9205061	0.204315
9406145	0.204312
9704065	0.204293
12197	0.204290
8071	0.204284
3135	0.204265
101059	0.204259
9610011	0.204227
9402095	0.204212
2219	0.204199
9803099	0.204180
112097	0.204171
9810019	0.204158
9303011	0.204155
9509099	0.204133
9808045	0.204124
9706191	0.204115
9310115	0.204108
9911111	0.204080
9610177	0.204077
9511117	0.204077
9602079	0.204077
201251	0.204064
6197	0.204033
9904171	0.204030
9804013	0.204027
9501143	0.204024
207113	0.204017
101111	0.204005
9401039	0.203996
211265	0.203996
12115	0.203992
10043	0.203986
9411221	0.203967
10219	0.203958
9405047	0.203952
5281	0.203920
211167	0.203855
9701005	0.203845
9207039	0.203839
304101	0.203833
9202017	0.203820
102167	0.203811
9912267	0.203795
9210013	0.203795
108185	0.203770
9812251	0.203742
9402099	0.203717
9712183	0.203708
9410101	0.203708
9604157	0.203689
3043	0.203680
9206085	0.203677
9212061	0.203674
9907205	0.203671
302097	0.203671
9511119	0.203664
9911077	0.203661
105131	0.203636
9701081	0.203630
11007	0.203630
9809037	0.203621
9407097	0.203593
9511217	0.203583
208025	0.203574
9607167	0.203571
9204065	0.203483
9912285	0.203477
204141	0.203387
212341	0.203381
107015	0.203365
9404011	0.203362
9610187	0.203353
9703065	0.203353
9312077	0.203350
9701073	0.203350
9604073	0.203331
6081	0.203328
9602029	0.203306
9405067	0.203278
9307027	0.203238
9306063	0.203210
9229	0.203197
9911241	0.203197
210077	0.203185
108051	0.203182
211007	0.203179
9606065	0.203154
304103	0.203145
9611117	0.203135
9506115	0.203079
9911051	0.203073
5033	0.203073
9511129	0.203061
9408063	0.203055
9909019	0.203039
9703017	0.203033
9703213	0.203030
9709077	0.203024
9412213	0.203020
9906219	0.203020
9806247	0.203014
9205065	0.202980
9709143	0.202974
9508179	0.202971
9501063	0.202962
205013	0.202952
101023	0.202946
6131	0.202943
102153	0.202943
9306141	0.202937
9501061	0.202924
9410035	0.202906
205113	0.202887
304099	0.202872
9805009	0.202869
9808027	0.202863
9305045	0.202853
9805215	0.202844
106111	0.202835
9701103	0.202832
9157	0.202828
9702095	0.202807
110223	0.202807
9309085	0.202801
9604047	0.202798
301181	0.202782
9511083	0.202782
104249	0.202779
102053	0.202767
9306089	0.202757
9512083	0.202736
9206111	0.202736
9809017	0.202723
9501043	0.202720
9607065	0.202720
9605185	0.202702
109071	0.202699
9801133	0.202686
9801099	0.202683
9210033	0.202674
9703043	0.202662
203087	0.202658
9710171	0.202649
101025	0.202628
206083	0.202615
207251	0.202600
9402027	0.202597
9408171	0.202594
9412109	0.202587
9603101	0.202541
301215	0.202538
9910033	0.202535
9412221	0.202535
9504043	0.202532
10287	0.202529
9211113	0.202526
9210079	0.202507
106101	0.202495
10123	0.202473
303043	0.202470
9807169	0.202452
11123	0.202452
9902103	0.202442
103175	0.202430
9707053	0.202427
9510141	0.202421
5229	0.202378
9609133	0.202375
9712087	0.202359
303101	0.202359
109189	0.202356
9407113	0.202344
9505113	0.202344
9909223	0.202344
205111	0.202328
302213	0.202301
9404033	0.202288
105177	0.202288
9511143	0.202279
9501011	0.202264
105313	0.202230
9911235	0.202224
9412187	0.202208
9602163	0.202205
9903047	0.202202
9901141	0.202199
8219	0.202196
9401093	0.202190
203005	0.202181
9507129	0.202175
9309083	0.202168
9410091	0.202150
103055	0.202125
9810199	0.202122
9406027	0.202107
2221	0.202101
212237	0.202079
9204019	0.202076
9301017	0.202064
105215	0.202052
9411091	0.202027
9206075	0.202018
9307115	0.202012
9803199	0.201984
9401007	0.201975
206119	0.201975
9507053	0.201972
9510025	0.201969
9810057	0.201957
212327	0.201944
9703165	0.201941
9311141	0.201920
304067	0.201907
9509087	0.201901
9707145	0.201901
209015	0.201877
9612049	0.201874
9706213	0.201849
9604167	0.201822
9508081	0.201822
111223	0.201803
9904215	0.201803
107201	0.201797
9801143	0.201788
9307025	0.201785
9307063	0.201785
9502087	0.201773
9409199	0.201773
9701027	0.201742
9211013	0.201730
9505069	0.201727
108211	0.201693
203127	0.201684
204077	0.201662
9708087	0.201647
9912217	0.201644
108107	0.201632
7105	0.201626
8045	0.201626
9912093	0.201623
9810143	0.201620
9711159	0.201604
9807017	0.201598
9610039	0.201598
9212007	0.201574
209063	0.201568
9401163	0.201562
210267	0.201562
9307185	0.201552
9501029	0.201528
9604067	0.201522
1137	0.201510
9211081	0.201507
9802079	0.201497
9709207	0.201491
9601105	0.201479
9307163	0.201470
9911189	0.201449
9411121	0.201433
302157	0.201427
108059	0.201421
9707069	0.201421
9906121	0.201409
9506215	0.201406
9209075	0.201388
301121	0.201372
9408025	0.201369
111019	0.201314
9412055	0.201281
9612245	0.201244
102013	0.201241
9303105	0.201232
9910131	0.201220
9512211	0.201217
9912179	0.201211
103173	0.201186
210293	0.201180
9809005	0.201156
5063	0.201138
7077	0.201135
9312215	0.201126
210155	0.201126
9207019	0.201110
9501121	0.201107
9702141	0.201077
9510113	0.201077
9607097	0.201077
9506149	0.201074
9812023	0.201065
9211053	0.201013
9411009	0.201001
9703151	0.200998
9306091	0.200977
9707257	0.200967
10155	0.200952
9804161	0.200910
302065	0.200907
202041	0.200895
9611013	0.200892
9509033	0.200888
9707083	0.200882
9402047	0.200873
9510159	0.200861
102195	0.200858
9512115	0.200855
110139	0.200855
9504023	0.200852
9812065	0.200834
9809203	0.200834
9505143	0.200819
303137	0.200810
9809051	0.200807
9510201	0.200804
9609221	0.200800
9412139	0.200797
6005	0.200788
204035	0.200785
9912111	0.200779
105305	0.200770
208087	0.200770
2231	0.200740
9212017	0.200710
9406085	0.200710
9509005	0.200707
9904209	0.200700
304063	0.200691
210177	0.200673
9412095	0.200652
9306151	0.200643
105157	0.200625
107095	0.200622
9209107	0.200622
9807191	0.200619
9912195	0.200619
9403025	0.200613
9602133	0.200613
9412053	0.200610
9610087	0.200607
9505043	0.200604
9503191	0.200601
9306117	0.200576
9507089	0.200561
9503181	0.200552
9709213	0.200519
9601163	0.200513
7047	0.200489
9504133	0.200489
9707193	0.200486
9406171	0.200480
9203057	0.200473
9601123	0.200446
6161	0.200431
9702145	0.200428
9605121	0.200422
9303051	0.200419
9605171	0.200419
9401157	0.200404
9511207	0.200398
9402067	0.200398
9505121	0.200386
9402155	0.200383
105321	0.200377
9812211	0.200374
9406111	0.200374
9301021	0.200359
9511163	0.200353
9312105	0.200350
9208003	0.200350
3193	0.200335
9121	0.200335
9508031	0.200295
9312161	0.200274
5133	0.200271
103221	0.200268
9312179	0.200247
9302041	0.200229
9404019	0.200214
9405161	0.200193
303145	0.200190
205143	0.200184
9906115	0.200178
9309127	0.200154
9404037	0.200126
9201	0.200105
9607005	0.200084
9401145	0.200075
9903249	0.200075
9310117	0.200054
9507105	0.200045
9604115	0.200033
207033	0.200030
203275	0.200015
9805179	0.200012
9505083	0.199997
211177	0.199994
304095	0.199988
9605097	0.199985
9311109	0.199979
9709055	0.199943
9609125	0.199928
210141	0.199913
9505117	0.199901
9705103	0.199898
9249	0.199895
9510197	0.199871
9803253	0.199868
9206083	0.199859
9412027	0.199835
9302027	0.199823
109101	0.199823
9310043	0.199817
9709079	0.199814
9908185	0.199808
12123	0.199805
9511087	0.199787
9204089	0.199766
206027	0.199763
9807023	0.199754
9307195	0.199754
12227	0.199736
210301	0.199736
9608067	0.199718
9605129	0.199715
9808135	0.199697
9911141	0.199694
9508137	0.199670
9604197	0.199664
9601093	0.199664
9608049	0.199658
9406177	0.199655
9412143	0.199652
3247	0.199652
9912069	0.199643
9911143	0.199631
9508125	0.199604
9802013	0.199601
9801179	0.199580
9707229	0.199574
9412123	0.199571
9803025	0.199565
9401135	0.199556
9709147	0.199550
109219	0.199547
9410127	0.199535
9301079	0.199526
9707191	0.199526
9601129	0.199523
205173	0.199514
9307175	0.199481
9811225	0.199454
9307053	0.199439
9605035	0.199433
9812231	0.199433
5141	0.199430
9603205	0.199424
3165	0.199400
9812015	0.199397
111035	0.199394
9405039	0.199394
9310167	0.199379
9711045	0.199367
9207073	0.199364
9803043	0.199355
9807053	0.199349
9509065	0.199337
9209081	0.199328
9505057	0.199325
9904203	0.199319
9308127	0.199313
9505125	0.199310
9503063	0.199307
9604121	0.199304
9504109	0.199260
9410115	0.199251
211165	0.199233
9506031	0.199203
204015	0.199203
9310169	0.199200
101231	0.199194
9605231	0.199188
9807189	0.199188
9901125	0.199188
9410157	0.199179
9611071	0.199167
9611077	0.199155
9403027	0.199149
9509137	0.199131
210237	0.199101
202093	0.199098
202009	0.199060
9405129	0.199033
7121	0.199018
112149	0.199018
9605133	0.199012
9705043	0.199000
10051	0.198997
9606069	0.198988
9505157	0.198982
109041	0.198979
208215	0.198958
9506093	0.198944
9507093	0.198914
204011	0.198914
9606003	0.198899
9307107	0.198887
104245	0.198887
9510165	0.198887
301093	0.198884
9309137	0.198878
9210069	0.198863
9711057	0.198854
9605061	0.198842
9805043	0.198839
12245	0.198836
9605209	0.198801
9508175	0.198786
6079	0.198738
303099	0.198735
9901145	0.198724
9312139	0.198721
9604001	0.198709
6105	0.198691
9311133	0.198685
9508113	0.198682
302003	0.198682
9808053	0.198679
9606151	0.198676
9208081	0.198658
9704215	0.198658
9410141	0.198652
9306075	0.198649
4055	0.198640
9610235	0.198628
9906209	0.198620
12099	0.198608
9304009	0.198599
9307011	0.198593
9505093	0.198575
111095	0.198548
9606029	0.198545
9607225	0.198542
9508077	0.198534
102187	0.198528
9911075	0.198522
9210147	0.198519
9512073	0.198507
9506193	0.198483
109033	0.198483
9810111	0.198465
9410015	0.198424
9310029	0.198418
9703019	0.198415
9705021	0.198412
9301089	0.198412
104027	0.198406
9802015	0.198377
302209	0.198365
9302101	0.198353
9407103	0.198332
9210101	0.198326
9401109	0.198306
9201071	0.198303
9901163	0.198285
9810095	0.198282
9612235	0.198255
9301055	0.198249
205223	0.198229
9708051	0.198226
203263	0.198208
9503133	0.198193
9911107	0.198190
210199	0.198187
9405049	0.198170
9607009	0.198149
9206039	0.198143
9706053	0.198119
9703021	0.198108
105027	0.198105
9904059	0.198102
9410199	0.198090
9209073	0.198072
9307181	0.198054
9809199	0.198028
9407131	0.198022
109139	0.198004
208091	0.198004
9403171	0.197990
9407107	0.197990
9310073	0.197987
202207	0.197963
9907125	0.197960
106257	0.197948
9809143	0.197948
9509023	0.197925
9504105	0.197922
9903193	0.197907
9305123	0.197895
6169	0.197895
9210165	0.197895
9212139	0.197895
9302011	0.197895
9402109	0.197895
5079	0.197889
9602117	0.197883
9308043	0.197883
102163	0.197863
9903191	0.197854
9203067	0.197851
9603055	0.197842
9608089	0.197836
211223	0.197836
9502043	0.197836
9506061	0.197833
6241	0.197828
9611023	0.197822
110091	0.197801
211279	0.197795
9407133	0.197780
9908111	0.197772
9803011	0.197766
9405019	0.197736
9407069	0.197722
9801117	0.197713
6027	0.197710
302093	0.197707
9307015	0.197698
4181	0.197695
111253	0.197692
9302061	0.197672
9403039	0.197622
9706055	0.197622
9712099	0.197604
9506023	0.197592
9306109	0.197592
9806127	0.197589
9904065	0.197584
9607047	0.197554
9810253	0.197554
111159	0.197545
9904183	0.197516
9408127	0.197513
210033	0.197498
9501067	0.197495
9312101	0.197487
9209041	0.197478
211267	0.197475
9906159	0.197454
105119	0.197416
9711085	0.197413
107107	0.197413
9904067	0.197413
9312043	0.197402
9311085	0.197402
9308021	0.197399
107001	0.197343
9411007	0.197343
9806063	0.197331
9812217	0.197331
9810115	0.197314
9608003	0.197311
9805147	0.197305
304011	0.197299
9703203	0.197299
9506073	0.197287
104025	0.197282
9806047	0.197279
9711133	0.197261
112163	0.197255
9809211	0.197208
6237	0.197200
9603045	0.197200
9406195	0.197191
9909011	0.197179
9710175	0.197173
9411037	0.197165
9406049	0.197165
9408061	0.197165
111259	0.197153
5077	0.197150
9702053	0.197141
9405051	0.197138
9406071	0.197138
9311045	0.197135
109161	0.197127
9602177	0.197121
9904029	0.197115
9612163	0.197077
208007	0.197068
9305005	0.197065
9512119	0.197048
9209007	0.197045
9310085	0.197045
9310125	0.197042
9703109	0.197030
212321	0.197027
9309121	0.197016
9312205	0.197010
9803213	0.197010
9909155	0.196975
9807089	0.196957
9606145	0.196951
9306005	0.196943
106053	0.196943
9308019	0.196940
9302075	0.196931
9603011	0.196919
9811229	0.196919
301063	0.196878
9706149	0.196846
9405175	0.196840
9410233	0.196838
9410053	0.196817
9307183	0.196803
9307087	0.196800
104079	0.196747
9712173	0.196747
204171	0.196744
9310177	0.196739
9410201	0.196727
9603115	0.196727
9405015	0.196727
301153	0.196709
107207	0.196704
9806097	0.196701
9910165	0.196689
9804169	0.196683
9401071	0.196683
5041	0.196680
9312115	0.196657
9905187	0.196654
106173	0.196637
9206029	0.196552
9902019	0.196541
211119	0.196532
9312185	0.196523
9202075	0.196518
205081	0.196515
9409057	0.196506
9049	0.196497
9712175	0.196497
9306017	0.196494
9707183	0.196491
9406157	0.196488
9910139	0.196486
112023	0.196486
204139	0.196486
9911133	0.196486
9512079	0.196480
9802075	0.196459
9406109	0.196442
9307033	0.196442
9801105	0.196430
9608187	0.196428
9902207	0.196416
9902053	0.196416
110185	0.196410
9908179	0.196407
211145	0.196407
9302107	0.196401
9506053	0.196401
9512037	0.196401
9408071	0.196398
9304163	0.196398
9205107	0.196393
9209013	0.196390
9508017	0.196387
9707091	0.196384
9509159	0.196372
1117	0.196367
9210025	0.196352
9802117	0.196329
9702081	0.196320
9611033	0.196317
9709009	0.196317
9511165	0.196317
9406139	0.196314
205215	0.196297
211045	0.196297
203139	0.196288
9605219	0.196268
108063	0.196268
108105	0.196259
9310173	0.196254
9312079	0.196251
12069	0.196245
9312005	0.196236
9611113	0.196236
9511031	0.196236
9905027	0.196210
9609091	0.196207
9206069	0.196204
9309157	0.196204
9807081	0.196193
9402013	0.196172
9410095	0.196170
6039	0.196164
9805039	0.196141
109073	0.196117
203103	0.196117
211001	0.196112
207031	0.196097
9601135	0.196089
9904043	0.196068
9211085	0.196065
9805127	0.196060
9903017	0.196057
3001	0.196048
103049	0.196048
104257	0.196045
9406159	0.196045
9605063	0.196042
9301063	0.196022
9401115	0.196013
112121	0.196008
9402061	0.196005
207099	0.195993
9905103	0.195982
9803035	0.195961
304249	0.195947
211143	0.195944
9204063	0.195935
302007	0.195933
9511011	0.195927
9307137	0.195927
9502073	0.195927
203209	0.195921
9503113	0.195909
9912071	0.195909
112175	0.195898
9212005	0.195895
9307029	0.195895
104193	0.195886
9405001	0.195860
9512001	0.195857
9803057	0.195855
9805111	0.195829
9506041	0.195814
9803059	0.195814
210109	0.195814
9304093	0.195794
102107	0.195771
9704213	0.195768
9502161	0.195742
9509069	0.195742
9902127	0.195716
9401167	0.195699
103195	0.195693
9304039	0.195679
105081	0.195676
9412071	0.195673
9412133	0.195653
9511123	0.195647
209091	0.195638
9704149	0.195636
9509003	0.195630
9707173	0.195624
9805079	0.195621
9601111	0.195618
201001	0.195618
9912201	0.195610
9410027	0.195604
9205099	0.195595
111173	0.195572
9403077	0.195541
9805197	0.195538
9801101	0.195526
9602053	0.195503
207217	0.195492
9902039	0.195492
9412199	0.195486
9603175	0.195480
9211033	0.195480
9508135	0.195446
9307071	0.195420
9507163	0.195411
9806205	0.195391
301191	0.195385
9703111	0.195383
9308095	0.195383
9712227	0.195357
212049	0.195354
9603095	0.195345
9303149	0.195311
303263	0.195305
203207	0.195288
9309049	0.195285
12113	0.195276
101101	0.195273
11151	0.195268
304203	0.195268
9901023	0.195265
109009	0.195262
9307031	0.195248
2065	0.195245
4191	0.195245
9502017	0.195228
7187	0.195225
10033	0.195210
9609155	0.195205
9507023	0.195199
9605115	0.195190
9711071	0.195179
6065	0.195173
9811103	0.195173
9411203	0.195170
111175	0.195170
9711139	0.195147
9505107	0.195142
9509057	0.195122
9605175	0.195119
9212117	0.195107
9506183	0.195096
12215	0.195096
9411127	0.195093
9411013	0.195084
9702051	0.195082
9311111	0.195076
9706019	0.195070
10291	0.195047
9509121	0.195039
9803153	0.195036
9409139	0.195033
2207	0.195033
201157	0.194996
9912057	0.194993
9404123	0.194973
9901037	0.194970
9209043	0.194964
9411201	0.194921
9605013	0.194904
9506095	0.194881
9212011	0.194878
9302091	0.194850
9911227	0.194844
9312097	0.194836
9411069	0.194821
9502015	0.194810
9201009	0.194804
9303033	0.194804
9403009	0.194787
9509135	0.194784
5245	0.194779
9508015	0.194779
9409043	0.194776
9311089	0.194770
9703125	0.194770
9801177	0.194750
9309125	0.194736
110135	0.194733
11011	0.194730
9212153	0.194722
9611153	0.194719
9403115	0.194710
9401137	0.194702
12021	0.194690
9411101	0.194687
8195	0.194673
9803169	0.194667
9703045	0.194630
3159	0.194593
9912003	0.194579
3255	0.194548
9710109	0.194545
9707151	0.194545
9031	0.194542
9306035	0.194516
9604191	0.194511
207137	0.194499
9407117	0.194457
9312133	0.194448
9702089	0.194445
302091	0.194408
9604087	0.194374
109083	0.194363
9302065	0.194346
9810221	0.194337
9509163	0.194329
9412227	0.194315
9506103	0.194315
9604069	0.194295
9309011	0.194286
206199	0.194286
9612081	0.194280
103127	0.194263
9406099	0.194246
9911179	0.194241
9405125	0.194229
9305039	0.194221
9308125	0.194201
9403013	0.194201
9802101	0.194198
9411119	0.194158
9806013	0.194158
3143	0.194153
9806003	0.194144
9606059	0.194144
203067	0.194144
9604009	0.194141
9611187	0.194139
9405055	0.194136
9409081	0.194113
9604169	0.194096
104199	0.194071
9611121	0.194065
9705141	0.194048
9407063	0.194031
208117	0.194008
9606011	0.193994
9310075	0.193994
9702025	0.193983
9408101	0.193980
9412125	0.193974
9209111	0.193963
9510231	0.193955
208193	0.193943
304223	0.193943
9612009	0.193921
9510145	0.193921
9303015	0.193887
9502105	0.193884
9206003	0.193867
9013	0.193864
105065	0.193864
108019	0.193850
9203047	0.193827
9306111	0.193819
9405059	0.193816
3201	0.193810
9504021	0.193810
9810071	0.193799
106273	0.193791
9502071	0.193776
9805059	0.193771
102191	0.193762
9508007	0.193762
9601137	0.193757
9410155	0.193757
9411087	0.193745
9508103	0.193740
9708077	0.193717
9411075	0.193706
9204101	0.193700
109023	0.193683
9908027	0.193675
9601083	0.193672
106135	0.193666
9603143	0.193666
9710039	0.193661
9202035	0.193649
9601033	0.193647
9810125	0.193632
9508139	0.193627
9307023	0.193613
9602165	0.193607
107187	0.193582
9502041	0.193579
106123	0.193565
9310191	0.193551
9604093	0.193517
7033	0.193506
9812029	0.193492
9712169	0.193492
9709067	0.193478
9408019	0.193455
9406153	0.193449
9407093	0.193441
10009	0.193441
9211115	0.193432
9407089	0.193430
9610017	0.193421
5175	0.193407
9311115	0.193404
9245	0.193404
203261	0.193382
210129	0.193362
9208067	0.193306
9212095	0.193297
9907187	0.193295
9305129	0.193289
9406047	0.193289
9601153	0.193281
9411061	0.193267
9907171	0.193250
9504121	0.193250
9601025	0.193244
3073	0.193174
9811255	0.193146
9910085	0.193140
9706113	0.193132
9510171	0.193126
9910121	0.193101
9609139	0.193095
9405193	0.193079
9609077	0.193076
10057	0.193067
9302115	0.193064
9704055	0.193062
9907103	0.193059
9910215	0.193059
9212065	0.193050
9206045	0.193042
9610185	0.193036
9609185	0.193034
101015	0.193028
9806223	0.192992
4119	0.192983
202199	0.192983
301127	0.192964
9810007	0.192964
9403159	0.192958
9906139	0.192955
9707109	0.192952
9312203	0.192936
203105	0.192922
10013	0.192910
9609105	0.192905
11157	0.192905
102143	0.192905
9308147	0.192902
9205039	0.192894
9304149	0.192888
9806035	0.192888
9005	0.192882
9905193	0.192854
9703199	0.192849
9611221	0.192829
9605067	0.192824
9809101	0.192810
9905197	0.192801
9306103	0.192796
9301115	0.192737
108037	0.192729
209021	0.192723
9812001	0.192701
9501059	0.192698
9910235	0.192692
9403185	0.192678
9511069	0.192676
3009	0.192662
6111	0.192653
9508147	0.192653
9808105	0.192650
9801115	0.192634
9711047	0.192628
210085	0.192628
9805117	0.192589
9403135	0.192586
206139	0.192578
9210003	0.192575
9502147	0.192572
9503159	0.192572
9504029	0.192567
9803237	0.192542
9306029	0.192517
9507147	0.192517
9401117	0.192514
9405159	0.192500
9304071	0.192497
303029	0.192478
9404081	0.192469
9303131	0.192461
9405131	0.192461
9406129	0.192458
9401019	0.192458
9501141	0.192455
209005	0.192455
9405073	0.192455
9407145	0.192455
9410039	0.192455
9811071	0.192444
9605193	0.192433
110001	0.192427
9511073	0.192416
9411115	0.192411
9506069	0.192405
9212003	0.192358
12087	0.192358
9310123	0.192338
9303109	0.192338
207075	0.192319
9711023	0.192299
9912283	0.192277
9807163	0.192260
9808153	0.192255
9903135	0.192247
9306123	0.192241
9212097	0.192235
9908043	0.192227
9211003	0.192227
106025	0.192219
9511205	0.192191
201005	0.192191
9710069	0.192177
9811151	0.192166
9607015	0.192141
9610007	0.192124
9805119	0.192091
12185	0.192088
9309005	0.192085
111047	0.192080
9510061	0.192047
9801129	0.192033
209001	0.192030
9409191	0.192013
9609131	0.192002
9402083	0.191988
9901029	0.191980
9407197	0.191974
9809001	0.191966
110011	0.191952
205127	0.191952
9906037	0.191938
9610093	0.191936
9404075	0.191927
9512201	0.191927
201231	0.191922
9904189	0.191914
9705049	0.191914
9412043	0.191905
9206099	0.191902
111123	0.191889
2063	0.191864
9204013	0.191861
9204053	0.191842
9509103	0.191833
9607215	0.191828
9703089	0.191781
110249	0.191781
9405087	0.191772
110157	0.191764
9401009	0.191761
9211129	0.191723
9409029	0.191692
9701043	0.191681
9312039	0.191667
9403163	0.191651
9211063	0.191615
9712147	0.191612
212073	0.191609
108047	0.191584
9407027	0.191579
9412185	0.191571
108223	0.191568
9401165	0.191568
303163	0.191565
9908195	0.191562
6243	0.191560
9507077	0.191546
210179	0.191540
9209105	0.191535
9303155	0.191529
205137	0.191529
9307099	0.191496
9403105	0.191493
9812033	0.191491
9502131	0.191488
209109	0.191485
9812233	0.191480
9510071	0.191477
9708035	0.191469
9610023	0.191460
9502059	0.191452
9711149	0.191452
9707211	0.191449
9512213	0.191446
9910257	0.191411
9511033	0.191408
201237	0.191408
11291	0.191397
9507015	0.191361
9902199	0.191342
9511223	0.191339
107161	0.191339
9705129	0.191336
9607237	0.191317
9404143	0.191270
9810235	0.191265
9401113	0.191248
9505011	0.191232
9409013	0.191210
203027	0.191207
9612117	0.191188
9306059	0.191160
210147	0.191119
9211045	0.191116
9906001	0.191100
9508009	0.191075
9803149	0.191067
112129	0.191061
9206061	0.191050
102079	0.191050
9406155	0.191034
9403031	0.191017
9202001	0.191009
9410013	0.191009
9211133	0.190998
9209033	0.190995
9304033	0.190993
5255	0.190979
9609033	0.190976
104075	0.190971
9309147	0.190962
9403099	0.190952
9605103	0.190927
9206019	0.190924
9509153	0.190921
9511103	0.190916
9312121	0.190913
210171	0.190902
9308007	0.190899
1129	0.190867
9604031	0.190858
9311121	0.190850
9503129	0.190836
9405079	0.190828
102037	0.190828
9609119	0.190779
9601081	0.190762
9405153	0.190749
9705097	0.190749
9812115	0.190735
9303167	0.190730
9812103	0.190730
9506015	0.190721
9307101	0.190716
107221	0.190710
9212019	0.190708
9506025	0.190678
4137	0.190672
9706063	0.190672
9512215	0.190664
9712085	0.190661
9610113	0.190648
9409059	0.190637
9410097	0.190637
9811055	0.190631
9706065	0.190623
105259	0.190615
9910007	0.190612
9605007	0.190593
9411035	0.190571
9507159	0.190560
207239	0.190557
9605095	0.190541
9412155	0.190511
9310121	0.190500
9611157	0.190497
9806057	0.190478
111191	0.190465
5043	0.190456
208021	0.190451
9810087	0.190443
9812203	0.190440
9204041	0.190437
9510211	0.190424
202095	0.190413
9607173	0.190407
106049	0.190405
9707253	0.190375
9601039	0.190369
101053	0.190369
9204075	0.190356
9906181	0.190350
9604201	0.190350
9802003	0.190326
108111	0.190320
9608189	0.190317
205125	0.190317
211051	0.190317
301007	0.190317
205229	0.190312
9310031	0.190309
9311127	0.190287
9702011	0.190285
9705157	0.190271
9306019	0.190257
9601095	0.190244
9502033	0.190238
9303041	0.190238
9408081	0.190236
9702139	0.190233
9611045	0.190195
101191	0.190173
9807041	0.190168
9402133	0.190162
9305019	0.190151
9308041	0.190146
9311137	0.190146
9312147	0.190146
9905063	0.190132
206055	0.190132
9608091	0.190102
9805013	0.190102
9708045	0.190097
9409167	0.190092
9303145	0.190081
9243	0.190072
9905047	0.190070
9312085	0.190056
9312081	0.190056
9206043	0.190051
9710235	0.190045
205133	0.190040
9304051	0.190024
9409187	0.190007
9312087	0.190002
7179	0.189999
9806027	0.189996
107073	0.189988
108141	0.189977
210143	0.189961
9606021	0.189961
1221	0.189956
9509053	0.189948
9302121	0.189942
111157	0.189931
9306079	0.189923
9612099	0.189912
107211	0.189910
9502045	0.189901
9409041	0.189901
9409185	0.189896
9907121	0.189882
9705203	0.189872
9707039	0.189863
3267	0.189831
109003	0.189831
9411193	0.189820
9709229	0.189801
107005	0.189785
9603007	0.189785
201009	0.189771
4189	0.189769
9907069	0.189766
5269	0.189763
9301031	0.189763
9301121	0.189763
205159	0.189755
302189	0.189717
9909115	0.189717
9701145	0.189693
9411129	0.189687
112255	0.189687
9606105	0.189679
9809077	0.189631
9408049	0.189628
9708071	0.189614
9906185	0.189598
9612011	0.189577
9206089	0.189552
12209	0.189533
103063	0.189531
107045	0.189531
9309041	0.189525
102049	0.189517
9810189	0.189495
9812059	0.189463
9504087	0.189463
6099	0.189463
5011	0.189455
9311005	0.189452
9707147	0.189441
209199	0.189431
9307035	0.189428
202169	0.189417
9909145	0.189406
9609153	0.189406
9402075	0.189387
10245	0.189312
9702017	0.189312
1171	0.189304
1185	0.189293
9908103	0.189277
7081	0.189242
9912207	0.189231
2181	0.189226
9911213	0.189220
9705073	0.189204
9912173	0.189201
9704063	0.189199
5155	0.189196
105173	0.189169
109035	0.189169
5231	0.189167
9411067	0.189129
9411159	0.189129
9401055	0.189126
9411071	0.189126
9604145	0.189123
9402091	0.189107
102011	0.189102
9212151	0.189102
4051	0.189094
9404029	0.189078
9911171	0.189062
9407105	0.189056
4081	0.189040
9411029	0.189021
9603201	0.189021
5083	0.188989
9709221	0.188981
9302001	0.188970
9305037	0.188954
9206079	0.188935
9306045	0.188930
9711189	0.188922
9703153	0.188914
207109	0.188906
9207063	0.188903
9501129	0.188890
9606007	0.188884
9909033	0.188884
9905147	0.188884
207277	0.188879
9705227	0.188828
9312041	0.188823
9910191	0.188774
9604163	0.188764
9206093	0.188753
9510037	0.188748
9205093	0.188731
9709045	0.188710
9205103	0.188705
6147	0.188665
9805159	0.188616
9901081	0.188566
9803007	0.188552
9806053	0.188541
4033	0.188528
9812157	0.188528
9804205	0.188520
9708019	0.188517
9904173	0.188509
9412099	0.188509
9409031	0.188491
9506127	0.188485
9304139	0.188459
9306131	0.188448
9712255	0.188432
9205101	0.188429
108077	0.188405
9504089	0.188405
4121	0.188403
9210053	0.188378
9709189	0.188373
110081	0.188373
9406035	0.188370
9706077	0.188328
9803125	0.188322
9406199	0.188317
303005	0.188317
205181	0.188298
9504079	0.188277
9609197	0.188269
9407153	0.188245
9501137	0.188229
9901075	0.188226
9905009	0.188224
9906063	0.188224
9507079	0.188197
203253	0.188173
9607217	0.188160
108031	0.188149
9903189	0.188115
9511209	0.188107
106219	0.188104
9408035	0.188085
9710227	0.188075
9708111	0.188064
9407071	0.188051
9609035	0.188048
203131	0.188037
6121	0.188035
9401097	0.188027
9305153	0.188024
210169	0.188000
9807165	0.187998
9408073	0.187990
9911187	0.187990
9803129	0.187982
6123	0.187971
9805033	0.187931
9709165	0.187928
10035	0.187915
9904139	0.187907
9206091	0.187907
9403021	0.187905
9308057	0.187905
207205	0.187897
9609055	0.187891
109011	0.187857
9509139	0.187846
9806185	0.187812
211235	0.187804
9712107	0.187793
9007	0.187767
112181	0.187764
9511211	0.187761
9507157	0.187759
9408075	0.187748
9907049	0.187737
9608179	0.187724
3253	0.187724
9409193	0.187716
9905105	0.187698
9907071	0.187695
9907035	0.187695
9803165	0.187671
208111	0.187663
9809177	0.187655
9408031	0.187655
9510069	0.187637
9408111	0.187629
9409045	0.187629
9411227	0.187621
9408027	0.187600
211055	0.187594
9610059	0.187578
9041	0.187565
9603111	0.187560
9310055	0.187560
5191	0.187560
110279	0.187549
9502113	0.187539
9808189	0.187531
9503225	0.187483
9173	0.187478
112167	0.187473
9304109	0.187457
9409163	0.187454
9505017	0.187430
9311189	0.187428
9308051	0.187415
9505071	0.187396
9503067	0.187393
108057	0.187391
9612253	0.187380
9503187	0.187372
9707045	0.187367
9210133	0.187354
207187	0.187349
105141	0.187330
9210151	0.187327
9902151	0.187306
9906069	0.187304
201011	0.187283
9510089	0.187272
211175	0.187272
9810029	0.187269
9606075	0.187251
1067	0.187248
9504015	0.187246
9612013	0.187243
9703137	0.187219
9210113	0.187211
9210129	0.187201
9312151	0.187177
9211137	0.187174
105281	0.187169
9306157	0.187143
9206017	0.187130
9708167	0.187122
9907043	0.187109
204173	0.187103
9605037	0.187093
9503211	0.187061
9805135	0.187053
9510131	0.187051
9510221	0.187032
9304031	0.187032
9711129	0.187024
9605089	0.187016
9707227	0.187011
9512029	0.187011
9411017	0.186977
9307005	0.186964
9408041	0.186959
201213	0.186956
9912223	0.186943
9512087	0.186911
9402065	0.186861
9309095	0.186853
9805049	0.186848
9503071	0.186840
201097	0.186835
9601061	0.186819
9510185	0.186783
9403047	0.186769
9307003	0.186769
5279	0.186767
9310013	0.186759
9310143	0.186728
8021	0.186725
302173	0.186712
107023	0.186709
9510039	0.186704
9810085	0.186704
9710101	0.186699
9605235	0.186693
9404027	0.186672
9606083	0.186667
5097	0.186659
109047	0.186659
109109	0.186659
203029	0.186659
101141	0.186654
9605143	0.186636
9806007	0.186589
9704119	0.186568
106227	0.186562
203273	0.186562
9510075	0.186557
9902117	0.186544
9308145	0.186534
9411229	0.186513
206111	0.186513
9810001	0.186500
9411019	0.186489
9809175	0.186481
9610081	0.186476
9408167	0.186473
9206047	0.186460
208183	0.186460
10109	0.186453
201105	0.186453
9610013	0.186434
9901047	0.186429
212189	0.186429
9212157	0.186426
9902027	0.186419
11133	0.186408
102059	0.186408
9509125	0.186406
11209	0.186392
9602041	0.186387
9606101	0.186379
206211	0.186358
9707073	0.186298
9602127	0.186285
10235	0.186280
9612133	0.186270
9304067	0.186257
9806163	0.186246
9906111	0.186225
9502067	0.186212
9605157	0.186210
204073	0.186199
9505059	0.186160
9909065	0.186145
9310183	0.186124
202117	0.186082
9505065	0.186056
9505085	0.186046
9411105	0.186046
9402015	0.185993
9306137	0.185991
9602173	0.185965
104255	0.185965
9408069	0.185960
9601079	0.185957
105025	0.185954
4139	0.185949
9205005	0.185949
9401143	0.185939
9710019	0.185934
9712033	0.185934
9511139	0.185913
9912199	0.185908
9611185	0.185900
201203	0.185882
9408085	0.185863
9612061	0.185830
210113	0.185812
9305011	0.185765
102127	0.185754
9511177	0.185752
1017	0.185728
9902057	0.185710
9607165	0.185671
9710145	0.185656
6183	0.185656
9301105	0.185651
9602039	0.185651
9903101	0.185640
9503153	0.185638
202105	0.185630
9202025	0.185625
9910097	0.185612
9504085	0.185594
9212021	0.185581
9912245	0.185570
9611147	0.185565
12207	0.185555
9602027	0.185542
9701049	0.185529
2083	0.185519
9208005	0.185516
9303027	0.185498
9511015	0.185477
9207117	0.185469
9208011	0.185459
108083	0.185441
9702005	0.185436
9302089	0.185415
301085	0.185412
9902175	0.185387
206143	0.185366
9501017	0.185356
103105	0.185343
103113	0.185337
9312099	0.185327
9904159	0.185319
9807233	0.185319
9235	0.185317
9307043	0.185312
9312201	0.185312
9408109	0.185304
9407179	0.185294
9501093	0.185281
9209059	0.185270
9508055	0.185265
9311165	0.185265
9403075	0.185257
9310129	0.185255
9807221	0.185247
9811073	0.185247
9202045	0.185239
9501023	0.185239
9911131	0.185224
12177	0.185214
9505099	0.185183
9305031	0.185180
9810065	0.185180
9701107	0.185167
9803047	0.185152
9503053	0.185134
9804103	0.185131
105297	0.185123
9609169	0.185113
9612225	0.185103
9407085	0.185092
9909153	0.185085
9607153	0.185079
9303073	0.185051
9306073	0.185036
9806083	0.185033
9710099	0.185023
9406169	0.185005
9302113	0.185002
9611211	0.184997
9410117	0.184987
9404003	0.184964
9603027	0.184961
9811171	0.184940
9403043	0.184938
9612053	0.184935
111289	0.184922
106009	0.184920
9503165	0.184899
9602129	0.184881
9403109	0.184871
9606027	0.184871
9712019	0.184868
9510235	0.184868
9607035	0.184835
2049	0.184832
9511195	0.184830
9611069	0.184784
9403093	0.184781
9207079	0.184779
9211117	0.184779
5257	0.184773
9205105	0.184768
9206009	0.184768
207121	0.184766
9506067	0.184761
107109	0.184761
210299	0.184748
9304007	0.184743
9506199	0.184727
9303173	0.184725
10267	0.184717
9812091	0.184704
9501033	0.184704
9603163	0.184702
9509147	0.184694
9807027	0.184694
9801107	0.184686
9912091	0.184653
9704025	0.184650
9810255	0.184648
2013	0.184637
6097	0.184635
9909181	0.184635
9509109	0.184630
9810209	0.184612
108097	0.184607
9908181	0.184604
107157	0.184584
9308119	0.184581
203135	0.184573
212013	0.184563
9406187	0.184553
9710229	0.184522
9806077	0.184514
9712191	0.184484
9802149	0.184466
9305169	0.184461
9601165	0.184445
3127	0.184435
9802021	0.184422
9808013	0.184394
9409135	0.184381
9607031	0.184381
9305137	0.184369
9310103	0.184351
9603121	0.184351
105107	0.184343
9311013	0.184343
9409155	0.184343
9505003	0.184315
9912237	0.184312
9211029	0.184310
9201065	0.184294
9810183	0.184284
9309007	0.184284
9306099	0.184274
9312177	0.184274
9511009	0.184274
2105	0.184269
9612091	0.184246
9601051	0.184238
9601009	0.184238
9405181	0.184208
9702007	0.184162
9609195	0.184157
9511225	0.184139
9504099	0.184126
8093	0.184113
9906021	0.184113
9609233	0.184108
9212127	0.184090
9809081	0.184083
9511151	0.184055
9201077	0.184039
12057	0.183988
104003	0.183986
108053	0.183983
106137	0.183953
10031	0.183932
9204039	0.183927
12223	0.183927
9409125	0.183922
9710193	0.183899
9908101	0.183887
9306129	0.183876
208093	0.183854
9703193	0.183854
9408023	0.183820
9309089	0.183808
9812131	0.183795
301097	0.183785
109223	0.183729
112087	0.183709
9408067	0.183650
9204061	0.183645
303093	0.183643
9701181	0.183643
112069	0.183635
9410059	0.183628
210061	0.183625
9402129	0.183612
9803073	0.183610
9601155	0.183607
9409049	0.183602
11055	0.183579
9612079	0.183572
9703091	0.183572
9507043	0.183569
2203	0.183562
9505079	0.183562
206251	0.183554
9911063	0.183503
101155	0.183432
107171	0.183427
9408103	0.183422
9311091	0.183392
9907127	0.183384
9501109	0.183382
304057	0.183362
9237	0.183357
9311113	0.183341
205167	0.183339
9809023	0.183334
9304105	0.183324
9305065	0.183324
9311077	0.183324
203079	0.183321
9403125	0.183314
9706041	0.183311
9411103	0.183298
9812137	0.183291
209183	0.183268
9808127	0.183261
9803091	0.183253
102029	0.183243
2055	0.183238
2239	0.183235
9908173	0.183185
9510047	0.183180
9912041	0.183167
9407135	0.183165
9508127	0.183152
10053	0.183137
9612071	0.183127
1097	0.183107
9503091	0.183104
9401001	0.183102
9606159	0.183102
10259	0.183084
9409141	0.183084
9405189	0.183051
9408015	0.183051
9412183	0.183051
9510151	0.183044
9301045	0.183018
9701029	0.183013
9209063	0.183013
9704091	0.183011
10185	0.183008
9305121	0.182991
9510021	0.182986
110029	0.182983
9210029	0.182978
9710233	0.182973
7149	0.182945
301185	0.182925
9909031	0.182908
9504103	0.182900
9212081	0.182885
9811203	0.182865
9909133	0.182865
9505041	0.182857
9409007	0.182837
9409017	0.182837
102209	0.182817
9312027	0.182812
108173	0.182799
9806209	0.182797
9210061	0.182737
9807167	0.182714
9408173	0.182711
212053	0.182709
9811223	0.182701
9902075	0.182691
302135	0.182691
9812185	0.182691
205021	0.182684
9302143	0.182681
206053	0.182679
9301013	0.182669
207057	0.182666
9306135	0.182664
9903009	0.182619
9709115	0.182614
9908081	0.182614
2081	0.182609
2115	0.182601
9410239	0.182601
2113	0.182578
9305041	0.182563
9301077	0.182551
9210143	0.182548
9204023	0.182548
9406033	0.182526
9508027	0.182498
9508079	0.182486
303241	0.182463
9610231	0.182453
9911231	0.182433
203117	0.182433
106071	0.182423
9612101	0.182416
9901113	0.182408
9406007	0.182391
111185	0.182358
112239	0.182358
304075	0.182356
9404131	0.182356
110221	0.182348
9309141	0.182336
9808083	0.182333
9210075	0.182316
9709039	0.182316
9309111	0.182298
101079	0.182293
9403057	0.182291
9406021	0.182288
9305175	0.182278
9209065	0.182258
9907091	0.182248
9606037	0.182246
7189	0.182216
9503185	0.182206
9707065	0.182203
1115	0.182193
201043	0.182193
9712053	0.182181
9205117	0.182176
9611057	0.182173
9911145	0.182173
208195	0.182168
9704107	0.182168
303215	0.182161
9807065	0.182141
111257	0.182128
9412069	0.182128
5201	0.182108
9804071	0.182108
12161	0.182093
9403079	0.182093
3027	0.182086
9305067	0.182078
101149	0.182073
8207	0.182068
9306023	0.182053
12107	0.182026
9711075	0.182006
9904057	0.182004
9404057	0.181991
9508145	0.181971
301015	0.181969
9204007	0.181954
9311059	0.181941
9509031	0.181921
104221	0.181894
8233	0.181887
205307	0.181879
3257	0.181872
9409025	0.181867
8237	0.181862
9606081	0.181857
210245	0.181844
9705101	0.181837
9602159	0.181837
102003	0.181834
9811115	0.181834
9701059	0.181814
9808089	0.181814
9911225	0.181765
302045	0.181708
9406005	0.181675
9312169	0.181626
208147	0.181606
6227	0.181596
9310079	0.181586
9408051	0.181584
202023	0.181571
9711185	0.181564
203073	0.181564
9910151	0.181559
5207	0.181556
9507081	0.181554
211185	0.181541
9603151	0.181526
9608133	0.181524
9703187	0.181514
9502053	0.181504
103061	0.181504
9712165	0.181499
9712089	0.181494
9805137	0.181489
9304123	0.181479
9309029	0.181479
9611143	0.181460
9411085	0.181452
9505029	0.181437
9711061	0.181415
207079	0.181413
9607069	0.181410
9811023	0.181410
9612135	0.181366
9811053	0.181351
9706193	0.181338
210185	0.181323
9212025	0.181291
9608043	0.181272
9709175	0.181272
9512171	0.181272
9812101	0.181230
9405089	0.181173
9707153	0.181118
9303045	0.181104
9702127	0.181096
9305103	0.181077
9507165	0.181054
9508097	0.181054
9307091	0.181040
9405077	0.181035
9501021	0.181035
106275	0.181012
9309015	0.181005
9212141	0.180978
9502145	0.180971
9406215	0.180971
207147	0.180941
9201051	0.180899
9401083	0.180889
9411033	0.180870
9701079	0.180862
9411123	0.180852
9907137	0.180852
9209029	0.180850
9511161	0.180843
9909067	0.180835
9409079	0.180811
9308025	0.180747
302115	0.180747
9201079	0.180744
9905125	0.180732
3011	0.180727
111213	0.180720
112179	0.180707
110045	0.180668
9510107	0.180663
9310077	0.180663
9510077	0.180636
9604125	0.180614
9904015	0.180609
103091	0.180575
206039	0.180575
9412097	0.180558
9503195	0.180555
9806137	0.180555
9706067	0.180553
9308027	0.180545
207275	0.180536
9501035	0.180511
9410063	0.180496
207047	0.180482
9407009	0.180477
205157	0.180447
9610175	0.180438
9510063	0.180438
9807217	0.180433
9410159	0.180433
9906117	0.180433
9707201	0.180418
9209077	0.180367
9611027	0.180352
2185	0.180308
9812045	0.180301
9405145	0.180222
9304029	0.180217
9808167	0.180193
12027	0.180191
9512003	0.180173
9806117	0.180156
7025	0.180088
9903075	0.180081
9607143	0.180044
9903127	0.180037
9608155	0.180032
9609025	0.180030
9310097	0.180017
9309123	0.180015
7161	0.180008
9405005	0.180003
9208069	0.179991
9510189	0.179983
101227	0.179961
304031	0.179961
301207	0.179959
302215	0.179956
9806211	0.179949
110251	0.179942
203063	0.179934
9806193	0.179932
302079	0.179932
9511221	0.179927
9412191	0.179925
9604149	0.179903
9709059	0.179888
9804049	0.179881
9907135	0.179879
107237	0.179876
9510049	0.179806
9912129	0.179759
9406167	0.179750
9410007	0.179750
202089	0.179728
9905093	0.179696
9510067	0.179694
9312129	0.179684
9403049	0.179672
9210081	0.179640
9403061	0.179635
9508109	0.179631
9911139	0.179609
9801163	0.179609
9712003	0.179606
9705015	0.179592
9510119	0.179577
6025	0.179568
9706219	0.179568
9909045	0.179531
9810133	0.179526
9407125	0.179517
9602169	0.179514
101047	0.179507
1075	0.179500
6029	0.179500
9308157	0.179485
112021	0.179475
9508023	0.179468
9802119	0.179456
9601113	0.179454
304047	0.179415
9412081	0.179366
9708027	0.179359
1019	0.179350
9706017	0.179347
9408135	0.179345
9503137	0.179325
9411081	0.179323
108027	0.179320
9804003	0.179318
9412129	0.179289
9407017	0.179270
9605015	0.179270
9503103	0.179265
9608107	0.179231
9602175	0.179212
9707101	0.179168
9701083	0.179163
9409083	0.179096
9312031	0.179096
9208071	0.179096
9301053	0.179089
9412237	0.179081
204211	0.179081
9306031	0.179007
9610067	0.178995
9412023	0.178987
110097	0.178968
9808133	0.178932
9206041	0.178905
9609135	0.178901
9709163	0.178889
9901165	0.178872
203225	0.178855
9306107	0.178826
102021	0.178809
9905061	0.178800
6249	0.178795
9603063	0.178773
303019	0.178768
9505193	0.178756
9304069	0.178744
9309021	0.178730
8143	0.178701
9605025	0.178694
9605057	0.178694
9709103	0.178622
9601107	0.178615
9607119	0.178574
9202081	0.178564
9506189	0.178557
9807193	0.178459
9411231	0.178430
9407119	0.178428
9802161	0.178411
1045	0.178394
9703079	0.178377
9804165	0.178377
9811219	0.178353
107117	0.178308
111171	0.178308
204133	0.178306
9906183	0.178298
9411185	0.178291
9504077	0.178272
9807121	0.178208
9303079	0.178193
3229	0.178174
9606051	0.178162
9301127	0.178160
9307139	0.178153
9907147	0.178029
106239	0.177969
9212013	0.177938
9910035	0.177921
9905039	0.177907
9408059	0.177905
9605161	0.177874
9205073	0.177857
9605109	0.177850
9511095	0.177833
9702185	0.177831
9202007	0.177805
9403005	0.177802
9701067	0.177772
9510099	0.177762
9710221	0.177760
9501051	0.177755
9704209	0.177731
9606099	0.177719
9209057	0.177719
9303019	0.177700
9304111	0.177700
9310001	0.177700
9212125	0.177688
9704183	0.177643
9912221	0.177617
9408129	0.177612
8077	0.177591
9509079	0.177589
9203065	0.177544
9404119	0.177544
9807045	0.177537
9806073	0.177496
8099	0.177451
9407067	0.177425
9508067	0.177420
9812009	0.177416
9612185	0.177387
9911209	0.177385
9810217	0.177375
9703117	0.177349
9208017	0.177316
9404097	0.177297
9501145	0.177293
9604015	0.177271
9205055	0.177241
9402053	0.177229
101067	0.177229
9811157	0.177219
9208013	0.177203
9302111	0.177201
9912219	0.177141
206099	0.177106
304243	0.177106
9412119	0.177101
9409153	0.177099
9904081	0.177090
9504075	0.177075
9403035	0.177064
9507029	0.177052
9811253	0.177005
9204097	0.176983
9707231	0.176979
8035	0.176948
9906169	0.176922
9608101	0.176915
9310141	0.176899
9307165	0.176889
9603021	0.176878
9809031	0.176866
9410109	0.176830
5181	0.176828
9311173	0.176809
9902109	0.176807
9609109	0.176805
9710061	0.176805
9303043	0.176802
9506105	0.176802
9702135	0.176798
9412151	0.176798
9912253	0.176786
101097	0.176776
9503101	0.176748
9612155	0.176744
7219	0.176732
9503011	0.176732
9306105	0.176708
9301113	0.176706
9606175	0.176704
9801055	0.176687
9907193	0.176664
212031	0.176654
9306155	0.176633
9605205	0.176633
9407057	0.176624
9501005	0.176624
9808145	0.176621
9407191	0.176619
9904037	0.176596
9905095	0.176596
7165	0.176593
9406131	0.176570
9207069	0.176565
105301	0.176549
9312017	0.176546
9412019	0.176523
9311179	0.176516
9605195	0.176499
9309129	0.176490
9408157	0.176469
9906233	0.176469
9809029	0.176415
5243	0.176396
110259	0.176373
9703087	0.176361
12243	0.176361
109221	0.176361
9403103	0.176338
9405157	0.176338
9905167	0.176312
9506055	0.176282
9804189	0.176282
9304059	0.176280
9902025	0.176277
9303031	0.176275
212019	0.176261
211005	0.176249
206133	0.176233
104107	0.176179
9502023	0.176170
201207	0.176156
9511183	0.176153
10197	0.176130
108021	0.176128
9612173	0.176121
9707107	0.176121
9511091	0.176111
102193	0.176104
9412181	0.176074
11203	0.176053
9411165	0.176051
5263	0.176048
9706163	0.176048
9808171	0.176044
212195	0.176044
9309117	0.176016
9809025	0.175999
9603105	0.175992
205071	0.175990
9407157	0.175974
108067	0.175965
201087	0.175953
201069	0.175946
4163	0.175927
9404179	0.175871
9801075	0.175841
105053	0.175837
9306065	0.175832
9309087	0.175827
9603103	0.175823
9906065	0.175820
9803173	0.175818
9704155	0.175816
205289	0.175774
9910137	0.175771
9509077	0.175737
110217	0.175732
9407059	0.175730
9212015	0.175720
9508011	0.175713
9506167	0.175704
9811239	0.175702
9905107	0.175672
5131	0.175655
105223	0.175627
9605055	0.175618
9506179	0.175607
9503199	0.175574
7129	0.175567
9909039	0.175535
9308037	0.175528
9810249	0.175514
8251	0.175502
9405111	0.175486
9405197	0.175477
104205	0.175435
11135	0.175384
206245	0.175340
9605065	0.175338
9307147	0.175333
9405023	0.175303
9912097	0.175301
112237	0.175264
9710045	0.175257
9601019	0.175239
9907159	0.175227
9208065	0.175218
9210155	0.175218
9803233	0.175213
7229	0.175192
9806067	0.175155
301043	0.175153
9612145	0.175151
105033	0.175132
208061	0.175112
9601119	0.175013
9604173	0.175013
9312067	0.175003
9402059	0.175003
9306049	0.174969
9703023	0.174969
107135	0.174962
9309059	0.174941
9502133	0.174939
9502135	0.174939
9707085	0.174927
9703177	0.174923
207261	0.174916
9303147	0.174902
112105	0.174900
9706161	0.174895
9206113	0.174884
9708145	0.174858
9607093	0.174858
9710195	0.174838
9507139	0.174831
9702183	0.174805
207043	0.174801
9903119	0.174796
9708079	0.174787
9602013	0.174773
9208039	0.174771
9410113	0.174755
303169	0.174748
9208077	0.174734
9902085	0.174716
1187	0.174704
9608141	0.174681
9503117	0.174642
9602139	0.174626
201049	0.174599
9412171	0.174599
9811039	0.174496
9504069	0.174459
9405135	0.174432
8043	0.174386
9412149	0.174386
9411111	0.174384
104161	0.174379
9208073	0.174377
105179	0.174315
9410165	0.174308
9304041	0.174285
9306125	0.174278
9303087	0.174269
9202063	0.174230
9904107	0.174228
112033	0.174228
9709125	0.174194
207269	0.174192
209259	0.174192
9905065	0.174164
9710089	0.174155
9033	0.174109
106087	0.174057
9311065	0.174050
112217	0.174037
12147	0.173977
9512099	0.173968
9901083	0.173968
9901097	0.173968
9501089	0.173959
9504071	0.173957
9709181	0.173955
103129	0.173939
9408001	0.173927
9508049	0.173920
9505165	0.173914
9410163	0.173895
9908069	0.173864
9712111	0.173861
9905145	0.173832
9208033	0.173823
9504041	0.173814
9511051	0.173809
9811227	0.173770
9903133	0.173732
107013	0.173725
209023	0.173714
102203	0.173684
205169	0.173643
9802035	0.173575
9610189	0.173562
9505115	0.173562
9306161	0.173557
9902069	0.173550
209033	0.173525
9511135	0.173519
9303071	0.173519
205053	0.173496
9503169	0.173485
108225	0.173442
9404125	0.173430
109113	0.173430
4099	0.173417
9503233	0.173417
9910027	0.173399
301001	0.173387
9309073	0.173383
9705083	0.173365
9502129	0.173349
9612023	0.173347
9311019	0.173342
9504137	0.173331
9810165	0.173311
9165	0.173281
9709151	0.173279
9035	0.173270
10131	0.173270
9606121	0.173222
9609049	0.173186
209249	0.173180
304165	0.173164
9211141	0.173144
9705155	0.173112
9604083	0.173085
9405009	0.173076
9601035	0.173069
9401065	0.173008
9505101	0.172975
9407161	0.172970
9606019	0.172948
9606023	0.172948
9610153	0.172948
202015	0.172943
9605107	0.172936
9802083	0.172932
9803187	0.172889
109089	0.172885
9307007	0.172869
209147	0.172864
301113	0.172864
9506153	0.172860
9710043	0.172853
11183	0.172851
9410031	0.172846
9807025	0.172835
9610003	0.172768
9712001	0.172700
9810009	0.172700
9811173	0.172680
104183	0.172658
9205111	0.172638
9508059	0.172624
202035	0.172615
9811011	0.172591
9809131	0.172584
9506099	0.172582
9705019	0.172570
9711137	0.172561
9709187	0.172561
9611001	0.172479
12229	0.172476
212285	0.172476
103185	0.172472
9804047	0.172459
9912215	0.172454
4169	0.172438
5195	0.172418
8037	0.172418
9209027	0.172351
2243	0.172331
207085	0.172295
9093	0.172280
9801089	0.172280
9304019	0.172266
9412005	0.172240
9804137	0.172237
9811247	0.172237
9511201	0.172215
10041	0.172184
9706037	0.172150
9906205	0.172150
9908159	0.172150
9608069	0.172144
9807083	0.172075
11161	0.172059
9907181	0.172052
9403197	0.172010
9310089	0.171986
9506029	0.171986
109115	0.171977
9210149	0.171943
9207041	0.171932
9605027	0.171928
8153	0.171868
210161	0.171868
9502121	0.171848
8003	0.171788
6075	0.171781
111029	0.171781
110229	0.171779
9902083	0.171774
9907195	0.171772
2041	0.171757
2059	0.171754
9507119	0.171715
9610223	0.171697
9401091	0.171646
9704181	0.171599
9907081	0.171588
103109	0.171582
102087	0.171577
9402023	0.171575
9603179	0.171542
10095	0.171515
105317	0.171511
204259	0.171489
9501079	0.171480
9707221	0.171433
9611177	0.171356
9705121	0.171356
9812223	0.171327
9301075	0.171307
106287	0.171305
10277	0.171277
9809071	0.171261
9207025	0.171257
9702097	0.171246
9307105	0.171246
9307131	0.171246
10081	0.171235
9904049	0.171219
9807077	0.171144
9610149	0.171078
9703139	0.171065
9603157	0.171056
9409145	0.170992
209055	0.170981
105037	0.170968
9504045	0.170920
9512101	0.170904
9810101	0.170893
9803245	0.170880
9901015	0.170872
9303089	0.170836
9605197	0.170821
103245	0.170819
202099	0.170814
9511137	0.170810
9907217	0.170729
9303117	0.170683
9609009	0.170661
102131	0.170654
9902065	0.170654
10075	0.170639
105133	0.170617
202167	0.170569
9411031	0.170543
9307051	0.170512
9208037	0.170510
9706189	0.170501
101167	0.170486
9907105	0.170479
9203029	0.170477
9507083	0.170433
9501073	0.170422
9705207	0.170381
9612039	0.170359
9210103	0.170359
9304095	0.170357
9702057	0.170322
9301093	0.170316
9502075	0.170307
104197	0.170307
9606129	0.170305
9606167	0.170305
5039	0.170287
9903055	0.170270
206093	0.170270
9408057	0.170246
2123	0.170230
9506163	0.170198
9812179	0.170193
9906067	0.170159
9309043	0.170159
9708095	0.170156
9907167	0.170156
9912235	0.170156
9412207	0.170132
201045	0.170089
9410019	0.170067
9602171	0.170026
9903173	0.170017
9512007	0.169963
9412017	0.169956
3259	0.169952
9511105	0.169885
9406183	0.169865
9507019	0.169856
9205045	0.169854
9501001	0.169817
9608123	0.169817
9810011	0.169787
9202043	0.169770
212315	0.169770
104007	0.169733
9503075	0.169711
9608149	0.169646
6177	0.169620
9907199	0.169612
9903011	0.169603
9612159	0.169568
9610123	0.169538
9808173	0.169525
9307109	0.169521
9705217	0.169521
210125	0.169503
9311017	0.169486
9701021	0.169471
9704203	0.169452
9902143	0.169452
9303009	0.169452
9507123	0.169439
9211009	0.169430
9304063	0.169391
206219	0.169365
9711123	0.169363
209075	0.169352
9911233	0.169311
9504009	0.169305
9712121	0.169264
9401123	0.169255
9605177	0.169244
9505181	0.169216
9703185	0.169212
9606103	0.169145
9407079	0.169137
9803155	0.169066
9307141	0.169051
9905109	0.169025
110179	0.169001
9912169	0.168991
304077	0.168991
201193	0.168988
303261	0.168982
110125	0.168978
9506107	0.168973
9307017	0.168958
9611005	0.168941
2225	0.168937
9207081	0.168913
8121	0.168823
6229	0.168738
4041	0.168735
9506211	0.168735
9605163	0.168735
9711195	0.168725
9601045	0.168714
9208079	0.168708
9209009	0.168708
9702013	0.168607
9075	0.168588
9408087	0.168500
9205013	0.168477
9304161	0.168472
9703097	0.168411
9410149	0.168393
9312207	0.168372
9707175	0.168349
9602015	0.168340
9211093	0.168332
9608009	0.168257
9209047	0.168232
9907039	0.168214
9512111	0.168202
111037	0.168123
102047	0.168076
9305127	0.168068
9610229	0.168047
204181	0.168032
9612165	0.168008
9808077	0.168000
9907197	0.167972
9407045	0.167962
9404015	0.167928
9910127	0.167889
9412205	0.167887
9312065	0.167864
9608119	0.167862
9610135	0.167836
2197	0.167790
103263	0.167669
9304035	0.167638
9308013	0.167638
9406017	0.167606
9609201	0.167604
9301011	0.167593
9802143	0.167583
9808113	0.167562
207021	0.167515
209087	0.167496
9904093	0.167486
12095	0.167469
105009	0.167467
9509045	0.167458
203075	0.167395
6175	0.167378
9302039	0.167376
9503061	0.167340
111131	0.167338
9509111	0.167311
9610073	0.167273
9309003	0.167239
9401127	0.167233
9406205	0.167233
9703225	0.167231
9610025	0.167216
9802019	0.167203
303159	0.167201
9509039	0.167168
9405201	0.167163
112263	0.167157
9602095	0.167134
9412239	0.167123
9907097	0.167107
9312125	0.167104
9607055	0.167062
9403111	0.167060
9806207	0.167048
9502079	0.167016
9501107	0.166962
9501087	0.166895
9612025	0.166851
209049	0.166788
8011	0.166773
107027	0.166771
9706103	0.166746
9804005	0.166746
9408141	0.166729
108071	0.166717
111053	0.166717
9411005	0.166683
9811079	0.166656
9409087	0.166585
9503235	0.166556
9903211	0.166529
9202047	0.166506
9307119	0.166504
9905113	0.166368
9906171	0.166364
6233	0.166323
4161	0.166300
9602101	0.166262
202031	0.166260
211205	0.166260
9409133	0.166204
9312109	0.166200
9809141	0.166158
9910107	0.166121
203169	0.166051
210019	0.166048
9509129	0.166040
9402137	0.166038
108039	0.166032
9710183	0.166028
9907221	0.166026
9205031	0.166026
302133	0.165990
301041	0.165988
9303061	0.165984
203015	0.165955
9604039	0.165932
9805025	0.165928
9311107	0.165903
9310061	0.165887
9411199	0.165868
9610015	0.165812
10067	0.165771
10125	0.165721
9511169	0.165579
9702147	0.165579
9212051	0.165569
9610145	0.165542
9804091	0.165532
9707057	0.165519
9807211	0.165519
9408179	0.165494
9404105	0.165490
9707165	0.165484
9512051	0.165482
102081	0.165468
9903137	0.165420
9304107	0.165406
9702029	0.165350
9510095	0.165340
9509059	0.165293
9810233	0.165268
9808071	0.165254
9507047	0.165227
9703037	0.165217
9706045	0.165217
107235	0.165215
102027	0.165180
9812075	0.165176
9312073	0.165172
9905021	0.165172
9605021	0.165135
302227	0.165118
301057	0.165114
9503215	0.165114
9410135	0.165086
9412029	0.165086
9212093	0.165084
9401141	0.165084
9402051	0.165081
9307149	0.165079
9311095	0.165079
9904193	0.165057
9412137	0.165038
9803105	0.165030
9302125	0.165030
9702149	0.164987
9805219	0.164985
9207083	0.164977
9410025	0.164975
9601063	0.164975
9702131	0.164971
207073	0.164967
9406039	0.164963
9607103	0.164963
9709185	0.164963
9511003	0.164952
9901153	0.164916
9303157	0.164911
4059	0.164899
9805095	0.164873
304167	0.164873
9705159	0.164864
9807015	0.164828
105099	0.164811
9505013	0.164789
101107	0.164785
9710093	0.164768
9707137	0.164734
9707155	0.164644
9509113	0.164632
9310005	0.164624
9609227	0.164624
106003	0.164615
205045	0.164587
9304157	0.164562
210303	0.164558
9307161	0.164512
9704069	0.164479
9607241	0.164444
9707127	0.164426
9612161	0.164426
207227	0.164333
9203075	0.164280
9405025	0.164158
9811215	0.164138
9705179	0.164116
9810049	0.164051
9410183	0.164018
8181	0.164014
101163	0.164014
102083	0.164014
107205	0.164014
105201	0.164008
9610097	0.164008
9508057	0.163964
9803079	0.163931
9911103	0.163929
9701183	0.163927
210197	0.163889
12241	0.163857
2251	0.163849
202081	0.163742
9512097	0.163663
9708121	0.163663
9906015	0.163661
107047	0.163593
9909083	0.163593
212075	0.163591
9504053	0.163466
9310027	0.163462
9905001	0.163428
9405003	0.163412
9511059	0.163399
9702171	0.163397
303147	0.163397
301199	0.163377
3049	0.163353
9906165	0.163319
8135	0.163273
9805037	0.163269
9410137	0.163223
9810193	0.163205
9706029	0.163153
9310047	0.163141
9612097	0.163107
212007	0.163093
10129	0.163091
106035	0.163087
9401085	0.163039
9902133	0.163015
9212137	0.162997
9307067	0.162927
9911211	0.162919
9912061	0.162899
9410221	0.162869
9610133	0.162865
9612147	0.162853
9411125	0.162843
106139	0.162843
9310049	0.162797
9312141	0.162783
9408131	0.162783
9506201	0.162783
210087	0.162739
12189	0.162726
9053	0.162690
11163	0.162680
9511039	0.162678
9701111	0.162666
9411151	0.162664
12181	0.162638
9707077	0.162624
103043	0.162624
9901071	0.162622
209007	0.162622
9601159	0.162614
9312011	0.162596
9510043	0.162596
9602149	0.162507
9804015	0.162503
9212143	0.162487
9405147	0.162439
201065	0.162431
302185	0.162364
9710225	0.162340
9508121	0.162265
9203015	0.162263
9604161	0.162259
212187	0.162251
9501031	0.162239
9301107	0.162211
9403127	0.162184
9311029	0.162184
9511181	0.162176
9312093	0.162164
304073	0.162136
102171	0.162027
9209021	0.162027
9612129	0.161992
9612255	0.161986
11005	0.161986
101131	0.161881
9802059	0.161879
209229	0.161878
9203035	0.161866
9905123	0.161844
9512055	0.161836
9801035	0.161832
9612047	0.161816
9604137	0.161812
9306115	0.161812
9809155	0.161795
9404055	0.161789
12187	0.161771
9406135	0.161759
9902091	0.161702
9412013	0.161694
201141	0.161661
9212135	0.161610
8069	0.161557
9512197	0.161557
9710173	0.161557
9410243	0.161545
9810045	0.161498
9906241	0.161486
9905203	0.161404
304155	0.161404
9411045	0.161390
202113	0.161388
9802171	0.161384
9312111	0.161341
106029	0.161298
9603005	0.161279
9904205	0.161150
9810229	0.161136
9507065	0.161111
9406141	0.161083
9311075	0.161023
9405163	0.160986
9412009	0.160966
9806029	0.160945
9601031	0.160906
9304103	0.160843
9710087	0.160793
9601047	0.160789
9605181	0.160787
9312029	0.160773
9312019	0.160764
9308073	0.160746
9505019	0.160746
3111	0.160696
9703055	0.160665
9801167	0.160665
9612111	0.160645
2051	0.160506
9303125	0.160469
9601065	0.160440
9602151	0.160440
9911159	0.160430
111083	0.160384
9305059	0.160378
9503087	0.160370
9702119	0.160366
9404001	0.160295
9803121	0.160273
9905201	0.160271
8235	0.160270
9709155	0.160198
9310163	0.160117
103083	0.160100
303025	0.160092
9208075	0.160073
9504159	0.160046
9612169	0.160011
9603155	0.159996
9807131	0.159961
9910253	0.159876
9909225	0.159736
9705213	0.159723
9206001	0.159698
302013	0.159682
9502157	0.159585
9304137	0.159508
9403153	0.159508
211179	0.159483
9805103	0.159445
9701087	0.159391
9503171	0.159271
9601157	0.159271
9907045	0.159235
303061	0.159231
9809069	0.159183
9611183	0.159128
9511025	0.159122
209073	0.159103
9407051	0.159069
9507095	0.158997
9909117	0.158997
9511013	0.158974
9601101	0.158947
9207071	0.158887
9408077	0.158843
9606055	0.158822
10161	0.158807
9809115	0.158807
9311151	0.158758
9609189	0.158737
7093	0.158714
9706167	0.158650
9604143	0.158640
9211079	0.158616
9310171	0.158614
9310189	0.158614
104207	0.158585
9311057	0.158570
206037	0.158542
9705187	0.158525
9905003	0.158464
9209031	0.158419
9501119	0.158355
9210071	0.158332
9609083	0.158312
9503107	0.158259
9505155	0.158259
9906043	0.158247
9807043	0.158242
9704015	0.158230
210097	0.158227
9310185	0.158182
9809129	0.158178
9901133	0.158121
9909185	0.158121
9312057	0.158069
301019	0.158050
2179	0.158044
9408011	0.157986
9310057	0.157954
9208021	0.157902
9404141	0.157902
9502039	0.157902
9402121	0.157857
9309099	0.157802
9510091	0.157793
9408045	0.157776
9503177	0.157776
11189	0.157765
9408047	0.157755
212171	0.157696
9609067	0.157567
4079	0.157542
7003	0.157436
9909123	0.157425
9410077	0.157335
111167	0.157306
9710025	0.157300
9808147	0.157291
9910075	0.157291
9704073	0.157283
9606183	0.157259
9510139	0.157257
9308067	0.157242
209019	0.157231
9903185	0.157187
9506021	0.157185
204067	0.157161
9305167	0.157149
9501085	0.157136
11275	0.157099
103017	0.157099
9303039	0.157081
9409097	0.157025
9907065	0.157007
9909217	0.156982
9412093	0.156979
9507111	0.156979
4203	0.156956
9501007	0.156953
9608159	0.156927
9306011	0.156918
101175	0.156910
9308099	0.156910
9903197	0.156844
4205	0.156832
9210131	0.156733
9504055	0.156716
9307075	0.156712
9408163	0.156674
9501095	0.156672
4007	0.156605
9204059	0.156603
9507103	0.156603
9508101	0.156587
1155	0.156504
9201031	0.156471
9405169	0.156357
9803115	0.156349
9608103	0.156303
9609207	0.156228
9611081	0.156208
5019	0.156175
9903147	0.156175
9903071	0.156173
9908207	0.156173
208131	0.156129
9309047	0.156061
9605041	0.155971
9309139	0.155920
9502037	0.155873
9410207	0.155869
9310021	0.155851
9507131	0.155829
9804187	0.155827
9901019	0.155827
9411137	0.155805
9811241	0.155794
9808009	0.155717
9602131	0.155659
9602143	0.155659
4153	0.155601
5287	0.155601
9809013	0.155588
9809191	0.155555
9912141	0.155444
9206005	0.155423
9311063	0.155423
9606197	0.155421
8097	0.155388
212243	0.155315
303149	0.155315
9502101	0.155290
9501009	0.155266
9706061	0.155254
9306067	0.155161
9508149	0.155112
9404181	0.155071
9410033	0.155042
9903063	0.154993
9903235	0.154993
106085	0.154943
9503123	0.154899
109105	0.154836
9803181	0.154822
110197	0.154816
9406083	0.154787
9401151	0.154784
9503111	0.154755
9201057	0.154753
9212121	0.154748
9605179	0.154748
9710131	0.154701
9803055	0.154699
9311123	0.154685
208001	0.154604
8095	0.154602
9504153	0.154597
9507097	0.154571
9307117	0.154487
9610247	0.154467
9612037	0.154381
9903255	0.154333
9707169	0.154333
9506161	0.154301
9906245	0.154134
9304083	0.154123
210107	0.154120
9210125	0.154109
9204003	0.154098
9601001	0.154097
9402111	0.153977
9404007	0.153868
9301087	0.153835
9212039	0.153831
9405173	0.153707
9705183	0.153707
9609089	0.153701
9710209	0.153699
9906009	0.153689
106221	0.153687
9906025	0.153687
9508165	0.153660
4173	0.153655
9702191	0.153651
9610047	0.153648
9911053	0.153646
9905101	0.153646
9612175	0.153644
9703181	0.153643
102115	0.153639
102117	0.153639
102139	0.153639
9410213	0.153614
110047	0.153596
9911207	0.153593
9804109	0.153591
9811043	0.153561
108175	0.153561
9402019	0.153401
9410173	0.153260
9406123	0.153260
9412215	0.153260
304091	0.153205
9806023	0.153138
9073	0.153069
9402141	0.153022
9202033	0.152980
9402079	0.152980
9603159	0.152934
9810037	0.152904
301197	0.152893
6045	0.152881
203197	0.152851
109007	0.152641
110023	0.152522
9310153	0.152513
9310131	0.152466
9311021	0.152464
103215	0.152399
9410121	0.152392
12039	0.152390
110145	0.152380
6221	0.152301
9411209	0.152279
9606089	0.152218
9707255	0.152218
9612151	0.152209
9411041	0.152131
9702181	0.152129
9602025	0.152127
9607039	0.152127
108015	0.152016
9603153	0.151903
111195	0.151825
9503003	0.151795
9302071	0.151771
9311155	0.151759
9406161	0.151685
9310119	0.151460
9512167	0.151460
9202077	0.151344
9411043	0.151319
9804191	0.151277
4197	0.151224
9311053	0.151214
9303119	0.151212
12269	0.151191
9409085	0.151093
112057	0.151090
107019	0.151064
1039	0.151035
8229	0.151007
9610075	0.150975
9703005	0.150966
9412035	0.150925
9097	0.150908
9912251	0.150906
9301117	0.150852
9611131	0.150848
9405041	0.150795
9210007	0.150793
9204081	0.150790
9301039	0.150790
9301085	0.150751
9403063	0.150740
9512033	0.150563
9201037	0.150542
9507037	0.150541
9605141	0.150382
9408021	0.150319
104051	0.150309
304205	0.150258
110165	0.150251
9203013	0.150212
205243	0.149995
110181	0.149865
9305113	0.149848
206201	0.149771
9804017	0.149767
9509029	0.149717
9310145	0.149715
9311087	0.149708
9302117	0.149617
9410071	0.149585
9807219	0.149582
9411237	0.149537
9906189	0.149525
9501125	0.149505
112183	0.149191
3293	0.149156
201101	0.149104
9304101	0.149045
9307179	0.149042
101103	0.148877
9607073	0.148787
9202073	0.148750
9701001	0.148737
9406073	0.148734
9705177	0.148734
9711079	0.148734
9811117	0.148727
9607115	0.148682
3091	0.148677
9608143	0.148664
9801197	0.148559
9910259	0.148557
9501041	0.148556
9511041	0.148556
9905207	0.148556
9410057	0.148552
9705133	0.148552
9810061	0.148544
9604111	0.148392
9911175	0.148368
9807039	0.148345
9807061	0.148345
9502123	0.148332
201167	0.148246
9410225	0.148206
9308009	0.148205
9509041	0.148203
9807143	0.148195
9604187	0.148119
9509091	0.148094
9303095	0.148045
9305135	0.148045
10273	0.148045
9905119	0.147842
9601015	0.147826
9212091	0.147760
11293	0.147758
112241	0.147555
9305099	0.147465
9807129	0.147462
106095	0.147462
9308137	0.147414
9404107	0.147372
9901025	0.147254
9608139	0.147251
6187	0.147187
112209	0.147186
9808011	0.147184
9208009	0.147113
3095	0.147104
9607191	0.147104
9606163	0.146778
9412193	0.146729
10211	0.146713
9210049	0.146713
210307	0.146602
9910029	0.146602
9708165	0.146545
9603041	0.146543
9905077	0.146542
1087	0.146472
201003	0.146440
9903097	0.146440
103253	0.146313
9409027	0.146311
9507085	0.146264
9410029	0.146261
9611231	0.146261
2153	0.146200
11199	0.146200
9303163	0.146200
9309071	0.146168
9811085	0.146162
111233	0.146109
9506195	0.146105
9505109	0.146081
9403107	0.145836
9079	0.145727
9081	0.145726
9609045	0.145686
9502097	0.145643
9709173	0.145593
9809151	0.145592
304085	0.145590
9503147	0.145589
9205053	0.145585
9303081	0.145585
9511113	0.145569
9402011	0.145522
9404177	0.145461
9809215	0.145393
9803223	0.145393
9305147	0.145247
9702023	0.145194
9508035	0.144649
211109	0.144516
9704105	0.144467
9707161	0.144467
9507033	0.144367
111125	0.144304
204069	0.144135
9906083	0.144104
9204067	0.144058
9411109	0.143973
9802159	0.143971
9507059	0.143870
9309061	0.143818
9411215	0.143767
9701071	0.143765
9610143	0.143764
9709121	0.143753
9910103	0.143714
9306051	0.143609
6089	0.143567
9908003	0.143559
9702085	0.143522
9802055	0.143517
9302135	0.143353
9405099	0.143353
9406065	0.143353
9904023	0.143251
210099	0.142999
9801045	0.142997
9508041	0.142997
9407083	0.142997
9806183	0.142971
112257	0.142777
208045	0.142696
9408165	0.142661
9312181	0.142658
9407127	0.142658
9712069	0.142638
203195	0.142630
301045	0.142630
9306071	0.142606
9412177	0.142490
9611067	0.142301
9803009	0.142278
111009	0.142224
9401057	0.142185
103121	0.142135
9806045	0.142135
9709011	0.142076
9411141	0.141966
9410195	0.141965
9906107	0.141054
103189	0.140964
302031	0.140964
2151	0.140953
9406173	0.140913
9601071	0.140698
9812077	0.140674
9412041	0.140630
9912149	0.140542
11265	0.140466
9709153	0.140466
9512057	0.140185
9709083	0.140183
112143	0.140182
109171	0.140102
9806025	0.140031
9303077	0.140024
3077	0.140021
9307089	0.140021
9212067	0.139906
9307103	0.139900
9410193	0.139900
9406133	0.139709
9502051	0.139549
9604079	0.139549
9412039	0.139546
9910167	0.139543
9202051	0.139508
9604117	0.139476
9911127	0.139365
9607195	0.139361
9506083	0.139203
108159	0.139104
9704121	0.139095
110275	0.139094
9706159	0.138793
9410107	0.138725
9610109	0.138711
9806093	0.138709
9708057	0.138592
9212047	0.138575
9407053	0.138575
9312091	0.138549
9510237	0.138542
9402087	0.138513
9903253	0.138194
9808155	0.138193
9504157	0.138153
9710159	0.138151
9810175	0.138117
9901049	0.138054
9909175	0.137931
9609187	0.137846
7167	0.137735
112111	0.137668
208159	0.137668
9312089	0.137637
9401043	0.137637
9801103	0.137621
9609121	0.137557
9907223	0.137490
9312055	0.137446
9609001	0.137318
9710003	0.137140
9905189	0.137041
9711119	0.136895
9411059	0.136857
9801041	0.136464
9801001	0.136391
9612189	0.136353
110043	0.136341
9411063	0.136215
9403007	0.136191
9709047	0.136049
9710047	0.136045
9510193	0.136045
9411027	0.136042
9507133	0.136042
9305093	0.135769
9512027	0.135669
9809169	0.135565
9708107	0.135475
9410061	0.135404
9412103	0.135401
9305177	0.135161
9608025	0.135043
9506003	0.134882
9902185	0.134864
9409173	0.134827
9506117	0.134810
201053	0.134603
9909169	0.134581
9909009	0.134449
9812167	0.134448
9505007	0.134098
9811123	0.134060
9707035	0.133913
9411207	0.133860
9406057	0.133770
9810191	0.133763
9710211	0.133763
110015	0.133728
9210027	0.133722
9904195	0.133680
9503025	0.133425
110083	0.133383
9908131	0.133226
9812147	0.133224
9802115	0.133116
210119	0.132868
9205113	0.132833
9311131	0.132825
9705077	0.132727
9709085	0.132726
9901007	0.132724
9610221	0.132650
9302085	0.132568
9704019	0.132237
107021	0.132080
304041	0.132078
110051	0.132076
105057	0.131947
203033	0.131762
9204077	0.131553
9212069	0.131361
9309113	0.131191
204237	0.130837
205249	0.130837
9804117	0.130656
9303161	0.130631
9308085	0.130594
9411225	0.130570
103057	0.130219
206015	0.130163
9208063	0.129995
9305091	0.129995
9705231	0.129849
9705119	0.129848
9710113	0.129845
9709133	0.129581
9403065	0.129577
111075	0.129302
9706137	0.129011
9408055	0.128741
9302079	0.128444
9808165	0.128307
9205067	0.128091
9305057	0.128091
9801069	0.127648
9804197	0.127578
9712065	0.127475
9312069	0.127427
8223	0.127422
9404087	0.127422
106077	0.127197
9607079	0.126635
9804107	0.126635
9412217	0.126634
9609147	0.126443
9609143	0.126436
9502027	0.126330
9401079	0.126172
9241	0.126027
9506209	0.125983
9609149	0.125416
9712113	0.125319
9609199	0.124783
9811235	0.124351
9706085	0.124000
9512159	0.123803
9606085	0.123803
9801013	0.123406
9803211	0.123286
9808091	0.123280
9403149	0.122912
9611091	0.122765
9906231	0.122765
9712037	0.122643
9903073	0.122566
9611059	0.122261
9507067	0.122129
4069	0.121750
103125	0.121750
9301123	0.121277
9909113	0.121039
9305149	0.120819
9402003	0.120299
9303091	0.120197
9505063	0.120186
9908015	0.120186
210255	0.119971
9812019	0.119953
9705191	0.119810
9412233	0.119403
9811111	0.118945
9407137	0.118945
9902013	0.118942
9305145	0.118669
9503037	0.118667
9504119	0.118666
9410049	0.118665
9504035	0.118664
9808001	0.118520
206121	0.118518
9912289	0.117699
9207003	0.117589
6205	0.117586
302187	0.117536
112103	0.117208
9910221	0.116980
9607023	0.115323
9709095	0.115112
9912099	0.114892
9508087	0.112301
9123	0.112300
108163	0.112300
9205087	0.107650
9205001	0.107649
210191	0.107466
110003	0.106642
9808021	0.106642
9408139	0.106420
9410171	0.106420
9809091	0.106300
9910025	0.105509
7199	0.105509
212289	0.105244
9403169	0.105060
207167	0.105060
9406151	0.101270
9210157	0.097474
9308047	0.097474
9310081	0.095714
205023	0.095714
201143	0.095496
9404069	0.000000
