9510017	0.205058
9905111	0.201306
9802109	0.191177
9610043	0.166357
9510135	0.154795
9410167	0.139137
9407087	0.120125
9601029	0.113142
9512077	0.102638
9408099	0.098804
9510209	0.098246
9803131	0.085754
9512059	0.085568
9602043	0.083228
9802067	0.082506
9712253	0.079652
9603167	0.077156
9802051	0.075825
210157	0.075611
9806199	0.074099
9508143	0.074005
9809039	0.071245
9607235	0.070581
9510169	0.068136
110055	0.067584
9807171	0.067432
9607201	0.066241
9710231	0.063824
9910053	0.063689
9802183	0.060768
9604035	0.059005
9708005	0.058327
9612121	0.058058
9401139	0.057654
9507121	0.057383
9602051	0.055087
9710009	0.054690
9705221	0.054003
9611203	0.053641
9505105	0.053434
9811019	0.051937
9602135	0.051236
9511043	0.050154
9603061	0.049550
9803001	0.047104
9603081	0.046648
9510225	0.046533
7195	0.046107
9409089	0.045921
9702187	0.045827
9611137	0.045797
9510161	0.045606
204089	0.045293
9806123	0.045224
9603161	0.044946
9803015	0.044918
9603127	0.044698
9707079	0.043985
9606185	0.043540
9803231	0.043519
9603087	0.043508
9604055	0.043493
9606139	0.043490
9711165	0.042907
201253	0.042678
9601003	0.042585
9603109	0.042332
9512031	0.042142
9611159	0.042007
9604089	0.041700
9704089	0.041589
9709087	0.041050
9504047	0.040875
9705117	0.040465
202021	0.040328
9701019	0.040125
9504081	0.039718
9508155	0.039670
9804085	0.038974
9908199	0.038653
9610249	0.038415
9810201	0.038398
9701025	0.038148
9702163	0.038080
9705011	0.038061
9803051	0.037973
9608117	0.037820
9602065	0.037640
9604091	0.037522
9705131	0.037406
9512219	0.037004
9612157	0.036978
9707093	0.036851
9139	0.036279
9904017	0.036075
9605033	0.036073
8241	0.036012
9604189	0.035889
9611173	0.035488
9708147	0.035446
9806087	0.035391
9811093	0.035245
9612115	0.034977
9611047	0.034941
206063	0.034931
9807185	0.034917
9604179	0.034862
9706109	0.034848
9805129	0.034676
9511173	0.034537
9803135	0.034472
9703031	0.034312
9811035	0.034255
9702201	0.034201
9908171	0.034187
9703217	0.034171
9411149	0.034096
9904207	0.034061
9411057	0.033958
203157	0.033872
9609239	0.033742
9612087	0.033629
303191	0.033619
9803167	0.033615
9603003	0.033525
9204099	0.033468
106201	0.033242
9604065	0.033078
9601057	0.033019
9704127	0.033011
9901135	0.032933
9808075	0.032921
9807033	0.032900
9712117	0.032733
9803061	0.032689
9803263	0.032655
9701125	0.032542
9908049	0.032473
11197	0.032371
9510101	0.032235
9804111	0.032203
7191	0.032168
9604119	0.032098
9603009	0.031775
9709107	0.031749
9909061	0.031733
302125	0.031697
9709099	0.031655
9601177	0.031641
9612223	0.031601
9605199	0.031575
9709091	0.031561
9705091	0.031512
9902131	0.031457
9604041	0.031330
9708037	0.031291
9712071	0.031247
9704029	0.031235
9712251	0.031233
9410073	0.031171
9909227	0.031069
9902051	0.031013
9711153	0.030969
210249	0.030923
9803109	0.030881
9802203	0.030419
9606033	0.030391
9908105	0.030346
9805131	0.030093
9307049	0.029996
9611165	0.029830
9602077	0.029747
9703163	0.029681
9504147	0.029652
9707205	0.029597
9701149	0.029597
9407031	0.029549
9805019	0.029544
9610041	0.029528
9802047	0.029424
9803251	0.029198
9511053	0.029126
9707099	0.029053
9706025	0.029022
9808017	0.028917
9805171	0.028901
9309145	0.028898
9701093	0.028605
9512181	0.028486
9607149	0.028395
9803023	0.028360
9610125	0.028210
203101	0.028158
9801049	0.028137
9509161	0.028132
9806159	0.027929
9510229	0.027910
207249	0.027809
9904095	0.027580
9808149	0.027430
9512203	0.027153
9611215	0.027106
9808141	0.027083
9710027	0.027056
9707217	0.026945
9504027	0.026925
9912001	0.026896
9803077	0.026893
9812089	0.026875
9504145	0.026829
9607163	0.026738
9803085	0.026719
9812135	0.026629
8081	0.026581
9904033	0.026540
9803137	0.026446
9505073	0.026430
9712047	0.026373
9705107	0.026326
9505075	0.026305
9709123	0.026281
9812031	0.026166
9704041	0.026154
9702155	0.026151
9812037	0.026087
9704151	0.026062
9909101	0.025978
9711201	0.025969
5029	0.025946
9709139	0.025944
9609217	0.025903
9805047	0.025855
9807135	0.025818
9812237	0.025713
9803119	0.025625
9802073	0.025546
303185	0.025546
4187	0.025533
9705199	0.025505
9708085	0.025434
9704005	0.025305
9702203	0.025129
2159	0.025076
9608163	0.025074
9710005	0.025015
9611125	0.024984
9505035	0.024893
9705053	0.024875
9911161	0.024827
9806021	0.024772
9909047	0.024742
9503163	0.024737
9902045	0.024655
9604129	0.024641
9712213	0.024528
9705057	0.024414
9911095	0.024346
9912271	0.024341
9710217	0.024258
9807195	0.024255
9808035	0.024246
102155	0.024221
9803053	0.024177
9704087	0.024158
9603195	0.024154
5145	0.024127
9305185	0.024107
9609017	0.024034
9602071	0.023965
9503121	0.023943
9510183	0.023921
9809033	0.023798
9902153	0.023725
9610005	0.023724
9806217	0.023604
9805097	0.023581
9703201	0.023551
107081	0.023544
9709027	0.023510
9803039	0.023473
9902121	0.023391
211245	0.023381
9705055	0.023341
9807173	0.023265
9710215	0.023244
9610157	0.023204
9905081	0.023203
9608111	0.023187
9903091	0.023184
9803171	0.023140
9803111	0.023105
9809057	0.023096
9702015	0.023044
9612105	0.022998
9702093	0.022982
9812061	0.022837
9711053	0.022794
9701037	0.022764
9909049	0.022730
4009	0.022706
9703041	0.022693
9707123	0.022628
9911003	0.022626
9705139	0.022625
9811057	0.022524
9607207	0.022377
9509175	0.022325
9703211	0.022314
9612095	0.022288
9809027	0.022197
9701137	0.022170
9610105	0.022161
9903029	0.022121
9603037	0.022069
9606193	0.022067
9612089	0.022052
9904019	0.022043
11073	0.022031
9510097	0.022030
9605085	0.022026
9603089	0.022008
9812219	0.021960
9812007	0.021950
9709017	0.021907
9806195	0.021830
9606017	0.021809
9608015	0.021765
9612051	0.021762
9707203	0.021708
9708009	0.021695
9704195	0.021686
9505053	0.021642
9702099	0.021611
9803103	0.021611
11283	0.021572
9902095	0.021510
9911135	0.021481
5067	0.021470
9805045	0.021458
9802007	0.021399
9705079	0.021391
9803031	0.021298
5031	0.021257
9804121	0.021227
11193	0.021211
9809193	0.021180
9711179	0.021163
9712049	0.021154
9706087	0.021132
102125	0.021103
9805139	0.021086
9806197	0.021045
9411187	0.021036
9205027	0.020937
9911147	0.020875
9210127	0.020758
9701117	0.020665
9901101	0.020628
9807239	0.020609
9904131	0.020577
9704143	0.020573
9805157	0.020540
9701187	0.020474
9711161	0.020457
9610251	0.020439
9712239	0.020417
9812025	0.020412
9806009	0.020382
9606009	0.020360
9707087	0.020329
9804083	0.020321
9806095	0.020308
9806113	0.020284
9603123	0.020280
9704145	0.020243
9808037	0.020220
9806041	0.020211
9601167	0.020138
9807087	0.020134
9803193	0.020104
9709065	0.020080
9809147	0.019969
9707019	0.019962
2021	0.019893
9806125	0.019877
205131	0.019865
9711097	0.019847
9712185	0.019846
101013	0.019797
8001	0.019797
9912275	0.019769
9712215	0.019715
9602111	0.019707
9812239	0.019659
9608053	0.019652
9605049	0.019641
9905155	0.019626
9512053	0.019610
9711107	0.019600
9906041	0.019582
9601077	0.019580
9705167	0.019570
9908175	0.019548
204147	0.019546
9604103	0.019541
9602061	0.019507
9808139	0.019505
9802195	0.019464
9807097	0.019447
9712115	0.019433
9712077	0.019432
9702101	0.019404
9603097	0.019330
9605023	0.019249
9901079	0.019237
9804159	0.019201
9908141	0.019152
9809021	0.019141
9703039	0.019099
103163	0.019071
9703179	0.019030
9709033	0.018973
9811139	0.018830
9906161	0.018822
9701151	0.018821
9806091	0.018783
9806103	0.018764
9805191	0.018758
9904013	0.018757
9710065	0.018753
9606165	0.018736
9903205	0.018727
9807137	0.018705
9712211	0.018703
9809111	0.018693
9609041	0.018648
9805051	0.018645
9605077	0.018640
12267	0.018629
3075	0.018619
203231	0.018575
9604043	0.018560
212193	0.018537
9902073	0.018526
9903165	0.018506
9811047	0.018465
202157	0.018403
105159	0.018391
9903213	0.018319
9608127	0.018294
8015	0.018292
302191	0.018290
9801019	0.018259
108101	0.018250
9812035	0.018221
9811101	0.018218
9910001	0.018209
9911067	0.018197
9906235	0.018181
9512017	0.018169
9702079	0.018159
5087	0.018146
9804035	0.018145
9810195	0.018143
107167	0.018096
9512161	0.018012
9604139	0.017989
9811193	0.017963
9705225	0.017962
203093	0.017901
11127	0.017871
9806169	0.017817
9809103	0.017795
9710007	0.017789
9701053	0.017767
9609225	0.017747
204051	0.017742
9711029	0.017736
9605091	0.017724
9902125	0.017723
9508177	0.017707
9812073	0.017697
9711005	0.017694
9712075	0.017689
9703009	0.017689
9711083	0.017676
9705113	0.017676
2223	0.017668
9907117	0.017646
9706211	0.017639
9909215	0.017628
9802069	0.017573
9608095	0.017563
9607139	0.017553
9603147	0.017553
209235	0.017549
205067	0.017545
101219	0.017539
9808159	0.017536
9908065	0.017519
9712179	0.017519
9907101	0.017517
9511157	0.017517
9908023	0.017514
9804027	0.017513
9801183	0.017495
9701139	0.017494
103031	0.017474
110173	0.017462
1077	0.017461
9707259	0.017458
9707261	0.017456
9710121	0.017442
9802163	0.017440
103171	0.017434
9802133	0.017428
9606113	0.017424
106113	0.017408
9507115	0.017317
9610077	0.017314
9611063	0.017307
9912257	0.017300
9706097	0.017245
9902155	0.017230
10143	0.017227
2191	0.017224
9609219	0.017193
9612215	0.017187
9606169	0.017135
9506057	0.017127
9512145	0.017126
9701095	0.017113
9812071	0.017088
9806155	0.017086
9904191	0.017080
9711143	0.017073
9804141	0.017016
9712141	0.017002
212313	0.016992
9612015	0.016965
10279	0.016961
9605051	0.016945
9806151	0.016937
9603133	0.016935
9705175	0.016929
9610237	0.016921
9706047	0.016918
9808143	0.016917
9909129	0.016909
9910237	0.016894
9907123	0.016846
210217	0.016838
9506011	0.016836
3203	0.016822
9702077	0.016801
9702133	0.016800
111187	0.016792
202191	0.016791
9803209	0.016745
9602049	0.016739
202153	0.016722
9512127	0.016720
9902079	0.016717
9612153	0.016712
9911081	0.016711
5021	0.016686
11111	0.016671
11095	0.016667
209067	0.016646
9811089	0.016633
205075	0.016614
9511171	0.016591
9812027	0.016590
9207053	0.016574
9609053	0.016567
1001	0.016556
9803235	0.016532
9802005	0.016499
9903109	0.016484
9610171	0.016459
212245	0.016451
6103	0.016451
9609071	0.016442
105229	0.016430
3033	0.016429
9907211	0.016425
9706071	0.016401
112073	0.016398
9707075	0.016395
9906151	0.016392
8013	0.016386
9806141	0.016384
9902149	0.016370
9710137	0.016357
9805027	0.016352
11131	0.016330
9610085	0.016319
9709015	0.016303
9805121	0.016285
202109	0.016283
1083	0.016228
202083	0.016213
9912073	0.016183
9802099	0.016156
9609095	0.016134
209241	0.016129
9811131	0.016127
108205	0.016122
9805165	0.016108
9704123	0.016107
9906075	0.016106
9905227	0.016091
5151	0.016088
9805105	0.016080
106061	0.016062
9711037	0.016058
3187	0.016052
1103	0.016050
9903157	0.016049
9905037	0.016026
9811201	0.016024
9708123	0.016019
9708055	0.016018
10105	0.015997
106127	0.015952
9904197	0.015916
9906081	0.015915
9607011	0.015907
9512081	0.015890
2175	0.015883
9902101	0.015869
9912249	0.015867
9604097	0.015852
9213	0.015846
9903105	0.015837
9612229	0.015828
9811237	0.015808
9711001	0.015807
9609145	0.015802
2211	0.015778
9510227	0.015771
9901159	0.015750
201081	0.015743
9705169	0.015739
9609181	0.015735
9803191	0.015719
303055	0.015709
9801205	0.015702
9904129	0.015698
9906201	0.015695
9510093	0.015695
9706151	0.015689
9511159	0.015674
206081	0.015667
9189	0.015659
4063	0.015614
9608109	0.015614
105035	0.015612
9901121	0.015610
9802033	0.015583
9607051	0.015550
9804093	0.015520
9912241	0.015519
9507113	0.015489
9612251	0.015476
9801181	0.015460
9601007	0.015453
9607107	0.015415
9702107	0.015400
9810099	0.015385
9901149	0.015383
3119	0.015374
9907047	0.015355
207173	0.015353
9608005	0.015333
209201	0.015314
9805207	0.015304
9702153	0.015300
9701069	0.015295
3183	0.015281
5049	0.015276
9804087	0.015266
9702205	0.015263
9803067	0.015247
109127	0.015246
9702045	0.015231
7253	0.015205
12145	0.015201
9608061	0.015198
9809009	0.015158
1127	0.015118
9910109	0.015085
9701143	0.015069
301055	0.015060
105245	0.015042
106161	0.015034
5047	0.015021
9901105	0.015017
212253	0.014999
9904147	0.014993
9902059	0.014989
9903219	0.014984
9512129	0.014968
9710053	0.014959
9503179	0.014953
303173	0.014953
1055	0.014942
9707179	0.014941
9807127	0.014920
12183	0.014907
3289	0.014907
9709013	0.014904
9902105	0.014901
9808157	0.014900
105023	0.014897
103067	0.014891
103165	0.014889
9702167	0.014879
102041	0.014875
202111	0.014874
9906137	0.014846
9605131	0.014807
205251	0.014787
9025	0.014783
9806051	0.014766
203021	0.014766
9907177	0.014745
9510129	0.014738
211259	0.014737
9712063	0.014734
9902197	0.014731
9512121	0.014717
106081	0.014706
4075	0.014702
112059	0.014674
5247	0.014671
10179	0.014634
9711067	0.014629
7011	0.014621
9706073	0.014608
9704075	0.014608
3147	0.014604
9912133	0.014599
9906055	0.014598
108161	0.014595
206255	0.014581
9701185	0.014580
9605201	0.014559
9806115	0.014559
9908165	0.014558
9701169	0.014552
9803163	0.014536
9610053	0.014532
2237	0.014531
107119	0.014527
9608039	0.014518
9811013	0.014511
6041	0.014506
9511213	0.014502
9804105	0.014496
9508091	0.014490
9911205	0.014484
9801127	0.014479
9901041	0.014477
9712005	0.014466
9808079	0.014465
9703133	0.014454
206045	0.014447
9812067	0.014440
9211	0.014435
204071	0.014424
204047	0.014383
9802091	0.014380
9610205	0.014372
9907095	0.014345
9612127	0.014302
206175	0.014279
202131	0.014276
9805145	0.014260
9910041	0.014256
9801093	0.014245
9708089	0.014243
9609161	0.014231
9711043	0.014229
9703073	0.014228
9904073	0.014201
9806069	0.014187
9801147	0.014172
9707119	0.014157
1213	0.014154
9812163	0.014149
9912027	0.014149
9306069	0.014142
9608183	0.014139
11077	0.014138
9503115	0.014133
9705163	0.014120
9803249	0.014118
112005	0.014092
9504095	0.014077
9611233	0.014053
9912107	0.014046
9711093	0.014036
9704095	0.014033
9807093	0.014028
9810237	0.014011
9710085	0.013987
9804019	0.013983
9712073	0.013979
9804209	0.013951
9909095	0.013942
106109	0.013941
9809067	0.013934
9807205	0.013928
9706153	0.013909
9906011	0.013905
9702189	0.013903
102173	0.013895
9909219	0.013891
209169	0.013890
9705173	0.013889
9907075	0.013886
9908077	0.013866
9606049	0.013862
9809061	0.013859
10223	0.013837
108221	0.013834
9709113	0.013813
211123	0.013807
9808161	0.013756
7067	0.013755
12137	0.013754
9701123	0.013753
9808117	0.013749
205201	0.013745
9512089	0.013740
8091	0.013737
9810243	0.013737
9902055	0.013731
9902067	0.013722
9605009	0.013721
203257	0.013712
9806011	0.013710
9712195	0.013707
9911169	0.013700
9802151	0.013658
9906027	0.013656
9706099	0.013655
9810225	0.013619
9810123	0.013612
104169	0.013607
9703099	0.013599
205155	0.013598
107185	0.013590
9711069	0.013588
9806171	0.013586
9708119	0.013580
112195	0.013571
105039	0.013568
106171	0.013539
9607229	0.013533
9903033	0.013486
9802121	0.013483
9906039	0.013479
106191	0.013476
9603033	0.013473
8203	0.013472
1041	0.013470
9904087	0.013466
9702061	0.013442
105171	0.013438
6009	0.013431
9406105	0.013427
9801053	0.013420
5213	0.013413
9811087	0.013409
9905075	0.013408
9812049	0.013389
9603113	0.013385
9804151	0.013384
9607227	0.013382
9503057	0.013381
108043	0.013378
203191	0.013375
3211	0.013367
205321	0.013358
9807055	0.013340
3055	0.013334
9912079	0.013332
211291	0.013328
9135	0.013325
9807011	0.013308
9612131	0.013288
9812093	0.013286
9805069	0.013261
9802153	0.013237
9704059	0.013236
9709037	0.013231
9603099	0.013226
4147	0.013222
9905143	0.013222
108055	0.013215
9903123	0.013215
105155	0.013191
9811021	0.013190
9903217	0.013162
9702103	0.013158
9604127	0.013157
9701165	0.013145
8141	0.013143
212297	0.013129
9611189	0.013089
9910105	0.013073
102077	0.013071
9705111	0.013069
9901033	0.013048
9808081	0.013030
9706165	0.013018
201215	0.013018
9907019	0.013016
112081	0.013009
208163	0.012999
9802185	0.012972
201145	0.012956
9711205	0.012952
9711157	0.012944
211029	0.012940
9903207	0.012929
3221	0.012929
9711003	0.012925
9901057	0.012924
203233	0.012924
10117	0.012920
103169	0.012920
103047	0.012918
206071	0.012913
9912007	0.012909
9908019	0.012908
9405117	0.012892
9704051	0.012890
9810051	0.012885
9905195	0.012855
2011	0.012851
104059	0.012787
2165	0.012765
9910217	0.012762
205037	0.012757
9905085	0.012747
212277	0.012745
9712159	0.012741
101099	0.012712
5217	0.012711
9805143	0.012708
2125	0.012702
9803239	0.012702
9805041	0.012698
9704165	0.012697
9704197	0.012695
9807225	0.012690
205301	0.012689
9808069	0.012686
9708099	0.012670
9806075	0.012664
9605073	0.012661
9711089	0.012658
102085	0.012641
9812121	0.012640
9607067	0.012634
9604057	0.012627
9811167	0.012622
9602097	0.012617
9611209	0.012614
205213	0.012599
205177	0.012589
9911037	0.012585
9806143	0.012579
9610045	0.012577
12131	0.012570
9903085	0.012549
12201	0.012531
9906109	0.012529
9801125	0.012519
9808177	0.012508
101033	0.012496
9911251	0.012491
206161	0.012491
9712145	0.012479
9809065	0.012475
205311	0.012456
9910117	0.012450
9803127	0.012438
201037	0.012437
212111	0.012429
302019	0.012429
9809059	0.012427
9903025	0.012425
9804009	0.012425
5065	0.012420
112045	0.012419
9506075	0.012416
9911115	0.012409
202179	0.012399
9604199	0.012393
110007	0.012390
9308139	0.012375
9702037	0.012369
203203	0.012356
303057	0.012353
9804095	0.012352
9904149	0.012347
9810053	0.012344
9903065	0.012329
9811005	0.012329
9808175	0.012326
9904113	0.012325
9607041	0.012322
9712143	0.012321
9705165	0.012320
9607109	0.012316
9701055	0.012314
9904011	0.012311
9805091	0.012293
9811251	0.012284
9612085	0.012281
9709063	0.012275
8211	0.012258
9712223	0.012257
9903195	0.012250
1057	0.012248
207245	0.012237
203229	0.012236
9609075	0.012228
9709053	0.012227
9806235	0.012224
9907029	0.012218
110271	0.012216
9904179	0.012215
9710165	0.012211
1177	0.012206
12249	0.012201
9607057	0.012198
109081	0.012196
201205	0.012189
8125	0.012184
9810023	0.012177
9703059	0.012167
9710239	0.012167
3037	0.012154
103115	0.012153
10119	0.012150
9801109	0.012139
9706051	0.012135
9910099	0.012133
4111	0.012126
111135	0.012122
9708041	0.012119
104037	0.012118
9807235	0.012113
206005	0.012111
9611163	0.012102
9711081	0.012077
203083	0.012076
9802147	0.012071
9410237	0.012047
2157	0.012039
9199	0.012036
304007	0.012035
303223	0.012029
9904133	0.012019
6019	0.012015
9810151	0.012012
101043	0.012009
9912047	0.011998
103233	0.011995
112223	0.011991
9607019	0.011980
9019	0.011972
9707225	0.011959
3059	0.011951
7061	0.011945
9247	0.011932
9810135	0.011928
9712257	0.011927
4195	0.011919
9705063	0.011919
9309097	0.011917
9903227	0.011905
9707251	0.011898
9710033	0.011894
8019	0.011886
9903145	0.011869
9811257	0.011868
9712105	0.011864
9706115	0.011861
5241	0.011861
108233	0.011831
9612143	0.011830
9912209	0.011829
206033	0.011817
9805123	0.011810
204033	0.011796
9602073	0.011787
4165	0.011778
9801095	0.011777
9809179	0.011777
9507027	0.011774
9706175	0.011758
9803265	0.011755
9706083	0.011752
9047	0.011750
9808183	0.011750
107057	0.011745
9805007	0.011741
1131	0.011735
8041	0.011732
9906193	0.011723
9708039	0.011720
9711031	0.011718
9607105	0.011716
103187	0.011715
9907145	0.011710
2091	0.011709
9902195	0.011706
108169	0.011701
9602153	0.011690
101211	0.011675
206057	0.011673
3019	0.011655
9503127	0.011640
205015	0.011623
9707089	0.011621
9906023	0.011616
109217	0.011613
9804065	0.011604
9708117	0.011602
9902205	0.011593
9506077	0.011586
210093	0.011578
9809213	0.011576
7097	0.011576
9810069	0.011560
9810179	0.011550
9904137	0.011550
9912177	0.011549
11041	0.011543
9505023	0.011530
9706197	0.011523
9811097	0.011521
9610155	0.011516
9804149	0.011511
103159	0.011505
9606173	0.011501
9911253	0.011488
105309	0.011488
9801023	0.011484
9710151	0.011480
9801145	0.011478
12135	0.011474
9904117	0.011468
105097	0.011458
11251	0.011449
9912161	0.011445
9810083	0.011444
4037	0.011440
205089	0.011438
9803141	0.011437
9603051	0.011431
1143	0.011430
9602145	0.011429
9903161	0.011422
205221	0.011406
9911041	0.011384
9510023	0.011373
8249	0.011372
9903237	0.011371
106117	0.011364
9810219	0.011353
9408083	0.011353
9605135	0.011350
3213	0.011342
9811243	0.011337
9906101	0.011335
106045	0.011332
9804175	0.011319
12075	0.011316
205185	0.011314
105237	0.011311
106253	0.011301
110201	0.011299
11039	0.011296
9906217	0.011292
207105	0.011283
9905211	0.011268
9806225	0.011264
9806099	0.011251
203223	0.011250
9910019	0.011247
9904153	0.011217
106015	0.011217
9905091	0.011211
9808191	0.011197
9610031	0.011189
9908201	0.011188
9904143	0.011184
12141	0.011180
11029	0.011168
9809045	0.011167
9712021	0.011167
9812109	0.011166
9712013	0.011159
9905049	0.011148
110265	0.011147
9811147	0.011139
9509009	0.011128
211009	0.011127
9705137	0.011119
9703209	0.011119
9908163	0.011115
9906087	0.011111
211101	0.011097
209145	0.011093
9612249	0.011092
9903107	0.011087
9708001	0.011078
105117	0.011076
9608167	0.011074
7211	0.011073
101087	0.011065
6033	0.011060
9908153	0.011054
9905053	0.011038
9702109	0.011027
9804163	0.011025
9905055	0.011021
9906211	0.011009
112037	0.011009
8213	0.011008
210183	0.011007
9804031	0.011001
9802173	0.011000
110087	0.010999
9611119	0.010989
9811217	0.010988
303073	0.010987
202193	0.010977
9708127	0.010971
9811107	0.010965
9611029	0.010961
107177	0.010952
210135	0.010946
304143	0.010934
212329	0.010931
3235	0.010926
9711013	0.010917
204183	0.010912
209127	0.010911
7209	0.010906
206155	0.010900
207071	0.010894
9607121	0.010882
9702083	0.010874
9908001	0.010871
203211	0.010871
9807179	0.010867
207009	0.010859
9807109	0.010852
9905015	0.010851
12251	0.010850
9908035	0.010843
106247	0.010825
211141	0.010823
9903031	0.010803
5003	0.010802
112145	0.010794
9512061	0.010782
211115	0.010778
9801121	0.010770
9907175	0.010765
9903067	0.010761
9709171	0.010759
9903163	0.010758
9409021	0.010751
9709193	0.010751
203163	0.010741
104251	0.010741
7241	0.010734
9706057	0.010734
9612119	0.010733
2117	0.010725
9603073	0.010721
9712201	0.010721
9611205	0.010721
9712163	0.010707
9808185	0.010701
208165	0.010677
211195	0.010675
9131	0.010674
1093	0.010672
3057	0.010671
9708105	0.010670
9906099	0.010665
9903203	0.010664
9909179	0.010660
9187	0.010652
9806001	0.010647
209189	0.010638
9706155	0.010622
112219	0.010609
9712061	0.010604
9903043	0.010600
9912125	0.010584
9801081	0.010580
9804113	0.010558
101001	0.010556
9806201	0.010551
204043	0.010549
9812039	0.010541
9901143	0.010540
9801067	0.010525
9611103	0.010524
9604133	0.010514
9039	0.010512
9510207	0.010498
9804067	0.010489
9909017	0.010482
9611201	0.010481
9807071	0.010478
9508117	0.010471
9906029	0.010469
9703077	0.010469
9907129	0.010463
4123	0.010462
9905209	0.010458
9812139	0.010456
107067	0.010456
5111	0.010451
204103	0.010448
9812117	0.010447
1053	0.010430
203239	0.010429
9703049	0.010428
9803189	0.010422
9511079	0.010422
9901021	0.010419
12081	0.010418
9801173	0.010415
11253	0.010395
9706185	0.010390
9712177	0.010387
9911119	0.010384
9606191	0.010383
302087	0.010382
203019	0.010381
9912155	0.010379
111165	0.010378
111119	0.010375
11079	0.010374
9905161	0.010370
9710059	0.010369
211069	0.010367
9710023	0.010365
9510053	0.010365
103021	0.010349
9502057	0.010349
3101	0.010334
9904083	0.010330
203023	0.010323
109029	0.010320
9806177	0.010313
9907133	0.010312
6071	0.010312
111179	0.010303
204257	0.010301
9905031	0.010271
1149	0.010255
205171	0.010251
1051	0.010247
9802085	0.010239
210039	0.010233
5117	0.010225
304061	0.010221
204045	0.010216
9911021	0.010212
10069	0.010196
211025	0.010196
9708157	0.010186
112119	0.010180
108239	0.010174
207257	0.010169
110189	0.010168
9912157	0.010156
9806173	0.010151
9601179	0.010150
9601171	0.010140
8149	0.010136
9610049	0.010128
3245	0.010123
9302103	0.010118
9805217	0.010108
9910049	0.010107
9806213	0.010105
9609059	0.010100
210007	0.010097
12049	0.010095
9903087	0.010092
9907219	0.010091
106255	0.010090
9609173	0.010089
9906191	0.010086
9507011	0.010083
104239	0.010078
9903079	0.010078
9608137	0.010069
4077	0.010067
2189	0.010062
111209	0.010054
1201	0.010051
209009	0.010050
9909121	0.010028
9804173	0.010025
210083	0.010024
103247	0.010022
9904041	0.010021
9909059	0.010021
9704125	0.010020
9906073	0.010019
7157	0.010008
9806139	0.009998
9705065	0.009997
9901091	0.009996
9704117	0.009991
11089	0.009990
9811213	0.009986
9712059	0.009983
109057	0.009981
209219	0.009972
204023	0.009968
11245	0.009966
9912165	0.009958
8075	0.009953
304169	0.009948
9907115	0.009945
4151	0.009931
9905097	0.009920
9512043	0.009909
9712199	0.009903
209163	0.009885
102097	0.009881
105235	0.009878
9907023	0.009873
9904217	0.009871
9705237	0.009869
9103	0.009864
206103	0.009861
209179	0.009861
9707131	0.009854
12033	0.009847
4113	0.009837
9809145	0.009835
9803259	0.009834
3017	0.009832
9605053	0.009825
301135	0.009825
108167	0.009819
9704021	0.009817
9804123	0.009817
6215	0.009812
9704109	0.009807
9605215	0.009803
201093	0.009803
207083	0.009795
3281	0.009794
303253	0.009787
9909071	0.009784
9812081	0.009780
9808101	0.009758
301123	0.009755
9905137	0.009753
9711105	0.009750
109065	0.009744
9811207	0.009737
9703007	0.009718
9804061	0.009713
207171	0.009711
9911039	0.009687
9608099	0.009687
210133	0.009681
9303057	0.009677
208003	0.009675
105049	0.009671
7055	0.009667
12213	0.009664
9801175	0.009660
208101	0.009658
208095	0.009646
9712011	0.009641
9709211	0.009637
208187	0.009633
9809055	0.009632
108075	0.009630
9804037	0.009621
202065	0.009613
9710097	0.009610
209085	0.009607
211097	0.009604
9503207	0.009603
9712133	0.009603
9711109	0.009597
9508089	0.009595
9907201	0.009585
4141	0.009584
203187	0.009583
9211097	0.009582
9903113	0.009580
9706131	0.009577
9909085	0.009576
206239	0.009576
111093	0.009572
211023	0.009571
9806191	0.009566
103015	0.009557
9904187	0.009554
105047	0.009549
9611065	0.009549
9912167	0.009545
9604037	0.009543
202189	0.009541
9712221	0.009541
9903209	0.009538
6037	0.009531
10137	0.009509
110115	0.009508
10169	0.009508
9906153	0.009504
9901161	0.009501
9804069	0.009498
111163	0.009494
9910263	0.009494
206107	0.009493
9810035	0.009493
205265	0.009489
9804131	0.009480
9810149	0.009477
9902161	0.009462
9404151	0.009462
9704187	0.009453
11179	0.009436
9712029	0.009435
9906175	0.009434
302171	0.009428
9905173	0.009425
12129	0.009423
3145	0.009423
12265	0.009415
208029	0.009401
9610111	0.009395
4185	0.009393
9701077	0.009391
210115	0.009391
9712135	0.009388
9807149	0.009386
9910207	0.009377
301253	0.009372
9606199	0.009371
9607193	0.009370
303087	0.009370
212057	0.009369
9812159	0.009368
4103	0.009367
103001	0.009364
111121	0.009363
209257	0.009362
9909041	0.009362
9910013	0.009353
303075	0.009353
9906179	0.009348
203057	0.009340
9906221	0.009334
9612231	0.009333
9611151	0.009330
4117	0.009330
205129	0.009330
9804055	0.009326
9909177	0.009320
206191	0.009312
9911091	0.009309
9701023	0.009302
105207	0.009287
9711145	0.009284
303109	0.009283
9909213	0.009278
9903093	0.009272
9903259	0.009259
6113	0.009253
205303	0.009239
9512005	0.009234
9703195	0.009232
9705029	0.009230
9702159	0.009229
5007	0.009225
9507151	0.009221
9905205	0.009220
208065	0.009220
9812169	0.009219
301105	0.009218
3175	0.009213
9905115	0.009213
105139	0.009207
9910145	0.009206
9709225	0.009205
9903023	0.009202
104031	0.009200
9906031	0.009199
9902123	0.009198
9810075	0.009197
204079	0.009197
9809075	0.009185
212293	0.009182
212069	0.009180
9902005	0.009179
12029	0.009167
9709001	0.009165
9710223	0.009165
9308083	0.009162
6231	0.009157
207125	0.009150
9907203	0.009145
10015	0.009137
111151	0.009132
9907093	0.009130
212207	0.009121
207145	0.009113
208107	0.009108
9605017	0.009107
9169	0.009088
1011	0.009079
9906127	0.009076
11217	0.009065
9015	0.009065
207111	0.009061
9705239	0.009058
10115	0.009057
9908129	0.009056
102007	0.009054
9903181	0.009048
12079	0.009047
208047	0.009039
9510173	0.009033
9606039	0.009032
109053	0.009028
1089	0.009026
9712149	0.009022
7041	0.009021
9803041	0.009016
9803013	0.009016
303219	0.009014
103181	0.009010
103003	0.009009
2039	0.009007
111079	0.009007
9607125	0.008998
9812079	0.008995
9907003	0.008993
9908167	0.008992
212061	0.008984
9512177	0.008983
9607113	0.008973
9806039	0.008967
9504113	0.008964
302027	0.008954
9701129	0.008951
204127	0.008950
12051	0.008948
7043	0.008945
204189	0.008936
9906103	0.008932
9911123	0.008932
3237	0.008908
9802041	0.008904
210035	0.008898
301071	0.008897
9608195	0.008893
209013	0.008892
8119	0.008883
105227	0.008877
9904115	0.008876
206029	0.008873
9908109	0.008853
3129	0.008850
111017	0.008846
9603069	0.008844
9611111	0.008843
9710219	0.008840
9909105	0.008832
9909051	0.008830
9812021	0.008826
9903117	0.008826
3115	0.008825
9909109	0.008821
107143	0.008818
9605047	0.008818
9510079	0.008818
9611197	0.008818
9505025	0.008816
4049	0.008814
9904181	0.008810
6085	0.008806
206051	0.008802
9903089	0.008801
9704043	0.008800
1065	0.008795
1179	0.008793
10151	0.008793
9711039	0.008791
210105	0.008787
9807085	0.008786
211135	0.008782
9602005	0.008762
304129	0.008755
9904071	0.008755
11093	0.008754
11271	0.008753
212337	0.008752
9812227	0.008751
9803217	0.008746
9061	0.008744
2029	0.008734
105291	0.008733
209191	0.008727
9701075	0.008713
9810205	0.008712
205141	0.008712
9810021	0.008710
112227	0.008707
5073	0.008700
212233	0.008697
9803123	0.008690
9185	0.008687
9710155	0.008681
9707139	0.008680
9901139	0.008679
9706127	0.008676
9903051	0.008673
9906105	0.008672
105137	0.008662
12035	0.008659
10017	0.008658
7109	0.008644
9805099	0.008640
9903007	0.008638
9708153	0.008638
5081	0.008629
303081	0.008628
103239	0.008623
12121	0.008621
206237	0.008620
9903049	0.008620
9408013	0.008608
9703051	0.008608
205279	0.008605
110209	0.008605
301187	0.008601
9907085	0.008591
9911137	0.008588
9601059	0.008581
7023	0.008580
9709199	0.008580
9708103	0.008578
9907015	0.008571
9609065	0.008571
9701015	0.008569
9907113	0.008568
105083	0.008567
202127	0.008566
6165	0.008561
5105	0.008560
209239	0.008549
104139	0.008536
9808051	0.008533
9807117	0.008530
110041	0.008528
9901117	0.008528
9810159	0.008526
112131	0.008524
9911153	0.008517
11085	0.008509
11269	0.008507
9909077	0.008507
209225	0.008506
102113	0.008500
9804011	0.008500
9712039	0.008499
9710119	0.008498
6239	0.008493
105113	0.008481
111085	0.008480
3051	0.008480
106149	0.008479
9703047	0.008479
9705013	0.008476
9901093	0.008467
9604051	0.008463
9902023	0.008461
9803003	0.008460
103111	0.008456
201243	0.008453
7133	0.008451
102121	0.008447
101119	0.008444
9812143	0.008441
9701163	0.008438
7147	0.008433
103177	0.008429
104065	0.008428
9901045	0.008427
107153	0.008419
9057	0.008417
9912013	0.008413
107261	0.008412
9181	0.008411
9912139	0.008410
9810227	0.008410
107051	0.008408
4159	0.008400
9809133	0.008399
301091	0.008399
9602045	0.008391
9811049	0.008389
104111	0.008380
9610151	0.008377
204203	0.008375
3121	0.008373
110109	0.008357
108229	0.008353
110263	0.008352
9902191	0.008351
9709209	0.008346
9812119	0.008345
6141	0.008341
9910087	0.008340
101199	0.008339
205033	0.008338
9605059	0.008334
10047	0.008333
9505045	0.008332
6107	0.008329
9812095	0.008323
9806059	0.008320
2235	0.008317
9902087	0.008316
201209	0.008315
9910233	0.008307
9708065	0.008300
9807139	0.008298
9208027	0.008294
9910267	0.008292
9607223	0.008292
107163	0.008290
105101	0.008288
112153	0.008286
109055	0.008282
207247	0.008281
112099	0.008278
10061	0.008277
9911245	0.008272
209047	0.008270
9802179	0.008269
9907143	0.008267
9606043	0.008266
9707247	0.008257
9601023	0.008256
9805107	0.008255
10263	0.008249
9607157	0.008247
202003	0.008247
9712193	0.008245
4011	0.008240
9708091	0.008236
10165	0.008224
10237	0.008223
9912227	0.008216
10189	0.008206
8201	0.008203
6219	0.008193
9710207	0.008192
9910011	0.008190
9809173	0.008189
111231	0.008187
102035	0.008185
8173	0.008179
101235	0.008173
9609005	0.008172
9808019	0.008166
9711017	0.008165
208079	0.008163
9609159	0.008163
209089	0.008160
9606133	0.008158
9910065	0.008156
103243	0.008153
9912159	0.008149
9608093	0.008128
9611175	0.008126
203249	0.008125
9902071	0.008124
201129	0.008120
107115	0.008119
7215	0.008118
107031	0.008118
9806133	0.008116
9812003	0.008109
1049	0.008108
9610119	0.008101
9605101	0.008101
9712109	0.008088
9805209	0.008087
9907179	0.008087
207037	0.008084
9908125	0.008084
107213	0.008083
9801207	0.008079
110281	0.008078
9706007	0.008073
9711073	0.008071
7173	0.008070
2111	0.008066
4179	0.008065
9807183	0.008061
302127	0.008054
207027	0.008048
9610195	0.008047
9908113	0.008042
303033	0.008040
3025	0.008037
108191	0.008035
206141	0.008034
9812017	0.008033
5211	0.008033
9910249	0.008029
9909087	0.008026
9811045	0.008023
9602167	0.008005
6201	0.008005
209081	0.008005
3123	0.008003
9912119	0.007999
9904101	0.007997
9506037	0.007996
9405069	0.007996
9905087	0.007995
110175	0.007994
205061	0.007994
9707011	0.007993
1183	0.007990
112197	0.007990
9806081	0.007977
9912287	0.007976
10233	0.007976
9801189	0.007970
9703145	0.007961
9706079	0.007957
9701009	0.007957
9812097	0.007955
9909091	0.007955
2199	0.007955
10091	0.007954
209095	0.007945
9609123	0.007938
9907107	0.007936
9408155	0.007933
9405171	0.007933
9706005	0.007929
207129	0.007921
9903215	0.007917
9702075	0.007914
9901055	0.007911
212063	0.007910
3131	0.007906
8209	0.007901
204201	0.007899
9710057	0.007891
203097	0.007889
301217	0.007885
9710247	0.007882
204101	0.007878
205227	0.007877
209057	0.007874
6139	0.007869
9704177	0.007869
9801061	0.007864
9708003	0.007862
9901059	0.007859
204025	0.007856
108025	0.007853
9911173	0.007851
9904063	0.007843
4131	0.007839
9308075	0.007836
6193	0.007834
4155	0.007833
12263	0.007826
201247	0.007824
9908017	0.007823
9808187	0.007820
2255	0.007818
208161	0.007818
11279	0.007817
206223	0.007817
206243	0.007814
108135	0.007814
9707027	0.007810
3263	0.007804
9708137	0.007803
3085	0.007797
9706157	0.007787
9604059	0.007786
111225	0.007785
9907079	0.007778
304127	0.007774
201153	0.007770
9611051	0.007769
9810157	0.007760
12091	0.007753
9402005	0.007745
9708017	0.007743
9805141	0.007738
9707207	0.007736
9912019	0.007735
9601011	0.007719
9907099	0.007706
9910017	0.007698
11191	0.007695
110039	0.007693
9607185	0.007692
202201	0.007685
9811145	0.007681
212183	0.007676
303157	0.007670
9603059	0.007669
203265	0.007668
102185	0.007667
9607239	0.007665
9808119	0.007664
107111	0.007660
9912261	0.007655
10127	0.007655
6023	0.007652
9707071	0.007652
9810155	0.007650
9701153	0.007645
112083	0.007640
9905183	0.007640
9609209	0.007638
204253	0.007637
12025	0.007634
9711027	0.007633
4023	0.007629
12169	0.007629
102009	0.007625
210193	0.007622
9607151	0.007621
9604013	0.007620
9812175	0.007619
9704077	0.007618
9906203	0.007617
9807019	0.007614
9709029	0.007612
9207	0.007610
9705023	0.007607
301171	0.007603
203041	0.007597
9708083	0.007596
9912277	0.007596
210239	0.007591
9911149	0.007589
5123	0.007582
106177	0.007575
12037	0.007571
9611007	0.007569
210011	0.007568
105059	0.007561
211139	0.007560
201075	0.007558
9805071	0.007544
209223	0.007540
110225	0.007540
9711015	0.007538
201221	0.007529
9709061	0.007520
9708063	0.007508
9909013	0.007504
9608113	0.007503
2103	0.007487
9903225	0.007484
9804183	0.007483
212081	0.007479
11115	0.007477
9606035	0.007475
5129	0.007474
211059	0.007473
9910183	0.007471
209029	0.007471
9912145	0.007469
2025	0.007466
9905071	0.007466
9711099	0.007466
9710191	0.007466
9908135	0.007465
12179	0.007463
9907061	0.007463
9911197	0.007462
9904089	0.007460
9903233	0.007455
8073	0.007451
9702031	0.007449
9101	0.007448
9906207	0.007447
11175	0.007436
210195	0.007433
9710049	0.007420
9701045	0.007417
109063	0.007416
9807187	0.007414
205165	0.007414
106073	0.007412
9909053	0.007408
9505067	0.007407
101145	0.007407
9801161	0.007403
301151	0.007402
9808039	0.007400
1197	0.007400
3031	0.007398
9710129	0.007392
304197	0.007391
109149	0.007390
9905219	0.007388
210005	0.007386
112043	0.007379
304263	0.007378
9910149	0.007373
9210065	0.007373
9404071	0.007365
201185	0.007359
5153	0.007359
9911193	0.007353
9607001	0.007350
9505051	0.007349
9906077	0.007348
3151	0.007346
9710141	0.007343
103033	0.007338
207199	0.007335
9909229	0.007333
9905221	0.007333
9910219	0.007329
103167	0.007329
9910143	0.007326
9903129	0.007324
9706039	0.007312
9707003	0.007311
9903143	0.007307
9507135	0.007302
3219	0.007300
301025	0.007298
9806019	0.007297
9812141	0.007291
111027	0.007290
1123	0.007284
303089	0.007281
5061	0.007279
111247	0.007265
9805031	0.007263
9704067	0.007263
204029	0.007262
212021	0.007261
9705209	0.007260
203049	0.007260
303225	0.007259
108085	0.007251
9171	0.007249
110111	0.007247
9910197	0.007246
9711203	0.007244
301223	0.007234
211181	0.007234
9611123	0.007225
9804041	0.007216
210313	0.007209
9707195	0.007208
9912225	0.007208
2205	0.007208
6011	0.007206
9802187	0.007193
207241	0.007193
105019	0.007193
9812013	0.007182
9908039	0.007181
9710181	0.007177
11009	0.007177
9807213	0.007174
205051	0.007174
10045	0.007174
9911117	0.007173
11247	0.007171
304025	0.007169
108187	0.007169
6189	0.007168
2009	0.007162
202183	0.007161
4125	0.007156
9804057	0.007150
9707157	0.007147
9906057	0.007146
110093	0.007143
206247	0.007142
9703157	0.007140
9905159	0.007137
211285	0.007135
9908047	0.007130
302059	0.007126
9209	0.007123
206065	0.007122
102157	0.007116
9806109	0.007107
5163	0.007104
304271	0.007097
9707017	0.007096
9810203	0.007093
9601115	0.007085
9812165	0.007083
11281	0.007080
110297	0.007074
109213	0.007073
5135	0.007068
9605087	0.007058
9608019	0.007055
303015	0.007053
9706121	0.007053
8033	0.007053
9705069	0.007051
303141	0.007047
11241	0.007040
12211	0.007037
9502013	0.007033
9705143	0.007027
205317	0.007027
9904077	0.007020
9905073	0.007017
9612171	0.007015
9705181	0.007015
5147	0.007014
8227	0.007011
9911011	0.007010
206001	0.007009
301051	0.007007
9608047	0.007003
12159	0.007001
212177	0.007000
9512173	0.007000
9511017	0.006999
102063	0.006985
9911255	0.006979
107079	0.006973
6091	0.006972
211081	0.006972
9710029	0.006966
9910089	0.006962
9604193	0.006958
9811195	0.006958
9702165	0.006955
9909015	0.006948
211111	0.006947
9909027	0.006944
8053	0.006943
9802103	0.006943
9403195	0.006938
9704027	0.006934
204027	0.006933
9709081	0.006932
11057	0.006932
9801149	0.006927
9708129	0.006926
2187	0.006926
1071	0.006924
9704189	0.006923
109147	0.006922
205109	0.006919
303233	0.006909
9902173	0.006904
9804125	0.006903
11023	0.006903
9901131	0.006902
9806149	0.006894
9606031	0.006891
207175	0.006889
9801037	0.006885
2145	0.006885
9407111	0.006882
9509145	0.006878
9141	0.006877
9903021	0.006873
9303143	0.006873
9907131	0.006872
9707001	0.006869
209105	0.006866
9612141	0.006864
9701127	0.006856
9506091	0.006853
9709049	0.006850
7075	0.006849
9051	0.006848
102151	0.006844
304183	0.006843
9806015	0.006842
208125	0.006837
9607187	0.006836
9812177	0.006831
9903003	0.006829
212257	0.006826
105061	0.006816
212211	0.006811
211089	0.006808
206059	0.006808
210175	0.006807
203031	0.006804
9806131	0.006802
9609167	0.006801
12117	0.006799
204049	0.006795
9607159	0.006794
11017	0.006789
11227	0.006787
11033	0.006786
205083	0.006780
9612027	0.006775
9175	0.006773
2073	0.006773
209205	0.006771
9906049	0.006770
107103	0.006769
9706089	0.006767
204143	0.006767
102105	0.006764
9910181	0.006761
9801141	0.006760
107131	0.006760
112187	0.006751
205073	0.006751
9909073	0.006743
9906051	0.006742
9704147	0.006738
9811183	0.006736
9801085	0.006736
206017	0.006734
9903269	0.006732
5169	0.006730
9706207	0.006729
9507063	0.006728
106155	0.006727
105289	0.006725
9609151	0.006723
106175	0.006710
7087	0.006707
302005	0.006707
9608079	0.006705
9603191	0.006705
201017	0.006704
205151	0.006703
9705005	0.006701
206193	0.006701
9610107	0.006699
105249	0.006690
9705067	0.006690
8023	0.006683
9712025	0.006682
9506113	0.006680
9608059	0.006678
9504161	0.006677
9909171	0.006675
2075	0.006668
112109	0.006663
101169	0.006658
9502077	0.006657
9901085	0.006657
107173	0.006655
9704205	0.006653
9707135	0.006653
9904069	0.006651
9612239	0.006648
6043	0.006648
210285	0.006646
9812193	0.006640
9711117	0.006638
9904005	0.006638
9504129	0.006630
102159	0.006628
9905157	0.006624
9215	0.006622
204001	0.006611
9503205	0.006610
9607145	0.006610
9909157	0.006608
207115	0.006607
301147	0.006603
207223	0.006583
9601067	0.006579
9909119	0.006577
9610091	0.006575
209155	0.006565
9901009	0.006562
106165	0.006559
9805181	0.006558
9806129	0.006553
9710073	0.006552
9707021	0.006550
207091	0.006550
9302047	0.006549
9803257	0.006546
9512139	0.006543
302011	0.006541
9511115	0.006537
9233	0.006536
210257	0.006534
9812047	0.006533
9807199	0.006532
11147	0.006531
9908169	0.006530
9808111	0.006528
9801071	0.006524
9406055	0.006521
209251	0.006509
9810031	0.006504
210265	0.006502
9059	0.006498
303237	0.006498
212107	0.006490
9801047	0.006489
9911185	0.006488
10207	0.006486
3065	0.006482
9801165	0.006481
6251	0.006479
3215	0.006479
9901103	0.006477
9807229	0.006474
9907037	0.006472
212165	0.006469
9311183	0.006467
11219	0.006466
9804099	0.006466
101143	0.006459
9901077	0.006452
210187	0.006449
9412209	0.006443
112093	0.006442
107113	0.006439
207133	0.006434
104259	0.006433
11185	0.006425
9809165	0.006425
9803097	0.006416
207081	0.006416
9912181	0.006415
104143	0.006411
9904091	0.006409
304139	0.006406
210281	0.006398
11081	0.006397
9804051	0.006392
9812209	0.006388
9709069	0.006387
9710163	0.006386
9801087	0.006384
205147	0.006381
103099	0.006381
9805189	0.006380
9604023	0.006380
9908121	0.006378
8133	0.006376
207161	0.006368
9810129	0.006367
304259	0.006364
110123	0.006357
9910185	0.006354
9603183	0.006348
11171	0.006346
9707143	0.006344
201151	0.006342
7021	0.006340
7205	0.006338
9708073	0.006336
9810063	0.006331
303135	0.006330
12247	0.006327
106103	0.006323
9906239	0.006318
9706117	0.006314
205183	0.006314
211065	0.006313
211075	0.006306
9702173	0.006303
110117	0.006303
112019	0.006298
9903221	0.006296
9704129	0.006292
11097	0.006292
9812161	0.006290
9706059	0.006288
12097	0.006276
9704007	0.006271
9811165	0.006269
203107	0.006268
105225	0.006260
304093	0.006259
9610181	0.006258
9704097	0.006256
111051	0.006256
9703127	0.006250
109133	0.006250
9906119	0.006249
304033	0.006246
202075	0.006245
304255	0.006244
105093	0.006242
211011	0.006241
103071	0.006239
9904151	0.006238
9710243	0.006238
9902137	0.006238
9805115	0.006225
108069	0.006225
9806089	0.006221
9911199	0.006219
9708093	0.006214
9505135	0.006211
9406067	0.006210
9711059	0.006208
3041	0.006199
11125	0.006198
210145	0.006196
9801039	0.006196
105269	0.006194
9211021	0.006194
11223	0.006194
9911055	0.006194
5055	0.006192
105051	0.006189
104039	0.006187
9808061	0.006182
9811245	0.006180
9908085	0.006180
9705031	0.006177
4087	0.006175
303007	0.006174
7153	0.006169
212279	0.006169
9911201	0.006168
1159	0.006166
9810257	0.006165
4093	0.006159
9212149	0.006158
3093	0.006158
207197	0.006156
9506035	0.006154
210209	0.006154
5093	0.006153
9911113	0.006149
1029	0.006148
9309039	0.006146
9705211	0.006144
9804139	0.006139
9806055	0.006134
106195	0.006132
9507169	0.006131
9703115	0.006131
9907087	0.006119
103183	0.006119
9906033	0.006117
5137	0.006113
4183	0.006107
107071	0.006106
105115	0.006105
111149	0.006104
9605229	0.006102
209255	0.006101
103229	0.006096
110049	0.006088
210229	0.006087
9203	0.006086
9605113	0.006086
102169	0.006085
9904121	0.006085
9912191	0.006082
3241	0.006082
6047	0.006081
9910245	0.006080
103153	0.006080
9704185	0.006079
9903037	0.006079
302107	0.006077
9704199	0.006073
2107	0.006072
9912151	0.006068
201183	0.006066
103041	0.006060
7031	0.006059
9910179	0.006056
9706145	0.006055
9910093	0.006054
5271	0.006053
9911057	0.006051
8029	0.006046
112009	0.006040
9904135	0.006036
112147	0.006033
207151	0.006032
8205	0.006029
4015	0.006028
9812087	0.006027
207061	0.006023
9611075	0.006018
9709135	0.006017
9191	0.006015
203025	0.006013
9907083	0.006010
10133	0.006004
101019	0.006003
108127	0.006001
9603075	0.005998
5223	0.005996
109017	0.005995
211271	0.005994
3179	0.005994
9901087	0.005993
9508107	0.005992
204191	0.005991
301249	0.005990
9805073	0.005988
3251	0.005981
9805015	0.005978
9712233	0.005973
9711163	0.005972
201029	0.005971
212103	0.005967
9705071	0.005958
6209	0.005954
8239	0.005948
105151	0.005948
9809197	0.005947
9608129	0.005945
106093	0.005944
304051	0.005944
9604101	0.005943
9810251	0.005943
107215	0.005942
9909193	0.005941
9905019	0.005933
9803095	0.005932
12193	0.005930
111129	0.005928
9706095	0.005928
9707013	0.005926
104147	0.005926
112177	0.005925
9705095	0.005922
6137	0.005921
209099	0.005917
212095	0.005917
9402113	0.005916
9704161	0.005914
9506181	0.005911
9812127	0.005908
11051	0.005907
107263	0.005894
9302109	0.005890
206207	0.005885
211121	0.005879
210041	0.005879
112071	0.005873
111181	0.005868
104069	0.005868
9808169	0.005866
9311177	0.005865
9709159	0.005865
106209	0.005862
105219	0.005859
4199	0.005851
8107	0.005851
201171	0.005850
210079	0.005848
9512153	0.005846
303035	0.005842
9609157	0.005836
1109	0.005836
3063	0.005833
9205081	0.005833
111059	0.005827
9512063	0.005825
9804021	0.005824
6067	0.005822
210291	0.005821
302105	0.005814
9905177	0.005809
9708015	0.005808
9708109	0.005807
9908071	0.005795
8231	0.005795
9909125	0.005795
9912083	0.005792
3103	0.005787
9908007	0.005785
9804129	0.005785
9608125	0.005781
9602031	0.005778
10141	0.005778
303249	0.005777
9808125	0.005773
9905117	0.005772
7001	0.005772
9704193	0.005766
208217	0.005765
206147	0.005765
9409095	0.005764
301011	0.005762
9910067	0.005762
212179	0.005755
9607027	0.005752
208077	0.005751
9904211	0.005750
209195	0.005747
202165	0.005746
109175	0.005746
9706187	0.005742
9503105	0.005741
9706107	0.005740
9612233	0.005739
9703123	0.005735
212145	0.005733
9807107	0.005732
110267	0.005730
9708025	0.005727
205209	0.005725
202187	0.005725
2141	0.005723
7127	0.005721
5183	0.005719
2127	0.005716
8225	0.005714
9903077	0.005713
11167	0.005712
9901089	0.005711
9512155	0.005708
9806245	0.005707
9910211	0.005707
9810147	0.005705
9503033	0.005705
9095	0.005705
302063	0.005705
201113	0.005703
9907215	0.005703
211213	0.005701
9802037	0.005699
9707241	0.005697
12093	0.005697
7171	0.005697
11261	0.005694
9193	0.005691
212089	0.005687
9910113	0.005684
7243	0.005681
205123	0.005680
1033	0.005676
9708133	0.005674
9506109	0.005672
201267	0.005670
10101	0.005669
9507153	0.005667
202175	0.005664
209211	0.005664
5113	0.005659
9705093	0.005656
3161	0.005651
2001	0.005650
9906155	0.005649
9509151	0.005646
10247	0.005641
101181	0.005633
108147	0.005626
207055	0.005620
9611195	0.005604
9508043	0.005604
9910015	0.005601
9602021	0.005590
9910023	0.005589
2183	0.005589
103209	0.005587
9607077	0.005580
304157	0.005580
7019	0.005578
9706225	0.005578
9704013	0.005576
303193	0.005574
303115	0.005572
4067	0.005570
9608017	0.005567
7083	0.005564
108207	0.005563
5219	0.005561
107189	0.005559
105041	0.005557
105091	0.005556
9807241	0.005555
9710001	0.005554
9910155	0.005548
9707049	0.005547
9704017	0.005537
9601117	0.005537
9804157	0.005536
9909203	0.005535
1113	0.005535
9805083	0.005534
12011	0.005533
9703171	0.005532
3173	0.005532
212117	0.005530
7007	0.005528
102095	0.005517
9810239	0.005515
110031	0.005514
9907007	0.005514
103011	0.005513
9087	0.005510
9910115	0.005509
9809187	0.005508
107141	0.005506
9606057	0.005505
209261	0.005503
102071	0.005502
6049	0.005501
9801017	0.005501
9501075	0.005495
9811141	0.005494
8151	0.005493
9712035	0.005492
10239	0.005491
207255	0.005490
9810145	0.005486
107169	0.005480
111189	0.005478
9811051	0.005477
9910043	0.005471
5275	0.005471
9809063	0.005471
108009	0.005470
9021	0.005467
304231	0.005464
8221	0.005463
9812055	0.005463
9903039	0.005455
104141	0.005451
9505123	0.005448
9911007	0.005448
101029	0.005446
212109	0.005433
205297	0.005422
110245	0.005421
9304011	0.005421
9907017	0.005418
9707007	0.005418
1205	0.005415
9511203	0.005409
9803139	0.005408
204081	0.005398
9611213	0.005398
211241	0.005392
9902129	0.005392
9712209	0.005389
9907165	0.005389
9912255	0.005388
110107	0.005386
9912185	0.005385
301059	0.005383
105125	0.005383
8065	0.005383
9609111	0.005382
9809007	0.005380
9906013	0.005380
9511227	0.005372
105089	0.005372
112193	0.005372
104253	0.005371
10005	0.005371
9608177	0.005370
9901147	0.005368
111275	0.005368
205281	0.005367
103079	0.005366
5205	0.005363
303011	0.005359
109129	0.005359
9704061	0.005358
9508163	0.005358
107025	0.005356
9511037	0.005356
303207	0.005353
301065	0.005349
9507003	0.005348
9911195	0.005347
204163	0.005338
203255	0.005336
11059	0.005335
1193	0.005334
111133	0.005333
9703101	0.005332
9604171	0.005331
9903041	0.005331
9901017	0.005330
9909103	0.005330
9812043	0.005329
104021	0.005325
9707023	0.005323
205101	0.005323
9907225	0.005322
5197	0.005322
11047	0.005322
107087	0.005321
9612021	0.005316
9606123	0.005314
9304159	0.005309
2061	0.005307
210223	0.005307
208153	0.005301
9402107	0.005299
3069	0.005298
9906243	0.005295
9902043	0.005292
12153	0.005289
9601109	0.005288
206183	0.005287
208175	0.005287
112229	0.005280
101003	0.005274
204195	0.005270
111199	0.005269
207127	0.005268
9606189	0.005266
1133	0.005261
112063	0.005261
6247	0.005257
9606077	0.005257
205187	0.005257
203243	0.005255
9511193	0.005249
9506101	0.005248
9611099	0.005247
207107	0.005246
9711051	0.005244
303183	0.005242
2037	0.005240
10023	0.005237
9607131	0.005235
5053	0.005235
9707149	0.005234
7177	0.005234
112253	0.005232
9806079	0.005226
9803197	0.005224
9801135	0.005223
9711127	0.005223
9911085	0.005220
8051	0.005219
104211	0.005216
9801027	0.005215
105005	0.005213
202091	0.005211
9709043	0.005197
9711035	0.005195
9608135	0.005191
112173	0.005188
9704167	0.005186
3169	0.005186
9812085	0.005184
212079	0.005184
207053	0.005181
206075	0.005178
112055	0.005178
6035	0.005174
9803117	0.005174
9903053	0.005174
7143	0.005174
9902007	0.005172
204261	0.005172
9706027	0.005171
205291	0.005170
8103	0.005161
110187	0.005160
3163	0.005156
4013	0.005153
106055	0.005151
9905029	0.005151
105087	0.005149
9805113	0.005144
9608185	0.005140
9612181	0.005137
9508021	0.005137
9511187	0.005132
9509141	0.005131
9910163	0.005124
9908193	0.005122
111025	0.005119
108179	0.005114
9606047	0.005113
212025	0.005112
203147	0.005107
9610211	0.005107
8101	0.005105
9809127	0.005104
9812225	0.005104
9811177	0.005103
212147	0.005101
205077	0.005095
9911215	0.005095
9608121	0.005093
302071	0.005089
108023	0.005089
101179	0.005085
9149	0.005079
211287	0.005076
9912279	0.005076
9803225	0.005073
9908155	0.005072
9905231	0.005068
4039	0.005067
205299	0.005066
9805029	0.005064
5015	0.005064
105121	0.005062
9908089	0.005060
9707095	0.005058
9911165	0.005057
203247	0.005057
6223	0.005052
9607169	0.005052
212097	0.005051
206073	0.005050
9710013	0.005044
105283	0.005042
9507143	0.005041
9812051	0.005039
304247	0.005036
9706195	0.005033
9701119	0.005030
9811149	0.005028
212223	0.005025
9907021	0.005022
304237	0.005020
3185	0.005019
205025	0.005018
9709227	0.005017
112199	0.005016
9807209	0.005012
9712171	0.005003
202197	0.005001
9809107	0.005001
2209	0.005000
1027	0.004999
9506065	0.004993
103103	0.004991
9711077	0.004989
9905033	0.004988
109025	0.004986
9711197	0.004985
301125	0.004984
9806229	0.004982
9804007	0.004982
9812205	0.004978
9609101	0.004978
9909035	0.004973
106021	0.004971
9912043	0.004971
207089	0.004970
303047	0.004966
103223	0.004965
9603169	0.004964
9704173	0.004963
208063	0.004960
9906223	0.004959
9502065	0.004958
207209	0.004957
207215	0.004953
5159	0.004948
8179	0.004945
109019	0.004945
103235	0.004945
9802189	0.004942
206221	0.004938
9709219	0.004935
9909075	0.004932
9904035	0.004931
9708031	0.004928
201241	0.004918
9801083	0.004916
4201	0.004909
9711055	0.004908
9904165	0.004907
212175	0.004902
9809095	0.004900
9811025	0.004900
2131	0.004898
212227	0.004895
9807059	0.004893
9712155	0.004889
9708049	0.004887
9707059	0.004887
2149	0.004886
12061	0.004884
203277	0.004881
205093	0.004877
207123	0.004876
9705047	0.004875
111217	0.004874
9207091	0.004871
2089	0.004871
9811031	0.004868
11165	0.004868
105263	0.004860
109173	0.004852
106063	0.004849
101135	0.004849
108013	0.004847
105045	0.004845
9009	0.004845
104125	0.004837
6073	0.004836
9705037	0.004835
211189	0.004835
302207	0.004832
6115	0.004822
9705017	0.004821
212231	0.004817
8167	0.004812
104071	0.004811
302057	0.004809
9611237	0.004804
9803229	0.004804
9708075	0.004800
7155	0.004792
9706023	0.004790
9907033	0.004789
7115	0.004787
104089	0.004785
9807115	0.004784
204083	0.004780
8047	0.004773
9506137	0.004772
9912187	0.004769
9902181	0.004764
301203	0.004763
101115	0.004762
303017	0.004762
9411205	0.004759
8127	0.004758
203267	0.004756
106167	0.004755
1063	0.004755
104005	0.004752
9606109	0.004752
9806071	0.004751
210243	0.004749
202053	0.004749
9503201	0.004747
212151	0.004744
9704009	0.004743
1021	0.004739
301119	0.004739
202025	0.004738
9505187	0.004738
9804115	0.004737
203235	0.004736
9305139	0.004736
9802089	0.004735
9712091	0.004735
210231	0.004734
103149	0.004733
9709025	0.004730
106013	0.004725
9902169	0.004723
9703147	0.004721
301235	0.004716
9912153	0.004714
9912233	0.004713
12133	0.004705
9808005	0.004705
9906145	0.004704
9107	0.004704
9907157	0.004703
9903267	0.004702
9907183	0.004699
208081	0.004699
9807111	0.004698
9183	0.004691
9904039	0.004691
210167	0.004690
9712103	0.004687
9227	0.004684
9608173	0.004679
210269	0.004678
9911097	0.004677
103219	0.004673
9512165	0.004670
9808073	0.004667
206167	0.004666
304171	0.004664
8027	0.004661
11239	0.004660
9801051	0.004650
9910095	0.004650
4003	0.004650
9803069	0.004645
201025	0.004643
9911183	0.004641
9704131	0.004638
9803145	0.004632
101139	0.004632
9801009	0.004627
211017	0.004621
9905181	0.004618
11177	0.004618
9705003	0.004610
104105	0.004605
9512157	0.004604
10007	0.004604
212041	0.004602
9504149	0.004599
301035	0.004598
107145	0.004598
9801097	0.004597
103089	0.004597
9611095	0.004596
9802063	0.004595
210261	0.004594
101083	0.004591
9911221	0.004587
9910091	0.004587
110025	0.004581
102091	0.004577
12203	0.004575
9904007	0.004574
9209125	0.004574
9711131	0.004573
112133	0.004569
11121	0.004567
9706013	0.004561
9710149	0.004558
9607089	0.004556
9708149	0.004555
9910111	0.004551
9903139	0.004547
6013	0.004545
203007	0.004541
101147	0.004540
9503231	0.004538
9901027	0.004538
205001	0.004535
201257	0.004535
9707063	0.004534
212169	0.004534
201019	0.004533
106151	0.004532
111055	0.004532
9808087	0.004531
9912147	0.004528
9803205	0.004522
202055	0.004520
6063	0.004518
9604021	0.004516
103157	0.004515
205115	0.004512
102207	0.004511
8155	0.004510
9608105	0.004510
207271	0.004510
9706217	0.004507
9707133	0.004507
9702115	0.004506
9712057	0.004506
8087	0.004505
9902211	0.004504
9607045	0.004501
9608191	0.004500
3225	0.004498
9612195	0.004497
103069	0.004496
12041	0.004494
11101	0.004493
206097	0.004491
9903095	0.004488
9709109	0.004486
110171	0.004483
1219	0.004483
9909107	0.004480
12071	0.004477
9105	0.004473
203155	0.004473
106183	0.004472
7063	0.004461
104173	0.004460
9710123	0.004454
2017	0.004449
9911163	0.004446
9906197	0.004446
9807035	0.004443
102043	0.004441
9907209	0.004441
9705025	0.004440
105055	0.004438
9011	0.004433
109049	0.004429
9906149	0.004428
9404063	0.004428
10079	0.004426
3223	0.004425
101125	0.004422
201047	0.004417
112065	0.004414
8057	0.004414
9906247	0.004412
9303007	0.004411
101017	0.004411
7009	0.004411
9506145	0.004409
108231	0.004407
110121	0.004407
110099	0.004406
106265	0.004405
212217	0.004398
201079	0.004393
10167	0.004392
210017	0.004385
9710035	0.004383
101071	0.004382
108203	0.004381
206079	0.004380
9908189	0.004375
9812183	0.004374
209161	0.004368
203069	0.004367
5265	0.004366
11215	0.004363
9906045	0.004363
210089	0.004361
212281	0.004361
105095	0.004358
9712055	0.004357
9811143	0.004352
102045	0.004352
304257	0.004351
3113	0.004350
9703053	0.004349
9610065	0.004344
12195	0.004343
9807095	0.004342
9712079	0.004341
4133	0.004340
206131	0.004339
9705193	0.004338
9911109	0.004337
204225	0.004335
9906095	0.004334
208141	0.004334
201063	0.004328
10205	0.004327
211257	0.004327
7175	0.004326
208103	0.004326
9508153	0.004325
9703155	0.004324
7125	0.004323
9606111	0.004320
3227	0.004320
9809105	0.004319
9905069	0.004312
106031	0.004311
9401133	0.004308
9803195	0.004307
112191	0.004292
9810137	0.004288
102005	0.004286
9508071	0.004285
9806161	0.004284
9811211	0.004281
9707171	0.004274
107265	0.004272
9611017	0.004272
9708029	0.004271
10021	0.004271
106285	0.004269
3295	0.004267
1047	0.004260
303095	0.004259
9607091	0.004258
9603129	0.004258
9910125	0.004255
12239	0.004252
9903187	0.004250
9803215	0.004250
9907189	0.004247
9809181	0.004245
9906053	0.004242
9707185	0.004242
10181	0.004237
102149	0.004230
204179	0.004228
9906085	0.004226
206157	0.004225
203173	0.004223
9512021	0.004221
9705147	0.004220
107035	0.004220
212303	0.004209
9607219	0.004208
303211	0.004201
9910159	0.004199
104045	0.004190
9610199	0.004189
109141	0.004188
209267	0.004187
9708143	0.004185
9909081	0.004180
9909187	0.004179
210219	0.004179
9703141	0.004166
211229	0.004161
3249	0.004159
9812195	0.004159
104057	0.004159
9804023	0.004156
111001	0.004155
212091	0.004153
9909183	0.004152
203129	0.004150
5089	0.004150
105199	0.004148
202173	0.004146
9507005	0.004144
107251	0.004143
9905067	0.004132
9807037	0.004131
9709129	0.004130
9906195	0.004130
212215	0.004129
9803227	0.004128
9901043	0.004128
9310035	0.004127
302221	0.004127
8169	0.004126
9812011	0.004126
9910077	0.004123
3205	0.004122
105209	0.004122
9612213	0.004120
3291	0.004119
204193	0.004117
303023	0.004113
9906237	0.004108
302203	0.004105
9710153	0.004101
10071	0.004100
206195	0.004099
7099	0.004097
201099	0.004096
9604177	0.004096
105123	0.004095
105079	0.004094
107191	0.004091
209203	0.004091
9906125	0.004091
9809035	0.004087
204243	0.004083
9601013	0.004083
108113	0.004079
110235	0.004077
9511019	0.004077
9711181	0.004075
9902209	0.004075
3035	0.004075
204093	0.004074
6051	0.004073
111235	0.004072
101061	0.004070
103261	0.004066
6069	0.004065
102211	0.004063
9910239	0.004059
2077	0.004058
303255	0.004057
7235	0.004055
3007	0.004054
9903001	0.004047
9611235	0.004046
9902047	0.004045
9805125	0.004037
9911101	0.004036
202135	0.004035
110071	0.004035
9910031	0.004034
9704163	0.004034
9902163	0.004031
9911181	0.004027
103155	0.004025
9811037	0.004022
9301043	0.004022
3097	0.004018
304035	0.004018
9612207	0.004018
109155	0.004017
9410099	0.004016
3231	0.004015
208039	0.004012
109131	0.004011
208073	0.004011
9710127	0.004009
9908053	0.004009
9210119	0.004006
9705087	0.004002
9702067	0.004000
101117	0.003999
9707009	0.003997
108131	0.003996
9811133	0.003996
112113	0.003995
9810067	0.003995
108007	0.003990
9501057	0.003986
301013	0.003986
3117	0.003985
9711087	0.003984
11207	0.003983
9905133	0.003979
109039	0.003978
9709005	0.003978
201031	0.003977
106281	0.003976
206127	0.003972
104011	0.003972
102123	0.003964
9708061	0.003962
105203	0.003962
203085	0.003961
7145	0.003958
212065	0.003957
9612221	0.003957
9705041	0.003956
4085	0.003955
9111	0.003954
212135	0.003952
9810097	0.003950
10203	0.003949
9404035	0.003947
105077	0.003943
9703167	0.003941
9706171	0.003941
10001	0.003941
9803185	0.003940
301095	0.003938
207003	0.003937
9210021	0.003937
109013	0.003936
10103	0.003935
9807223	0.003928
9612057	0.003928
303269	0.003928
206109	0.003925
107259	0.003924
209187	0.003924
8005	0.003924
9606177	0.003916
1073	0.003915
9601085	0.003914
9712225	0.003911
205003	0.003911
202209	0.003910
9702169	0.003908
12143	0.003908
9904027	0.003907
9512191	0.003907
110143	0.003907
11013	0.003903
205103	0.003900
110019	0.003899
9610213	0.003899
9501113	0.003898
202079	0.003895
109107	0.003893
4027	0.003891
9811127	0.003890
105111	0.003890
206087	0.003883
104181	0.003878
211019	0.003877
9506197	0.003877
201197	0.003870
9202037	0.003868
9505183	0.003865
5143	0.003864
208231	0.003864
9017	0.003863
11243	0.003863
9905099	0.003861
9503099	0.003861
9509073	0.003853
9611107	0.003851
9804199	0.003850
9603035	0.003846
9803029	0.003846
9911019	0.003845
303247	0.003843
9083	0.003843
109119	0.003841
9705201	0.003838
9712249	0.003838
112101	0.003836
201033	0.003833
106217	0.003833
1135	0.003832
212029	0.003832
9701147	0.003830
9506063	0.003824
204113	0.003823
112211	0.003822
101073	0.003821
9809195	0.003821
9602157	0.003818
106011	0.003818
7079	0.003817
109099	0.003817
9703227	0.003817
9810153	0.003817
207153	0.003816
9802169	0.003814
9603131	0.003812
9711095	0.003810
9503039	0.003808
9506051	0.003808
9709191	0.003807
9707043	0.003806
9912075	0.003800
211289	0.003798
10251	0.003787
9704037	0.003787
9712017	0.003785
9406059	0.003785
9807161	0.003785
7035	0.003778
209215	0.003776
9805087	0.003775
1169	0.003770
9610159	0.003769
9905089	0.003767
9203071	0.003766
9712241	0.003766
9909141	0.003765
212343	0.003763
9802009	0.003757
203095	0.003757
202007	0.003753
208137	0.003752
203091	0.003752
11117	0.003750
104073	0.003750
9301003	0.003749
9703057	0.003748
9908063	0.003744
212087	0.003743
9810185	0.003743
208023	0.003741
302081	0.003741
9801015	0.003735
301255	0.003735
9908147	0.003733
212083	0.003733
202195	0.003732
111249	0.003729
301099	0.003727
9711021	0.003726
301231	0.003722
303105	0.003721
210029	0.003719
5179	0.003717
304107	0.003713
9908143	0.003712
212055	0.003711
204059	0.003710
9704191	0.003709
10221	0.003708
9906091	0.003694
9902089	0.003693
211197	0.003691
9804029	0.003690
302193	0.003690
9707223	0.003689
2135	0.003687
208097	0.003686
9703075	0.003685
211201	0.003682
9711169	0.003679
103085	0.003678
106249	0.003678
9707047	0.003676
10087	0.003674
210051	0.003671
205019	0.003670
212123	0.003670
9705115	0.003668
107197	0.003666
110161	0.003659
211261	0.003659
9807151	0.003659
9508045	0.003657
9805151	0.003656
9905163	0.003656
103145	0.003654
3067	0.003651
5085	0.003650
210221	0.003649
11233	0.003649
106107	0.003649
9305097	0.003648
3081	0.003644
9810163	0.003642
2249	0.003641
9204083	0.003641
9811033	0.003641
11107	0.003640
110277	0.003638
111091	0.003632
110301	0.003631
9912273	0.003630
9702111	0.003629
9307085	0.003625
10241	0.003625
301003	0.003622
9807197	0.003618
4127	0.003618
203153	0.003618
104171	0.003617
211049	0.003617
112137	0.003616
301103	0.003612
11031	0.003608
2087	0.003607
105181	0.003607
208191	0.003607
107127	0.003607
4157	0.003606
103123	0.003606
209077	0.003605
9905007	0.003605
112047	0.003602
104229	0.003600
2031	0.003599
1085	0.003596
208041	0.003593
3271	0.003593
12165	0.003591
9708033	0.003591
3047	0.003590
9704031	0.003590
10083	0.003585
9605169	0.003581
9509149	0.003579
9904155	0.003579
108165	0.003579
207117	0.003578
9508151	0.003578
9809015	0.003577
303171	0.003576
1025	0.003575
5185	0.003571
104131	0.003569
303203	0.003568
9910021	0.003567
105189	0.003566
105295	0.003566
111043	0.003566
302131	0.003566
104103	0.003566
9912033	0.003565
106005	0.003564
9710245	0.003564
2035	0.003564
9901123	0.003563
205043	0.003562
108115	0.003561
10271	0.003559
7029	0.003558
10191	0.003558
9803027	0.003556
9912123	0.003555
206115	0.003554
207157	0.003554
5095	0.003552
9608085	0.003551
204123	0.003548
9909205	0.003547
7217	0.003546
101007	0.003545
6185	0.003545
107181	0.003544
110289	0.003544
1111	0.003542
201175	0.003542
210227	0.003542
209265	0.003538
9808131	0.003538
301193	0.003536
201061	0.003536
210153	0.003533
1125	0.003532
4129	0.003529
112205	0.003528
207119	0.003527
9811017	0.003525
212121	0.003524
110127	0.003521
107199	0.003520
109067	0.003514
9708021	0.003513
203111	0.003513
106231	0.003511
9709169	0.003510
301139	0.003508
9711011	0.003507
104243	0.003503
9912011	0.003503
110067	0.003499
205219	0.003498
9803083	0.003497
111279	0.003494
9306153	0.003494
9903131	0.003493
9703215	0.003492
9812187	0.003491
9904201	0.003491
109027	0.003490
9705127	0.003489
9911203	0.003488
7089	0.003482
301021	0.003482
4073	0.003481
9609211	0.003479
12157	0.003477
104081	0.003475
9604077	0.003472
9912067	0.003471
11075	0.003468
9908025	0.003466
208209	0.003466
207283	0.003465
201107	0.003465
105311	0.003461
204091	0.003461
9803033	0.003458
301161	0.003458
203167	0.003456
209247	0.003454
9902145	0.003454
9708011	0.003452
9707125	0.003450
112141	0.003448
9911035	0.003447
111013	0.003446
12065	0.003442
9510177	0.003442
202163	0.003441
106241	0.003438
201173	0.003437
9802111	0.003431
208055	0.003430
12059	0.003427
9504141	0.003422
2067	0.003422
8215	0.003417
212033	0.003412
9602067	0.003410
104093	0.003408
106189	0.003407
12167	0.003404
9712167	0.003403
101085	0.003403
112075	0.003398
108119	0.003398
9909001	0.003395
111227	0.003395
9910055	0.003392
2119	0.003383
212225	0.003382
9807079	0.003382
301189	0.003380
303123	0.003376
9701175	0.003376
212255	0.003372
9901073	0.003369
9909163	0.003368
105255	0.003360
109187	0.003359
9601145	0.003354
8247	0.003352
11225	0.003342
10163	0.003342
209117	0.003340
209011	0.003340
9911043	0.003339
108137	0.003338
9701121	0.003337
1101	0.003330
9904109	0.003329
201255	0.003328
9901095	0.003325
207219	0.003325
9804097	0.003320
303209	0.003320
203201	0.003316
201159	0.003315
9910005	0.003314
9909089	0.003307
207097	0.003303
9801057	0.003301
6191	0.003301
9403179	0.003297
9606093	0.003295
2147	0.003294
9409111	0.003289
9029	0.003289
9902097	0.003289
5121	0.003289
9908137	0.003284
9309143	0.003283
209043	0.003279
9806119	0.003277
9305143	0.003276
212003	0.003274
9503029	0.003272
9910261	0.003271
304045	0.003270
9711115	0.003268
9811159	0.003266
3269	0.003264
210127	0.003261
105205	0.003258
112015	0.003246
11255	0.003245
9708141	0.003245
2121	0.003242
7203	0.003241
207281	0.003237
4097	0.003237
9801113	0.003237
102099	0.003235
111169	0.003235
212235	0.003234
9510041	0.003234
9601097	0.003233
301009	0.003231
9305083	0.003230
9512149	0.003226
104043	0.003225
112155	0.003215
9412147	0.003214
9809073	0.003211
206137	0.003211
105001	0.003204
203017	0.003201
9612241	0.003198
9903015	0.003198
12023	0.003197
2161	0.003195
9710041	0.003194
210263	0.003191
9605043	0.003191
9810223	0.003191
106205	0.003190
212269	0.003189
205085	0.003188
110213	0.003188
211269	0.003185
107151	0.003179
9705205	0.003178
9912053	0.003177
10217	0.003177
109197	0.003177
9204035	0.003176
106193	0.003176
201227	0.003174
303083	0.003170
201271	0.003168
303041	0.003160
207163	0.003157
303065	0.003156
109157	0.003156
9407099	0.003155
202005	0.003154
11285	0.003152
9609115	0.003151
9601089	0.003150
211217	0.003147
111113	0.003146
9912037	0.003144
104133	0.003143
9703003	0.003140
204167	0.003140
108245	0.003136
7169	0.003135
12259	0.003134
9710161	0.003132
211159	0.003131
110169	0.003131
111201	0.003130
9403187	0.003128
2171	0.003128
304123	0.003128
9711007	0.003127
3261	0.003125
9303067	0.003122
205007	0.003113
9901137	0.003104
9902001	0.003104
9804201	0.003102
11065	0.003101
302137	0.003100
9708113	0.003098
9804177	0.003095
9606091	0.003094
12111	0.003094
9167	0.003092
212059	0.003089
203161	0.003086
9147	0.003084
211073	0.003084
9902183	0.003082
9705027	0.003082
109069	0.003078
9803107	0.003077
301101	0.003075
212263	0.003074
110113	0.003073
106051	0.003073
110247	0.003072
5091	0.003071
9812149	0.003062
9912101	0.003061
110069	0.003057
9910045	0.003054
9902201	0.003052
212009	0.003047
104041	0.003045
9901115	0.003044
9409011	0.003038
208197	0.003033
9902119	0.003033
9909167	0.003029
301137	0.003026
4115	0.003022
9411099	0.003021
2023	0.003014
208203	0.003014
109209	0.003011
205163	0.003006
9705045	0.003004
210309	0.003003
104227	0.003003
303197	0.003002
303153	0.002999
206009	0.002999
212047	0.002998
9902107	0.002998
302163	0.002995
212339	0.002992
105191	0.002988
105319	0.002987
5127	0.002987
302165	0.002986
105257	0.002984
302017	0.002983
9902033	0.002983
9801029	0.002983
210047	0.002982
2169	0.002982
9501111	0.002980
9710189	0.002977
12009	0.002972
9911243	0.002972
208225	0.002971
210049	0.002961
9909199	0.002958
9611041	0.002957
9509123	0.002955
201039	0.002954
9510233	0.002953
9911065	0.002952
112251	0.002950
302109	0.002949
211203	0.002948
9707215	0.002946
101077	0.002943
2043	0.002941
208119	0.002937
9251	0.002937
203047	0.002936
9403155	0.002934
205235	0.002933
301247	0.002932
209181	0.002927
9910161	0.002927
301049	0.002924
107007	0.002924
207221	0.002924
9705215	0.002923
9201029	0.002922
9702039	0.002922
210241	0.002922
9903057	0.002921
9811189	0.002920
9806221	0.002920
9908075	0.002920
9806017	0.002920
9605223	0.002920
9302099	0.002919
9808085	0.002915
9808029	0.002913
9411219	0.002909
111269	0.002901
9903229	0.002900
9605149	0.002899
3233	0.002899
212345	0.002898
9706011	0.002897
9802049	0.002896
9704011	0.002896
9811105	0.002894
109125	0.002891
9801195	0.002888
9507013	0.002888
303239	0.002887
105075	0.002884
203109	0.002883
208013	0.002882
9904145	0.002877
9706141	0.002877
2097	0.002876
3299	0.002874
211033	0.002872
5283	0.002872
8031	0.002871
9909025	0.002871
112247	0.002870
111277	0.002868
211093	0.002865
110207	0.002863
201035	0.002863
9302033	0.002861
106019	0.002860
9903241	0.002858
9902171	0.002858
9712189	0.002857
211249	0.002856
206163	0.002855
206203	0.002855
205121	0.002850
9503157	0.002849
9406175	0.002849
9401021	0.002846
9809135	0.002846
107061	0.002844
9509171	0.002840
1035	0.002839
112169	0.002838
209141	0.002837
10093	0.002835
110147	0.002834
303049	0.002832
203165	0.002827
106235	0.002826
9902179	0.002824
207183	0.002823
110131	0.002819
9155	0.002818
9808025	0.002817
1037	0.002817
110219	0.002815
5239	0.002814
209193	0.002814
9811083	0.002814
107217	0.002812
9907155	0.002803
9910135	0.002803
9605011	0.002802
9810081	0.002801
9412131	0.002789
302179	0.002786
9401025	0.002784
204249	0.002777
2133	0.002775
9901107	0.002775
9710105	0.002773
304019	0.002773
12101	0.002771
202177	0.002771
9808041	0.002771
6117	0.002763
9802155	0.002762
9610139	0.002761
7231	0.002760
103241	0.002760
2129	0.002753
301165	0.002752
9710213	0.002752
9602147	0.002751
109097	0.002748
9706221	0.002748
2099	0.002747
11119	0.002744
111057	0.002743
5115	0.002737
303235	0.002735
9609087	0.002734
9402147	0.002733
112189	0.002731
12217	0.002727
9503027	0.002724
9512105	0.002719
9201007	0.002718
9504019	0.002716
212209	0.002712
112231	0.002712
201155	0.002711
105265	0.002709
204165	0.002708
9812053	0.002708
9209023	0.002707
9411021	0.002704
9212045	0.002703
303139	0.002703
9806105	0.002700
10195	0.002699
106079	0.002698
9303017	0.002697
8109	0.002696
9811231	0.002696
205293	0.002696
9808097	0.002694
9708169	0.002694
9902203	0.002693
9712027	0.002692
208207	0.002689
208033	0.002687
204207	0.002685
9705059	0.002684
9609021	0.002684
103203	0.002684
207059	0.002683
104095	0.002679
5221	0.002678
2101	0.002677
9805017	0.002677
9602059	0.002677
9709071	0.002677
212139	0.002675
112115	0.002671
104099	0.002670
9159	0.002669
104159	0.002668
106267	0.002667
105277	0.002667
9502141	0.002666
207235	0.002664
201127	0.002661
202073	0.002656
1215	0.002653
9711009	0.002652
104209	0.002649
106033	0.002646
209003	0.002646
7071	0.002645
9606157	0.002643
9903177	0.002643
210253	0.002643
9903199	0.002642
9404101	0.002642
201089	0.002641
9304135	0.002640
9309023	0.002639
5119	0.002635
9303139	0.002635
9903231	0.002633
9801159	0.002633
108095	0.002630
109151	0.002629
9709023	0.002628
9912205	0.002626
102001	0.002623
9203031	0.002623
107075	0.002622
9905121	0.002621
9702047	0.002621
12233	0.002621
3197	0.002617
105307	0.002617
9506207	0.002617
9802095	0.002616
9911157	0.002616
9210031	0.002615
9906215	0.002613
9606087	0.002612
207005	0.002612
9805065	0.002608
201121	0.002606
204041	0.002605
302159	0.002601
211263	0.002601
9512169	0.002600
9601151	0.002599
5165	0.002599
9910037	0.002598
9903125	0.002597
9809003	0.002594
204013	0.002590
9812201	0.002588
9612167	0.002584
9910229	0.002584
112107	0.002583
9807057	0.002581
9210099	0.002580
204227	0.002579
10215	0.002574
203237	0.002573
9807051	0.002573
103133	0.002572
9903111	0.002572
5001	0.002572
9905139	0.002569
9603015	0.002568
9706111	0.002566
207135	0.002566
211127	0.002565
9712205	0.002559
9505089	0.002557
6059	0.002556
102129	0.002550
102135	0.002550
9901053	0.002548
7223	0.002543
9601175	0.002542
101113	0.002541
9706125	0.002540
110089	0.002540
9607043	0.002539
203151	0.002539
9909079	0.002539
12221	0.002533
107147	0.002530
9701155	0.002530
9911217	0.002529
102141	0.002528
9712151	0.002526
304211	0.002526
9912121	0.002525
107099	0.002525
9604107	0.002524
11037	0.002523
109121	0.002518
205259	0.002517
9402073	0.002516
102065	0.002516
9221	0.002513
109177	0.002512
202057	0.002511
9411097	0.002507
212085	0.002501
6145	0.002497
9506139	0.002495
202103	0.002494
9911223	0.002494
108199	0.002494
9607007	0.002493
110293	0.002490
9043	0.002485
9407155	0.002484
9810013	0.002481
9801123	0.002480
9610101	0.002477
9810187	0.002473
9608197	0.002473
7255	0.002470
9811199	0.002468
204145	0.002468
304191	0.002466
9409119	0.002466
9903019	0.002466
209263	0.002461
9705241	0.002456
9712137	0.002454
9205009	0.002451
103237	0.002450
9510055	0.002445
9608073	0.002442
5005	0.002442
108001	0.002441
10193	0.002438
209133	0.002430
301157	0.002428
302223	0.002428
102145	0.002427
107227	0.002421
211015	0.002420
205179	0.002419
9909007	0.002418
5025	0.002417
204197	0.002417
204153	0.002414
9711063	0.002414
212323	0.002414
9712187	0.002413
105253	0.002411
9506171	0.002410
9704201	0.002410
101027	0.002408
204137	0.002405
103231	0.002405
9904045	0.002405
9401017	0.002402
205283	0.002399
102031	0.002398
106159	0.002397
9507009	0.002396
9910209	0.002395
9702043	0.002395
108011	0.002395
101055	0.002394
209217	0.002394
203003	0.002393
9811161	0.002392
108065	0.002390
9211015	0.002388
9910241	0.002386
9802199	0.002385
9305069	0.002383
8193	0.002382
301221	0.002381
9806175	0.002374
9904175	0.002373
10145	0.002369
212221	0.002367
9902113	0.002365
9611039	0.002364
9612073	0.002362
106153	0.002359
9606063	0.002355
9909043	0.002355
105279	0.002354
209139	0.002354
101069	0.002352
9510045	0.002350
301083	0.002350
9703191	0.002349
9511065	0.002348
9806043	0.002346
209245	0.002345
9804081	0.002342
207067	0.002342
206241	0.002339
9310151	0.002338
4167	0.002337
206011	0.002336
111069	0.002334
9310101	0.002332
107267	0.002332
9406125	0.002331
4095	0.002331
9906129	0.002328
304119	0.002328
204221	0.002325
9502119	0.002323
9804045	0.002319
9612077	0.002316
9908013	0.002316
9905217	0.002312
9089	0.002305
105007	0.002299
11289	0.002298
204017	0.002297
7017	0.002296
104023	0.002295
112165	0.002294
207207	0.002293
103023	0.002293
9908209	0.002293
205099	0.002289
9608023	0.002288
2217	0.002288
9907055	0.002281
5251	0.002279
2057	0.002275
4149	0.002273
104163	0.002271
9810169	0.002270
201095	0.002269
9907011	0.002264
212037	0.002263
201187	0.002263
9909209	0.002262
102201	0.002262
104063	0.002256
9612123	0.002256
9710179	0.002256
9711177	0.002256
9912029	0.002256
9907013	0.002255
203217	0.002255
9805055	0.002250
9207111	0.002250
9702105	0.002247
9067	0.002246
9508053	0.002245
9608145	0.002244
107149	0.002242
9806049	0.002241
9403137	0.002238
9503045	0.002238
9502001	0.002236
210091	0.002233
209159	0.002231
9901109	0.002231
9179	0.002231
9506205	0.002228
9508173	0.002223
9803261	0.002222
9709073	0.002221
105187	0.002221
112053	0.002219
302067	0.002217
9704057	0.002217
106263	0.002217
111215	0.002215
9506027	0.002213
9707209	0.002211
110227	0.002209
9503213	0.002209
9201059	0.002208
109211	0.002206
9205051	0.002206
11019	0.002203
9812253	0.002203
9308131	0.002202
304079	0.002199
302049	0.002198
3071	0.002196
9411183	0.002194
1199	0.002192
4057	0.002190
303107	0.002188
108003	0.002188
7131	0.002185
101109	0.002184
101091	0.002182
212265	0.002182
104155	0.002182
9701035	0.002182
9704157	0.002181
112079	0.002177
9611049	0.002172
9710063	0.002169
11149	0.002165
211035	0.002163
9705109	0.002161
303001	0.002160
9908093	0.002159
9910269	0.002157
204157	0.002156
8175	0.002153
211199	0.002152
9406009	0.002151
9904119	0.002150
1157	0.002148
3061	0.002147
9907119	0.002147
9810213	0.002146
9127	0.002141
9509067	0.002141
106129	0.002141
111291	0.002140
110077	0.002139
9811155	0.002139
304187	0.002138
205295	0.002138
107105	0.002137
105261	0.002137
304213	0.002136
9604017	0.002135
103117	0.002135
6225	0.002133
9510179	0.002131
9902187	0.002128
9904021	0.002127
9512035	0.002127
211137	0.002126
203013	0.002125
106259	0.002124
202047	0.002116
9412117	0.002113
110191	0.002113
9605083	0.002112
9506071	0.002111
210139	0.002110
9505141	0.002109
8253	0.002109
103191	0.002109
9601027	0.002108
208179	0.002104
9907191	0.002103
211041	0.002102
9810089	0.002101
9904123	0.002101
9701133	0.002100
9512085	0.002099
105085	0.002099
9604063	0.002096
9502137	0.002096
9311187	0.002096
9803065	0.002095
302073	0.002093
9503049	0.002093
9812069	0.002093
12005	0.002092
303229	0.002090
9910175	0.002089
12261	0.002089
9502085	0.002089
9610233	0.002089
9711141	0.002089
9806031	0.002089
203077	0.002088
209051	0.002088
9305047	0.002088
11141	0.002087
103101	0.002086
9611097	0.002083
10113	0.002083
10121	0.002081
10269	0.002077
112233	0.002076
9506213	0.002074
9911001	0.002073
107165	0.002071
9402119	0.002071
9153	0.002070
9912175	0.002070
203051	0.002068
301239	0.002066
9910193	0.002065
9505097	0.002062
9309075	0.002062
303111	0.002061
210137	0.002060
107233	0.002059
9904085	0.002055
9801043	0.002053
9508159	0.002052
9809121	0.002051
9802197	0.002043
304115	0.002042
209157	0.002042
204061	0.002041
9510117	0.002039
9609043	0.002037
9704169	0.002036
8245	0.002034
9806085	0.002034
209153	0.002033
9806005	0.002031
9410041	0.002030
9607049	0.002030
9909099	0.002028
7185	0.002027
208019	0.002023
302195	0.002023
9507017	0.002022
304163	0.002020
202129	0.002019
101049	0.002017
209137	0.002017
212167	0.002014
9801111	0.002012
2047	0.002011
110005	0.002009
8157	0.002007
205149	0.002006
9806065	0.002006
11003	0.002006
302153	0.002005
107085	0.001997
2143	0.001996
9911005	0.001996
9203033	0.001993
9702059	0.001992
103013	0.001989
209197	0.001987
7239	0.001987
9403191	0.001985
101207	0.001982
209103	0.001981
208015	0.001980
9611161	0.001979
9707061	0.001977
9305025	0.001977
202097	0.001974
106269	0.001971
9201013	0.001971
202125	0.001968
3053	0.001968
207195	0.001967
9905153	0.001967
9903201	0.001964
202151	0.001962
1203	0.001961
9205041	0.001960
208083	0.001960
302219	0.001959
1105	0.001958
9906147	0.001957
106243	0.001957
3005	0.001953
106027	0.001953
2247	0.001952
9811003	0.001952
108103	0.001950
12007	0.001947
9304155	0.001947
9510009	0.001946
3265	0.001946
7233	0.001946
112221	0.001945
9407169	0.001943
9411195	0.001941
9808031	0.001940
111081	0.001940
304239	0.001938
9701191	0.001934
9706035	0.001930
302023	0.001929
1145	0.001926
105175	0.001925
110085	0.001922
10025	0.001918
9607021	0.001916
107159	0.001916
9912135	0.001912
112117	0.001909
9911083	0.001908
110283	0.001906
9310187	0.001905
9909003	0.001904
101039	0.001898
9406217	0.001898
8177	0.001897
111229	0.001896
108143	0.001895
10293	0.001894
9304047	0.001892
9407181	0.001891
9912055	0.001888
107097	0.001888
208009	0.001881
8147	0.001879
302077	0.001878
203227	0.001877
212331	0.001877
211221	0.001875
9412115	0.001874
10065	0.001873
110151	0.001873
9711125	0.001867
207015	0.001867
11145	0.001866
204055	0.001866
9704137	0.001865
9810041	0.001857
9508095	0.001857
111099	0.001853
103081	0.001853
9803087	0.001853
9908045	0.001853
9903081	0.001851
9807067	0.001850
105105	0.001849
11099	0.001847
9802093	0.001846
9611135	0.001845
105129	0.001845
301073	0.001845
6181	0.001842
102183	0.001841
9610167	0.001841
9407021	0.001840
9502099	0.001839
106185	0.001838
303133	0.001838
208171	0.001837
304001	0.001836
112249	0.001836
9810025	0.001836
9202059	0.001834
204187	0.001831
9701047	0.001828
2069	0.001828
9912213	0.001828
8145	0.001828
9701085	0.001826
9801157	0.001826
111015	0.001825
211027	0.001823
11109	0.001822
9806239	0.001822
10243	0.001820
9803203	0.001817
12139	0.001817
9907051	0.001816
106187	0.001815
9606187	0.001811
207265	0.001809
9508039	0.001809
302145	0.001808
203181	0.001807
9211121	0.001807
9910081	0.001807
4101	0.001807
207029	0.001806
109191	0.001806
9503079	0.001805
111145	0.001802
11181	0.001801
9210015	0.001800
5273	0.001797
104035	0.001796
101123	0.001796
204155	0.001794
9705189	0.001793
103007	0.001789
9809139	0.001789
110073	0.001788
202045	0.001785
9801139	0.001784
9501071	0.001782
9705223	0.001782
101177	0.001780
9912293	0.001778
9503175	0.001778
110203	0.001778
9601091	0.001778
9702065	0.001777
9703197	0.001774
106067	0.001772
9706143	0.001771
9904111	0.001771
9802057	0.001771
101095	0.001770
9605173	0.001769
9512137	0.001769
103095	0.001765
9911249	0.001764
9902093	0.001762
210275	0.001762
9804059	0.001762
301179	0.001761
112127	0.001759
4061	0.001754
9809097	0.001752
205211	0.001749
9311081	0.001745
208227	0.001741
9601037	0.001740
301037	0.001739
212099	0.001738
203219	0.001737
210075	0.001737
9709089	0.001733
101031	0.001730
9912065	0.001726
11211	0.001726
203241	0.001726
102057	0.001725
9806249	0.001725
9910169	0.001724
104135	0.001722
9611223	0.001721
303199	0.001721
9712235	0.001720
3045	0.001720
302181	0.001718
104195	0.001718
10281	0.001716
9608171	0.001715
9602087	0.001715
303031	0.001715
304153	0.001713
2195	0.001712
9909197	0.001710
208105	0.001709
211091	0.001709
302029	0.001709
204247	0.001708
203185	0.001707
304251	0.001707
203061	0.001706
108215	0.001703
202027	0.001700
304145	0.001700
9812155	0.001699
9809043	0.001696
102109	0.001695
9210121	0.001695
7181	0.001694
12171	0.001693
9702179	0.001692
107241	0.001691
106121	0.001691
6159	0.001690
9810055	0.001689
2053	0.001689
9807113	0.001689
101225	0.001688
9705035	0.001686
105247	0.001686
10027	0.001684
10173	0.001681
304181	0.001681
108201	0.001681
9505175	0.001680
211103	0.001680
9903059	0.001679
9903115	0.001679
5035	0.001678
9912239	0.001675
205315	0.001675
9405113	0.001674
111219	0.001672
101209	0.001668
9808095	0.001664
110183	0.001663
204115	0.001659
9911099	0.001658
3139	0.001657
9903169	0.001657
9509095	0.001654
9609015	0.001653
9809109	0.001650
210073	0.001650
106179	0.001647
107123	0.001647
11113	0.001646
105217	0.001646
9712023	0.001644
301005	0.001642
304241	0.001641
108091	0.001641
202011	0.001639
9510241	0.001636
109091	0.001636
101161	0.001634
9912049	0.001634
9502107	0.001632
111107	0.001630
9910079	0.001630
210053	0.001627
9804001	0.001626
9910047	0.001626
5059	0.001625
304253	0.001624
205275	0.001624
8083	0.001619
9811119	0.001619
206041	0.001618
9705197	0.001616
207039	0.001615
9901151	0.001615
9404191	0.001615
4005	0.001613
207259	0.001612
4107	0.001611
108035	0.001611
9309133	0.001610
207101	0.001608
208123	0.001607
111077	0.001605
9801073	0.001605
205161	0.001605
9804167	0.001601
7137	0.001599
9707197	0.001598
9602001	0.001596
11091	0.001594
9912025	0.001594
9701115	0.001590
9702199	0.001590
112185	0.001589
111177	0.001588
108181	0.001587
9406069	0.001583
9909063	0.001579
10175	0.001579
206025	0.001576
4109	0.001575
303245	0.001573
9903099	0.001572
302205	0.001572
301029	0.001570
9506125	0.001569
12045	0.001567
9410103	0.001567
107091	0.001565
108133	0.001562
110035	0.001561
209079	0.001559
206225	0.001556
202181	0.001555
9802193	0.001555
104061	0.001552
210101	0.001552
9912045	0.001550
9704101	0.001550
104217	0.001550
106043	0.001550
112013	0.001550
202171	0.001547
211253	0.001545
9901003	0.001545
6211	0.001542
211131	0.001540
5199	0.001540
110215	0.001539
9608169	0.001539
212067	0.001536
9811129	0.001535
102033	0.001534
9208029	0.001531
9311055	0.001531
106213	0.001530
201041	0.001529
302099	0.001527
109075	0.001525
9405029	0.001524
9809161	0.001523
9603053	0.001523
107037	0.001522
208011	0.001516
9301083	0.001513
9805203	0.001511
9307121	0.001510
211067	0.001508
9510153	0.001508
6119	0.001503
9903005	0.001502
9910171	0.001500
207001	0.001499
206215	0.001497
104167	0.001496
105063	0.001493
9203051	0.001491
9910213	0.001490
108123	0.001489
10255	0.001489
206113	0.001487
9063	0.001483
112259	0.001482
304059	0.001480
211047	0.001480
110133	0.001476
9203043	0.001472
301233	0.001470
9802175	0.001468
5013	0.001468
101213	0.001467
9902081	0.001466
9908099	0.001464
304009	0.001464
9810091	0.001459
101205	0.001458
9712231	0.001456
9707243	0.001456
205253	0.001455
202039	0.001453
303091	0.001453
9504139	0.001453
201051	0.001452
203009	0.001449
9511021	0.001449
210295	0.001447
212185	0.001447
3177	0.001446
9602057	0.001445
205041	0.001443
9406209	0.001443
9711199	0.001443
111109	0.001442
201249	0.001442
111041	0.001441
208219	0.001441
209027	0.001439
9911237	0.001438
9911073	0.001437
9202085	0.001437
9809085	0.001435
210305	0.001435
303151	0.001434
104017	0.001432
208043	0.001431
102181	0.001429
102137	0.001429
303181	0.001429
107183	0.001429
303067	0.001428
9505147	0.001428
9701061	0.001426
9602035	0.001424
204209	0.001424
9311037	0.001424
9406189	0.001423
9905165	0.001421
201015	0.001421
9812133	0.001420
9703063	0.001418
9707113	0.001416
102165	0.001416
9905175	0.001414
9705229	0.001414
9502091	0.001413
9808047	0.001413
109021	0.001410
9910199	0.001409
9802017	0.001409
9301005	0.001408
112027	0.001408
9203025	0.001408
106181	0.001405
208145	0.001404
107055	0.001400
304111	0.001400
1209	0.001398
210163	0.001397
7141	0.001393
212181	0.001392
204005	0.001391
6007	0.001391
9804039	0.001389
104113	0.001388
9211041	0.001384
12105	0.001384
9903257	0.001383
9307123	0.001382
9911015	0.001381
208135	0.001379
9904097	0.001378
9208055	0.001376
9119	0.001376
9410051	0.001376
9608065	0.001375
109183	0.001375
304233	0.001374
9302069	0.001371
103205	0.001368
208229	0.001367
103107	0.001365
101093	0.001363
212017	0.001361
9812235	0.001360
9505145	0.001358
303113	0.001356
111155	0.001353
108041	0.001352
5099	0.001350
7051	0.001350
9403141	0.001348
9501055	0.001348
10077	0.001345
9412159	0.001344
301067	0.001341
9509013	0.001341
5235	0.001338
5139	0.001337
9804135	0.001337
112203	0.001337
10275	0.001335
9612029	0.001334
103059	0.001334
9605105	0.001333
3137	0.001333
106105	0.001332
104213	0.001332
205031	0.001331
9212029	0.001330
9709093	0.001329
9403173	0.001329
9803143	0.001328
9410187	0.001325
7053	0.001325
109059	0.001324
9909093	0.001324
212295	0.001322
201265	0.001322
10153	0.001321
9910083	0.001320
9805211	0.001320
202017	0.001311
9911031	0.001309
202139	0.001306
206153	0.001306
9511077	0.001304
302151	0.001302
206069	0.001302
211037	0.001301
211147	0.001301
9512123	0.001301
9910071	0.001300
9304037	0.001299
9708013	0.001297
206165	0.001297
107011	0.001296
9909021	0.001295
9703159	0.001295
109159	0.001294
104185	0.001294
104085	0.001293
206253	0.001293
9705099	0.001292
9903061	0.001291
9707051	0.001290
9304131	0.001289
9405035	0.001286
304217	0.001284
203199	0.001284
205269	0.001284
201135	0.001283
9403123	0.001283
111007	0.001283
202161	0.001282
207103	0.001280
209041	0.001280
9609085	0.001279
104177	0.001279
1207	0.001277
9902157	0.001275
9408039	0.001274
9909149	0.001273
111281	0.001272
304261	0.001270
209121	0.001270
9201047	0.001270
9809153	0.001268
6235	0.001266
206043	0.001265
8089	0.001263
9402125	0.001262
9604071	0.001262
9402031	0.001261
111031	0.001260
9909201	0.001259
9903159	0.001259
9701011	0.001258
9801187	0.001257
102101	0.001257
203099	0.001256
7247	0.001256
9217	0.001254
9706177	0.001253
9801005	0.001253
208085	0.001250
9510001	0.001249
9804053	0.001249
206123	0.001246
9602179	0.001246
109111	0.001245
10063	0.001245
106059	0.001244
9911191	0.001244
5167	0.001243
9807203	0.001243
12067	0.001243
9509049	0.001243
9405011	0.001241
11205	0.001240
9510143	0.001239
206171	0.001239
11105	0.001234
202107	0.001234
301117	0.001232
9910059	0.001231
105221	0.001231
9906177	0.001230
9611169	0.001230
207211	0.001225
9506187	0.001224
9909139	0.001219
9604175	0.001218
9207049	0.001217
206089	0.001217
9605117	0.001216
3023	0.001215
5101	0.001215
303063	0.001214
304195	0.001213
9710185	0.001212
110193	0.001211
204031	0.001210
5157	0.001210
103179	0.001209
303051	0.001209
111087	0.001209
301089	0.001206
9225	0.001203
5253	0.001203
9510103	0.001201
109193	0.001201
212039	0.001200
9212049	0.001199
9709161	0.001199
302083	0.001199
9602115	0.001197
108235	0.001196
9507051	0.001196
108183	0.001196
208205	0.001195
9604147	0.001194
9512223	0.001193
9707005	0.001188
9912059	0.001185
11173	0.001182
9201017	0.001181
210131	0.001180
11001	0.001179
206091	0.001178
104049	0.001176
203149	0.001175
212051	0.001174
9407005	0.001173
9307111	0.001172
9603085	0.001172
9803183	0.001172
5173	0.001171
9209049	0.001169
301213	0.001168
302047	0.001168
9908061	0.001167
204231	0.001167
304097	0.001166
9609183	0.001165
9601143	0.001163
9501091	0.001162
9307151	0.001162
207139	0.001159
1161	0.001157
202133	0.001156
9201015	0.001155
2027	0.001154
9802129	0.001151
9911229	0.001151
9907077	0.001151
9806167	0.001149
112041	0.001149
9402021	0.001148
9401069	0.001148
304209	0.001148
101011	0.001147
111097	0.001147
9605159	0.001146
207093	0.001142
9412079	0.001141
208127	0.001140
9912103	0.001140
205189	0.001139
9903239	0.001138
303121	0.001137
108017	0.001136
109079	0.001134
9807133	0.001133
304049	0.001131
9407025	0.001129
9211119	0.001128
9911129	0.001127
9805093	0.001124
9501053	0.001123
301069	0.001123
4021	0.001119
9612191	0.001119
205055	0.001118
9909143	0.001118
211107	0.001116
108209	0.001115
9907041	0.001114
210311	0.001114
9307171	0.001112
104241	0.001111
9708053	0.001110
9411095	0.001108
9308005	0.001108
9905011	0.001108
9311009	0.001107
12125	0.001107
6087	0.001104
1167	0.001104
9201003	0.001104
8129	0.001101
10201	0.001101
9605069	0.001100
212035	0.001098
9602125	0.001096
205231	0.001093
9407049	0.001093
101195	0.001093
9206051	0.001093
9510213	0.001091
111221	0.001091
9908115	0.001091
207131	0.001090
210173	0.001089
110141	0.001086
107101	0.001086
210055	0.001084
202085	0.001083
6203	0.001082
204185	0.001082
209207	0.001080
9408089	0.001079
11257	0.001079
103259	0.001077
9602105	0.001076
304013	0.001075
111103	0.001074
9512143	0.001074
9905169	0.001073
9903103	0.001068
9505171	0.001068
11071	0.001067
106245	0.001067
203119	0.001066
9611079	0.001066
209231	0.001063
204161	0.001063
211113	0.001060
9707249	0.001059
9305079	0.001058
204009	0.001058
5225	0.001055
9705105	0.001053
6151	0.001051
9908029	0.001049
205305	0.001046
104219	0.001044
7069	0.001043
9204071	0.001043
105243	0.001042
103045	0.001042
9601043	0.001042
301237	0.001038
304225	0.001038
9310159	0.001038
9408169	0.001036
9608013	0.001036
203213	0.001036
212191	0.001035
212219	0.001035
205069	0.001034
9706009	0.001034
304147	0.001031
207177	0.001031
9201061	0.001031
206013	0.001030
9812113	0.001030
101159	0.001030
9611061	0.001029
8199	0.001028
9908005	0.001028
9511067	0.001028
9204037	0.001027
203001	0.001027
5215	0.001025
9610179	0.001025
9909097	0.001025
304131	0.001024
9612139	0.001024
206151	0.001023
9212089	0.001023
9804101	0.001023
7213	0.001022
211247	0.001022
9504083	0.001021
9506135	0.001021
9503143	0.001021
9304055	0.001019
9805053	0.001019
9610121	0.001018
102051	0.001017
108189	0.001016
202069	0.001016
9905005	0.001014
9808181	0.001014
9308077	0.001014
9708007	0.001011
9908091	0.001011
9901067	0.001010
9802045	0.001009
9702193	0.001009
9706093	0.001008
111153	0.001008
106203	0.001007
9037	0.001006
101041	0.001006
5227	0.001006
9404115	0.001003
9206023	0.001003
9905045	0.001003
211063	0.001002
108219	0.000998
102133	0.000998
9807009	0.000998
9203083	0.000996
202087	0.000995
201191	0.000991
109195	0.000991
205087	0.000990
9509105	0.000989
9609079	0.000989
203089	0.000985
9611093	0.000985
11187	0.000984
209125	0.000984
103199	0.000983
104097	0.000982
9809159	0.000981
3157	0.000979
102023	0.000974
9806121	0.000974
111073	0.000974
106211	0.000973
104215	0.000973
205097	0.000973
9610131	0.000969
9405109	0.000969
9907163	0.000968
3285	0.000968
206185	0.000968
1189	0.000965
212317	0.000964
9302083	0.000964
302217	0.000964
111127	0.000962
2215	0.000959
9609027	0.000957
204117	0.000957
101057	0.000955
9901119	0.000955
9911023	0.000954
11153	0.000953
212023	0.000953
304199	0.000952
303213	0.000952
208099	0.000952
9509165	0.000950
9603023	0.000950
3109	0.000948
9908021	0.000946
9603031	0.000946
9804147	0.000945
108121	0.000944
304173	0.000944
9503017	0.000942
303069	0.000941
9301129	0.000941
303039	0.000941
212299	0.000941
106157	0.000939
9904009	0.000938
9802043	0.000937
208149	0.000936
202067	0.000935
208177	0.000934
9808049	0.000933
9502007	0.000933
9909127	0.000931
203125	0.000931
9805081	0.000930
9701113	0.000930
5259	0.000929
102017	0.000928
9308023	0.000928
211191	0.000928
104223	0.000927
201067	0.000927
304105	0.000927
9702195	0.000927
9912137	0.000926
9611127	0.000926
10049	0.000926
301195	0.000925
9231	0.000921
9203079	0.000920
9308129	0.000920
5209	0.000920
9908107	0.000918
9411235	0.000914
9509115	0.000914
7039	0.000913
9301035	0.000913
12073	0.000912
203039	0.000912
111089	0.000909
110103	0.000909
9701173	0.000908
9410215	0.000908
202147	0.000908
104263	0.000907
9706075	0.000907
9608041	0.000906
9804145	0.000905
9202015	0.000905
9905179	0.000905
1005	0.000904
9809185	0.000902
12089	0.000901
204037	0.000901
112157	0.000900
212159	0.000900
104033	0.000895
209175	0.000895
9401003	0.000891
9511125	0.000891
9712161	0.000891
9304057	0.000891
303221	0.000890
9912081	0.000887
9702123	0.000886
9503237	0.000885
112235	0.000885
9212085	0.000884
9305115	0.000882
201229	0.000882
9511045	0.000881
112085	0.000881
9805177	0.000881
212199	0.000880
9301015	0.000879
104153	0.000877
9811121	0.000875
9610021	0.000875
9504057	0.000873
9912193	0.000872
9117	0.000871
9701177	0.000869
9603173	0.000869
211225	0.000868
202071	0.000868
9704093	0.000867
9204031	0.000866
9310011	0.000866
111245	0.000866
6093	0.000864
7107	0.000863
9608077	0.000863
9410209	0.000862
12225	0.000862
9702161	0.000861
2193	0.000861
209227	0.000857
9510115	0.000857
11045	0.000857
112135	0.000856
9501101	0.000855
210063	0.000854
9606073	0.000854
109137	0.000854
9803049	0.000852
112151	0.000852
211043	0.000851
9305107	0.000850
9710125	0.000849
9504155	0.000848
11235	0.000848
206007	0.000847
108089	0.000846
9311049	0.000845
208035	0.000845
301229	0.000841
9906079	0.000841
107155	0.000838
212203	0.000836
211173	0.000835
9507035	0.000834
9908133	0.000833
210289	0.000830
9605225	0.000829
9608045	0.000828
9071	0.000828
9811209	0.000827
9801191	0.000827
9807207	0.000826
110291	0.000825
303161	0.000823
103139	0.000822
9511047	0.000821
301107	0.000820
208139	0.000819
9507141	0.000819
212141	0.000819
304135	0.000819
9306013	0.000818
1217	0.000818
9510083	0.000817
9908009	0.000816
208121	0.000816
9906035	0.000816
6015	0.000816
9205091	0.000816
9311015	0.000813
9907109	0.000812
9710021	0.000811
108005	0.000811
9712203	0.000811
9707041	0.000810
9608161	0.000810
9406079	0.000808
9504115	0.000808
11159	0.000807
301149	0.000807
9410217	0.000807
9609113	0.000807
103193	0.000806
9910225	0.000802
9208035	0.000802
9205069	0.000802
9401153	0.000802
7123	0.000801
9502009	0.000801
11139	0.000801
9606001	0.000800
206249	0.000800
9407101	0.000800
9605003	0.000799
8217	0.000799
9805133	0.000798
205135	0.000798
9907053	0.000796
5193	0.000796
304235	0.000796
12199	0.000796
9808093	0.000796
9405091	0.000795
9606135	0.000794
107039	0.000794
9903155	0.000792
9310135	0.000791
10003	0.000791
9219	0.000790
9707233	0.000790
9912259	0.000790
9912127	0.000790
109031	0.000789
201177	0.000789
9504005	0.000789
202037	0.000789
205119	0.000788
9409015	0.000787
204239	0.000786
110167	0.000786
303013	0.000782
9709137	0.000781
9205089	0.000781
10183	0.000779
9503089	0.000779
9404187	0.000779
9710249	0.000778
303167	0.000777
8191	0.000777
212043	0.000777
9403001	0.000775
103161	0.000774
302197	0.000773
208059	0.000772
109153	0.000771
9901155	0.000771
201149	0.000770
9512117	0.000769
9912035	0.000769
211129	0.000769
11137	0.000768
9906187	0.000768
204057	0.000767
211031	0.000766
101045	0.000766
105185	0.000763
7159	0.000763
101127	0.000763
107257	0.000761
9203081	0.000761
301133	0.000761
304071	0.000760
207213	0.000759
7065	0.000759
101215	0.000758
9910129	0.000758
9401121	0.000758
9601053	0.000757
302035	0.000757
9211103	0.000757
205039	0.000755
9610001	0.000755
9312103	0.000754
105145	0.000754
9505039	0.000753
12151	0.000753
208037	0.000751
9410093	0.000751
9805109	0.000750
9409195	0.000748
302069	0.000748
9906123	0.000746
9509017	0.000746
110053	0.000745
9511189	0.000745
9312127	0.000744
211171	0.000743
9806107	0.000742
9603135	0.000742
9712067	0.000742
110129	0.000742
4177	0.000740
9801007	0.000739
203215	0.000737
9407001	0.000737
9401081	0.000736
9406201	0.000735
8079	0.000734
204233	0.000731
303131	0.000731
9501131	0.000729
9304045	0.000729
1211	0.000729
9501069	0.000728
203141	0.000726
110119	0.000726
9512095	0.000726
209101	0.000725
105271	0.000725
9503009	0.000724
7095	0.000721
109163	0.000721
111161	0.000721
202205	0.000721
9409037	0.000720
4019	0.000720
304175	0.000720
9912051	0.000719
9805167	0.000718
212113	0.000718
104077	0.000718
9706223	0.000717
206105	0.000717
9210123	0.000714
9809167	0.000711
9805173	0.000708
304069	0.000708
9707181	0.000707
104201	0.000706
9501127	0.000706
207231	0.000706
109103	0.000704
105017	0.000703
9612205	0.000703
103035	0.000702
9902049	0.000700
9811179	0.000699
303119	0.000697
209171	0.000694
205009	0.000693
9707025	0.000693
9401131	0.000691
9503145	0.000691
9510155	0.000691
101021	0.000690
9909069	0.000690
9510027	0.000690
111285	0.000689
9309025	0.000689
204075	0.000689
9805205	0.000688
302111	0.000688
2007	0.000688
105183	0.000687
9407047	0.000687
9405065	0.000685
105167	0.000685
9411047	0.000685
202203	0.000681
9807029	0.000681
203269	0.000680
9706203	0.000680
112139	0.000679
9711173	0.000678
209111	0.000678
206129	0.000678
9511007	0.000678
9411049	0.000678
302155	0.000677
9303059	0.000677
206085	0.000676
9311007	0.000675
9612075	0.000674
9703067	0.000673
206101	0.000671
110059	0.000670
9403119	0.000670
9811169	0.000670
11143	0.000670
106261	0.000670
9501003	0.000669
9904103	0.000668
9801063	0.000668
108099	0.000668
9912117	0.000668
110273	0.000668
9504007	0.000667
212335	0.000666
107225	0.000666
9412157	0.000665
9503149	0.000665
9509093	0.000664
9612059	0.000663
111243	0.000663
9802061	0.000663
9207103	0.000662
9611149	0.000661
9911027	0.000661
112207	0.000661
203179	0.000661
9506043	0.000660
9501065	0.000659
201223	0.000658
106143	0.000658
9905023	0.000658
206077	0.000658
9910173	0.000656
9912243	0.000655
206049	0.000655
9311129	0.000655
9901069	0.000654
9711135	0.000653
9505037	0.000653
9509101	0.000653
9810245	0.000652
9710079	0.000652
9510181	0.000651
107243	0.000650
1013	0.000649
204119	0.000648
9904003	0.000646
103265	0.000646
9608147	0.000644
209149	0.000644
9704079	0.000643
104009	0.000643
9709217	0.000642
9506147	0.000642
9707031	0.000642
104015	0.000641
9802029	0.000641
9606181	0.000640
204129	0.000640
9603187	0.000639
11053	0.000639
9603043	0.000639
9402089	0.000639
9404173	0.000638
205277	0.000638
106271	0.000638
9703029	0.000637
9912063	0.000636
9408133	0.000635
205285	0.000635
9210109	0.000635
9211061	0.000635
9910157	0.000633
9304121	0.000632
9602033	0.000632
9305095	0.000632
9510175	0.000631
9610051	0.000631
9909111	0.000630
203071	0.000630
9801155	0.000630
9406179	0.000629
9604123	0.000629
111005	0.000628
9410205	0.000628
9612197	0.000627
6061	0.000627
9705153	0.000627
107195	0.000626
104101	0.000625
9508025	0.000624
7237	0.000623
9912023	0.000622
9412167	0.000622
9705123	0.000622
9612203	0.000621
9605211	0.000621
9709007	0.000621
303231	0.000621
8055	0.000621
9605221	0.000621
9609013	0.000620
9605167	0.000620
9306095	0.000620
9903045	0.000620
9911069	0.000619
2085	0.000618
5009	0.000618
9703149	0.000618
111263	0.000617
9903153	0.000617
9301047	0.000617
209065	0.000617
209031	0.000616
102069	0.000616
9603049	0.000616
9907173	0.000615
9810073	0.000615
206189	0.000615
9603083	0.000614
107229	0.000612
9607029	0.000612
9403121	0.000612
9512047	0.000612
9807105	0.000611
103097	0.000611
9812207	0.000611
1173	0.000611
301047	0.000609
9706021	0.000609
9908083	0.000609
208031	0.000609
9809113	0.000609
7103	0.000609
9311103	0.000608
106047	0.000608
9309019	0.000608
9905043	0.000607
206213	0.000606
8009	0.000606
9901001	0.000605
6213	0.000605
9407167	0.000604
207017	0.000602
9910251	0.000601
9901111	0.000601
9510029	0.000601
9303047	0.000600
211281	0.000599
11195	0.000598
2019	0.000598
4071	0.000597
9610201	0.000597
9812145	0.000597
101187	0.000597
110205	0.000597
9806147	0.000596
12231	0.000596
9902167	0.000596
9803019	0.000595
4017	0.000595
109165	0.000595
9907001	0.000594
9804033	0.000594
9611179	0.000594
9610089	0.000593
3273	0.000591
9909191	0.000590
9404005	0.000590
9806231	0.000590
9908067	0.000588
201233	0.000588
106207	0.000588
12163	0.000587
9703189	0.000587
9604045	0.000586
12017	0.000585
9806037	0.000584
304037	0.000584
105211	0.000584
9812083	0.000583
301155	0.000583
9709183	0.000582
9611089	0.000582
9806111	0.000582
9409047	0.000582
9810039	0.000582
9902041	0.000582
9912015	0.000582
206197	0.000581
110299	0.000579
8131	0.000578
9704153	0.000578
106145	0.000576
9301111	0.000576
209221	0.000575
302143	0.000575
201111	0.000575
204021	0.000575
9306083	0.000574
9909005	0.000574
212015	0.000572
9701171	0.000571
9412161	0.000571
9512075	0.000570
5051	0.000570
105267	0.000570
106125	0.000568
12155	0.000568
9907067	0.000567
207077	0.000567
205153	0.000565
204107	0.000565
209069	0.000565
9512071	0.000564
211163	0.000564
9801079	0.000564
7015	0.000563
9412163	0.000562
9706119	0.000562
301023	0.000562
9312213	0.000562
9612031	0.000560
205255	0.000560
205107	0.000560
201163	0.000559
9304087	0.000558
9906167	0.000558
203113	0.000557
9409093	0.000557
9912265	0.000557
9908095	0.000555
9807237	0.000555
304015	0.000555
205247	0.000554
9203059	0.000554
203271	0.000554
110269	0.000553
9606153	0.000553
9609069	0.000553
9404135	0.000552
303009	0.000551
12053	0.000551
9711191	0.000551
2245	0.000550
212119	0.000550
9702087	0.000547
210203	0.000547
303045	0.000547
201117	0.000547
9707199	0.000545
206173	0.000544
204169	0.000544
104087	0.000543
107231	0.000543
9403193	0.000543
302177	0.000542
9403133	0.000542
9908157	0.000542
9209055	0.000541
210103	0.000541
9812249	0.000540
11155	0.000540
12175	0.000539
9211075	0.000539
9711033	0.000539
9603107	0.000539
212239	0.000538
204109	0.000538
9810015	0.000538
9705033	0.000537
9908041	0.000537
9504049	0.000536
107179	0.000536
9802125	0.000536
109005	0.000536
6095	0.000535
6149	0.000535
302085	0.000534
104237	0.000534
4025	0.000534
9212035	0.000534
9506131	0.000534
212291	0.000534
9411135	0.000533
9807049	0.000532
9706069	0.000532
210025	0.000532
210211	0.000532
208051	0.000531
9206107	0.000531
2241	0.000530
201263	0.000530
209071	0.000529
9310157	0.000528
9804119	0.000528
9512209	0.000527
9709177	0.000527
9907169	0.000526
107033	0.000526
208155	0.000525
209115	0.000521
9904169	0.000521
9701141	0.000521
9163	0.000520
9802023	0.000519
9206035	0.000519
9612067	0.000517
107193	0.000517
9412235	0.000517
203193	0.000516
9205015	0.000515
9301061	0.000515
9706123	0.000514
9023	0.000514
210271	0.000513
9209083	0.000513
9909137	0.000512
9706201	0.000512
103147	0.000512
304005	0.000511
302119	0.000511
9201011	0.000511
9902029	0.000511
9402081	0.000510
101105	0.000510
9607037	0.000510
9411163	0.000510
304229	0.000509
7197	0.000509
9601169	0.000509
207203	0.000506
304267	0.000505
9409165	0.000505
9705161	0.000505
212131	0.000504
204085	0.000504
205011	0.000503
212149	0.000503
301109	0.000503
9406011	0.000503
2155	0.000501
9710177	0.000500
9712197	0.000500
111207	0.000499
9611043	0.000498
302113	0.000498
9412189	0.000497
207149	0.000497
9310069	0.000495
9612093	0.000494
10171	0.000493
9207095	0.000493
9912085	0.000493
103073	0.000492
204205	0.000492
9205115	0.000492
10099	0.000491
205079	0.000490
108061	0.000490
106041	0.000489
108145	0.000489
211061	0.000488
10149	0.000488
104091	0.000488
205193	0.000486
9202021	0.000486
108081	0.000486
9312171	0.000485
9206101	0.000485
9312047	0.000485
9912171	0.000484
9501135	0.000484
9708097	0.000483
5187	0.000483
201239	0.000481
9404157	0.000481
9310067	0.000481
9201021	0.000481
9906047	0.000480
9605187	0.000480
9701057	0.000480
9408065	0.000480
209059	0.000480
9709215	0.000480
9912077	0.000480
9909147	0.000480
107121	0.000479
9609107	0.000479
9609137	0.000479
9707111	0.000479
106023	0.000478
9712125	0.000478
9806165	0.000478
205287	0.000478
9706199	0.000478
9303101	0.000476
9210045	0.000476
303103	0.000476
9410011	0.000475
304109	0.000475
203251	0.000475
6199	0.000474
212133	0.000474
9405031	0.000474
9210017	0.000474
9910205	0.000474
210181	0.000473
9511185	0.000473
101189	0.000473
9501099	0.000471
9612017	0.000471
210117	0.000471
9612179	0.000471
102103	0.000470
9212009	0.000470
302075	0.000469
9710037	0.000469
9704135	0.000469
108045	0.000468
211021	0.000468
9401147	0.000467
9211011	0.000467
9302073	0.000467
9905059	0.000467
9508001	0.000467
207025	0.000466
107253	0.000466
9403089	0.000466
301173	0.000465
101203	0.000465
9304129	0.000465
3155	0.000464
6003	0.000464
9706101	0.000463
9210141	0.000463
301163	0.000462
9503161	0.000462
301227	0.000461
4171	0.000461
9908139	0.000461
9404149	0.000459
9411093	0.000459
206019	0.000458
9708047	0.000458
9807123	0.000458
9707105	0.000457
9512091	0.000456
104247	0.000456
9512103	0.000456
207273	0.000456
9301125	0.000455
205139	0.000455
110163	0.000455
101229	0.000454
9811197	0.000453
9212155	0.000453
9606041	0.000452
9701101	0.000451
9507007	0.000450
9209085	0.000450
1107	0.000449
9503209	0.000449
209093	0.000449
11035	0.000449
205233	0.000448
107089	0.000447
9708135	0.000447
208115	0.000447
207267	0.000447
9805183	0.000446
9045	0.000446
204131	0.000446
4031	0.000444
206233	0.000444
9411131	0.000443
208199	0.000443
206169	0.000443
3199	0.000443
9412175	0.000442
9607129	0.000442
212197	0.000441
9311185	0.000441
1141	0.000441
302041	0.000441
9305109	0.000441
9208059	0.000440
9411055	0.000440
9302003	0.000440
9609163	0.000439
111117	0.000439
9306015	0.000439
208201	0.000438
9903245	0.000438
212347	0.000437
9910247	0.000437
9906093	0.000437
106131	0.000436
9809201	0.000436
9806189	0.000436
201133	0.000436
101129	0.000436
303227	0.000435
104235	0.000434
9403067	0.000433
106237	0.000433
9306085	0.000433
9312021	0.000433
301031	0.000432
303243	0.000430
9803179	0.000430
9702197	0.000429
9611199	0.000428
304221	0.000428
9908203	0.000427
9509097	0.000427
202137	0.000427
9404009	0.000427
211083	0.000426
9412203	0.000425
9512025	0.000425
9409177	0.000425
9802107	0.000425
9608157	0.000425
6135	0.000424
303127	0.000424
9606071	0.000423
112077	0.000423
2093	0.000423
9809123	0.000422
9212115	0.000422
9404025	0.000422
9503069	0.000421
9411025	0.000421
106001	0.000419
301177	0.000418
102147	0.000417
107175	0.000417
207155	0.000417
9904075	0.000416
9809119	0.000416
101081	0.000415
9810109	0.000415
9806233	0.000415
9202061	0.000414
9408115	0.000414
9307039	0.000413
9511131	0.000413
9605151	0.000413
9903149	0.000412
107063	0.000412
8123	0.000412
111205	0.000410
9511153	0.000410
107203	0.000410
9511035	0.000409
101133	0.000409
208071	0.000408
105251	0.000408
9906141	0.000408
9303175	0.000407
304141	0.000407
103249	0.000407
9512207	0.000407
9707141	0.000406
9303159	0.000406
108093	0.000405
9805067	0.000405
9704083	0.000405
9806243	0.000404
9301033	0.000404
9505129	0.000404
9403041	0.000404
9409107	0.000403
9402049	0.000402
202063	0.000401
108109	0.000398
110149	0.000398
9704045	0.000398
9805153	0.000397
9310017	0.000396
9902111	0.000396
9312189	0.000395
9605001	0.000395
105127	0.000395
9511145	0.000395
9405185	0.000395
9610129	0.000395
8105	0.000394
9710205	0.000394
9612043	0.000393
9406063	0.000393
9507075	0.000393
103217	0.000393
5045	0.000393
10187	0.000392
1023	0.000392
9607171	0.000391
9610207	0.000391
9607095	0.000390
7225	0.000390
9902115	0.000390
101075	0.000390
9409019	0.000390
9503093	0.000389
11021	0.000389
9510007	0.000389
9411003	0.000388
203259	0.000388
9509021	0.000387
11259	0.000387
9205071	0.000387
212143	0.000386
9404175	0.000386
212163	0.000386
9307045	0.000385
208067	0.000385
9401029	0.000385
9306077	0.000385
210279	0.000385
9507155	0.000385
107209	0.000384
9211047	0.000384
9611055	0.000384
9810005	0.000384
9211111	0.000384
212307	0.000384
9201067	0.000384
9412113	0.000383
111111	0.000382
203175	0.000382
9611207	0.000382
9610191	0.000381
9507061	0.000381
9802139	0.000380
209185	0.000380
9504151	0.000379
9610163	0.000379
104265	0.000379
9504097	0.000379
9911087	0.000378
303251	0.000378
301079	0.000378
9910255	0.000378
9910003	0.000377
9210011	0.000377
9910231	0.000377
8059	0.000376
201189	0.000376
9609051	0.000376
9507057	0.000376
9209003	0.000376
9206087	0.000376
9410191	0.000375
101201	0.000375
9810231	0.000374
107137	0.000373
9309119	0.000373
211209	0.000372
203205	0.000372
2033	0.000372
206095	0.000372
203035	0.000372
110105	0.000371
9301097	0.000371
203115	0.000371
9508073	0.000371
9510123	0.000371
112029	0.000370
301081	0.000370
9908097	0.000370
301017	0.000370
9604183	0.000369
9309107	0.000369
110195	0.000369
210233	0.000369
110239	0.000369
9902099	0.000368
304227	0.000367
9809137	0.000367
9208007	0.000367
106075	0.000367
9301001	0.000367
9401045	0.000366
202049	0.000366
201055	0.000366
111239	0.000366
209119	0.000366
3171	0.000365
9510013	0.000365
9401125	0.000365
201161	0.000365
304003	0.000364
9502029	0.000364
107065	0.000364
9507109	0.000363
206117	0.000363
9406207	0.000363
9907141	0.000362
9811059	0.000362
204235	0.000361
9612103	0.000361
11231	0.000361
9807069	0.000361
9305125	0.000360
9407109	0.000360
301027	0.000360
3083	0.000359
9806237	0.000358
9611181	0.000358
9207005	0.000358
9512107	0.000357
8185	0.000357
11221	0.000357
211013	0.000357
9905127	0.000357
302021	0.000356
104203	0.000356
9212023	0.000356
9712245	0.000356
9806101	0.000355
9611011	0.000355
101233	0.000354
202077	0.000354
9710095	0.000353
9904125	0.000353
9804075	0.000353
211169	0.000353
9501097	0.000352
9710031	0.000351
9805005	0.000351
204223	0.000351
9812105	0.000350
9607137	0.000350
9512009	0.000350
209135	0.000348
302129	0.000348
212125	0.000347
212093	0.000347
9503043	0.000346
303097	0.000345
201269	0.000345
9904051	0.000345
6101	0.000344
1165	0.000344
104175	0.000344
9401041	0.000343
105149	0.000343
3301	0.000343
108073	0.000343
1121	0.000343
212333	0.000342
9601125	0.000342
3277	0.000342
9611133	0.000341
301243	0.000341
201181	0.000341
9705051	0.000341
9712095	0.000341
207201	0.000341
9803063	0.000340
9702049	0.000339
9801033	0.000338
210057	0.000338
110159	0.000338
9612083	0.000337
9209099	0.000337
9804185	0.000337
9510127	0.000337
207023	0.000337
9410069	0.000337
201179	0.000337
9197	0.000337
7221	0.000336
9301069	0.000336
9604085	0.000336
9305131	0.000336
9704047	0.000336
9208041	0.000335
9409023	0.000333
106069	0.000333
9603093	0.000333
207159	0.000333
107245	0.000332
9511101	0.000332
9065	0.000331
9510205	0.000331
9207011	0.000331
9510199	0.000330
206023	0.000330
9905057	0.000330
9609175	0.000330
9804043	0.000330
9605145	0.000328
9411053	0.000328
9209115	0.000328
9904127	0.000327
304201	0.000327
3209	0.000327
201259	0.000326
9907207	0.000326
202043	0.000326
112039	0.000324
9904141	0.000324
9704171	0.000323
205245	0.000323
12077	0.000322
9207065	0.000322
6217	0.000321
9806179	0.000321
9308001	0.000321
11169	0.000321
9710075	0.000321
9205037	0.000321
9402115	0.000320
9805101	0.000320
205047	0.000320
102039	0.000320
9204057	0.000319
9809125	0.000319
9206055	0.000319
107223	0.000318
9609061	0.000318
9806157	0.000318
204065	0.000317
101151	0.000317
208213	0.000317
5285	0.000317
9404023	0.000317
107043	0.000317
9504033	0.000317
9704115	0.000317
9607213	0.000316
9408113	0.000315
9406095	0.000315
9407091	0.000315
9502089	0.000315
9802113	0.000314
9137	0.000314
9302023	0.000313
9303093	0.000313
9091	0.000312
9810047	0.000312
9904105	0.000312
9312209	0.000311
9908187	0.000311
9912105	0.000310
9604151	0.000310
104067	0.000310
9906163	0.000310
205203	0.000309
9410203	0.000309
209253	0.000309
9310041	0.000309
9311093	0.000308
9604141	0.000308
9912021	0.000307
9806033	0.000307
105293	0.000307
9402041	0.000306
9611193	0.000306
9911125	0.000305
9603071	0.000305
9601147	0.000305
9510223	0.000305
9606119	0.000305
7049	0.000305
8197	0.000304
9312001	0.000304
9709201	0.000304
9502143	0.000303
9402085	0.000303
103211	0.000303
9506045	0.000303
9302049	0.000302
9311147	0.000302
9304061	0.000301
6077	0.000301
9508111	0.000301
9706139	0.000301
9710091	0.000301
9602099	0.000300
9512147	0.000300
103131	0.000299
104179	0.000299
9602069	0.000299
9704049	0.000299
9710199	0.000299
9604105	0.000299
12255	0.000298
210151	0.000298
105135	0.000298
9610103	0.000298
9701179	0.000298
9704111	0.000298
211207	0.000297
9810171	0.000297
5125	0.000296
9610141	0.000296
9508033	0.000296
212201	0.000296
9312167	0.000296
9406093	0.000295
9711049	0.000294
9402029	0.000294
9903183	0.000294
9510109	0.000294
9302133	0.000293
9306145	0.000293
105069	0.000293
8111	0.000293
105067	0.000293
9910057	0.000292
110261	0.000292
203221	0.000292
9705151	0.000291
7037	0.000291
9507171	0.000291
9403177	0.000290
9509019	0.000290
9505061	0.000290
207225	0.000289
9709101	0.000289
9208001	0.000289
109045	0.000289
9612065	0.000289
9403181	0.000287
9702117	0.000287
9505127	0.000287
301033	0.000286
9806227	0.000286
205309	0.000285
212275	0.000285
9710147	0.000285
9307013	0.000285
9607189	0.000285
107247	0.000285
210059	0.000284
211003	0.000284
302175	0.000284
9510217	0.000284
9304027	0.000283
201027	0.000283
9201039	0.000283
8067	0.000283
9406101	0.000283
9605119	0.000283
9309067	0.000283
204097	0.000283
9402093	0.000282
9303099	0.000282
208075	0.000282
101065	0.000282
209039	0.000282
206031	0.000281
203145	0.000281
9607203	0.000280
106083	0.000280
9206059	0.000280
9702143	0.000280
9804143	0.000279
9408121	0.000279
9404095	0.000279
107059	0.000278
9802097	0.000278
102015	0.000278
211133	0.000278
304177	0.000278
9208023	0.000277
9706049	0.000277
9206027	0.000277
203137	0.000277
9602075	0.000276
9902003	0.000276
9904099	0.000275
9307145	0.000275
9604159	0.000275
1031	0.000275
9503001	0.000275
102061	0.000274
206149	0.000274
9810167	0.000273
10177	0.000273
9307155	0.000272
9404039	0.000272
9305163	0.000272
209097	0.000272
9708023	0.000272
9212027	0.000272
9113	0.000271
9301067	0.000271
11027	0.000271
9810017	0.000271
9401105	0.000271
204199	0.000271
206003	0.000271
9701109	0.000271
205017	0.000270
110177	0.000270
9810215	0.000270
204111	0.000270
9609215	0.000270
109051	0.000269
9902189	0.000269
110257	0.000269
9412003	0.000269
2233	0.000269
9304133	0.000269
9811009	0.000269
204099	0.000268
304053	0.000266
9143	0.000266
9712007	0.000266
9510087	0.000265
109095	0.000265
9607141	0.000265
9911093	0.000265
9706183	0.000264
9211071	0.000264
107009	0.000264
112035	0.000264
9402007	0.000263
9604195	0.000263
103009	0.000263
101221	0.000262
210189	0.000262
9712045	0.000262
10139	0.000262
9512135	0.000262
9506059	0.000261
9809049	0.000261
2229	0.000261
9211049	0.000260
9612149	0.000260
111105	0.000259
203059	0.000259
9805077	0.000258
9412061	0.000258
106099	0.000258
3153	0.000258
105303	0.000258
111061	0.000258
211193	0.000257
9205003	0.000256
9210107	0.000256
9711025	0.000256
9706173	0.000256
9307059	0.000256
9607003	0.000256
9510195	0.000256
9911167	0.000255
303117	0.000255
9903243	0.000255
9601073	0.000255
102197	0.000254
9901005	0.000254
108193	0.000254
102093	0.000254
208167	0.000253
9810211	0.000253
11067	0.000253
9606179	0.000253
209113	0.000253
212101	0.000252
9411223	0.000252
9910123	0.000252
108087	0.000252
9212075	0.000251
9312107	0.000251
9504017	0.000251
9711113	0.000251
9504143	0.000250
302001	0.000250
9902177	0.000250
9211089	0.000250
107239	0.000250
11229	0.000250
9512019	0.000249
9509071	0.000249
9807091	0.000249
10085	0.000248
106065	0.000248
9511081	0.000248
9604003	0.000248
205271	0.000248
9511071	0.000248
9303171	0.000247
9908127	0.000247
9501077	0.000247
9703219	0.000247
9608011	0.000247
9304015	0.000247
9404099	0.000247
210081	0.000247
9707115	0.000246
9610037	0.000246
9604113	0.000246
212287	0.000246
9611053	0.000246
9502069	0.000246
9308153	0.000245
9406015	0.000245
9809087	0.000245
9908183	0.000245
9206077	0.000244
9310105	0.000244
9504065	0.000244
201059	0.000243
9312175	0.000243
3039	0.000243
9701157	0.000243
202155	0.000243
9811063	0.000242
9702035	0.000242
102161	0.000241
9509127	0.000241
9812199	0.000241
103077	0.000241
210205	0.000240
9706031	0.000240
9207077	0.000240
106233	0.000240
9507127	0.000240
9708139	0.000239
105163	0.000239
9151	0.000238
9402039	0.000238
9404089	0.000238
9206037	0.000238
9604061	0.000237
9405187	0.000237
303037	0.000236
9412059	0.000236
9904047	0.000236
9504127	0.000236
3099	0.000236
101037	0.000235
6179	0.000235
201201	0.000235
9407185	0.000234
9210115	0.000234
9703081	0.000234
107083	0.000234
9605233	0.000233
302141	0.000233
202029	0.000233
9604027	0.000233
9411153	0.000232
303217	0.000232
9801091	0.000232
9510133	0.000232
9412077	0.000231
9208053	0.000231
9805175	0.000231
5109	0.000231
9505161	0.000230
9902035	0.000230
9312059	0.000230
103207	0.000229
205237	0.000229
9606045	0.000229
201137	0.000228
5103	0.000228
9801021	0.000228
9704133	0.000227
205027	0.000227
9512015	0.000227
9710107	0.000227
9301019	0.000227
9505177	0.000227
9912017	0.000227
303155	0.000226
9902031	0.000226
9902147	0.000226
102199	0.000226
6057	0.000226
9906061	0.000225
9503221	0.000225
9608083	0.000225
7101	0.000225
9210005	0.000225
304087	0.000224
9702019	0.000224
9909131	0.000224
9805163	0.000224
207185	0.000224
303053	0.000224
9512195	0.000223
9402097	0.000223
304159	0.000223
9511061	0.000223
9412127	0.000223
9409099	0.000223
9304081	0.000222
211105	0.000222
201109	0.000222
9409101	0.000222
9910147	0.000222
9703131	0.000221
9707081	0.000221
9908033	0.000221
9212099	0.000221
204125	0.000221
9709203	0.000221
9705075	0.000221
106089	0.000220
9303025	0.000220
9509035	0.000220
9808063	0.000220
9709075	0.000220
212071	0.000219
9401061	0.000219
10073	0.000219
9709145	0.000219
9408003	0.000219
9209101	0.000219
212261	0.000219
9803241	0.000218
9903027	0.000218
9707163	0.000217
9705061	0.000217
101023	0.000217
9712031	0.000217
9705185	0.000217
9707167	0.000217
9709119	0.000217
304023	0.000217
6017	0.000217
208129	0.000217
9607071	0.000216
9406091	0.000216
9407039	0.000216
202123	0.000216
207189	0.000215
9310095	0.000215
304149	0.000215
9810043	0.000215
9511167	0.000215
9510003	0.000214
9803133	0.000214
303187	0.000214
108117	0.000213
3029	0.000213
9512023	0.000213
9603181	0.000213
201007	0.000213
303003	0.000213
9603019	0.000213
9410143	0.000213
9309105	0.000212
205273	0.000212
212205	0.000211
9305133	0.000211
9304091	0.000211
9403175	0.000211
8061	0.000211
9812005	0.000211
9603141	0.000210
9711183	0.000210
9303065	0.000210
9411011	0.000209
9209117	0.000209
107201	0.000209
9805201	0.000209
9612199	0.000209
9808067	0.000209
103143	0.000208
9401059	0.000208
9912183	0.000208
9508105	0.000208
9308091	0.000208
9310197	0.000207
9510121	0.000206
9212037	0.000206
210247	0.000206
8039	0.000205
303079	0.000205
106097	0.000204
9404031	0.000204
9601099	0.000204
304151	0.000204
9407007	0.000204
9706091	0.000204
9207105	0.000204
9911029	0.000204
9811191	0.000204
9210085	0.000203
9303103	0.000203
112159	0.000203
9604053	0.000203
9903069	0.000203
9611015	0.000203
9611105	0.000203
9602055	0.000203
9801201	0.000202
108155	0.000202
9912115	0.000201
3191	0.000201
9807147	0.000201
9206103	0.000201
9601069	0.000201
212271	0.000200
9408053	0.000200
9709097	0.000199
102089	0.000199
210067	0.000199
9909173	0.000199
9305055	0.000199
9907027	0.000199
9808055	0.000199
210235	0.000198
9905149	0.000198
9209011	0.000198
9604011	0.000198
9808023	0.000198
9904061	0.000197
9409151	0.000197
9308115	0.000197
9211025	0.000197
207263	0.000197
9712081	0.000197
9512013	0.000196
9808129	0.000196
211125	0.000196
103005	0.000195
9115	0.000195
9905225	0.000195
9402057	0.000194
9212083	0.000194
212311	0.000194
3239	0.000193
110243	0.000193
107129	0.000193
205217	0.000193
302199	0.000193
9907185	0.000192
9205011	0.000191
211161	0.000191
9804089	0.000191
9406081	0.000191
9803081	0.000191
104029	0.000190
9904157	0.000190
9506081	0.000190
9311097	0.000190
9909055	0.000190
9506007	0.000190
302037	0.000190
9508129	0.000189
204149	0.000189
304125	0.000189
10147	0.000188
6163	0.000188
12219	0.000187
5189	0.000187
9603029	0.000187
9612237	0.000187
9803177	0.000187
9702003	0.000187
9512187	0.000187
9307177	0.000186
9201027	0.000186
9506033	0.000186
9309027	0.000186
9406181	0.000186
210001	0.000186
106141	0.000185
103213	0.000185
9310165	0.000185
106163	0.000184
201211	0.000184
9403151	0.000184
202101	0.000184
105031	0.000184
9304053	0.000184
110057	0.000184
9302037	0.000184
209131	0.000183
208157	0.000183
9211027	0.000183
9810027	0.000183
9906131	0.000183
9803175	0.000182
9406103	0.000182
9077	0.000182
9704179	0.000182
9807155	0.000182
205195	0.000181
9711151	0.000181
9411143	0.000181
9308121	0.000181
109201	0.000180
9911155	0.000180
1003	0.000180
9505033	0.000180
9306041	0.000179
9704113	0.000179
9205043	0.000178
9202011	0.000178
9912143	0.000178
9709111	0.000178
9801003	0.000178
6171	0.000178
9305179	0.000178
9612201	0.000178
9805085	0.000178
9206033	0.000177
212267	0.000177
9503055	0.000176
9404013	0.000176
9208015	0.000176
105299	0.000176
12013	0.000176
205267	0.000176
203121	0.000176
9305117	0.000175
108125	0.000175
9405143	0.000175
9704175	0.000175
9409009	0.000175
9602009	0.000175
209037	0.000175
9403113	0.000175
105233	0.000174
9710051	0.000174
9505139	0.000174
10253	0.000174
301131	0.000173
9811077	0.000173
9509089	0.000173
8165	0.000173
206125	0.000173
9703033	0.000173
304089	0.000173
9708115	0.000173
9508141	0.000173
9205021	0.000173
9210001	0.000172
9511093	0.000172
203245	0.000172
9902141	0.000172
9502049	0.000172
301061	0.000171
9207089	0.000171
304269	0.000171
9802077	0.000171
9412135	0.000171
9512125	0.000171
204229	0.000170
201023	0.000170
9504067	0.000170
9712043	0.000170
9511063	0.000170
109087	0.000170
9409001	0.000170
9503041	0.000169
203081	0.000169
9809171	0.000169
9607161	0.000169
9507125	0.000169
206035	0.000169
9507001	0.000168
201219	0.000168
9712015	0.000168
9807101	0.000168
9612183	0.000168
9512175	0.000167
9404067	0.000167
304219	0.000167
9412033	0.000167
9303153	0.000167
9807007	0.000167
9309103	0.000167
9712181	0.000167
9809089	0.000166
9205085	0.000166
9907063	0.000166
9907151	0.000165
9305111	0.000165
9303133	0.000165
302121	0.000165
206231	0.000165
9209045	0.000165
9504025	0.000164
9511215	0.000164
9706169	0.000164
9905079	0.000164
9212071	0.000164
9208047	0.000164
9203045	0.000164
9201041	0.000164
9305087	0.000164
9808057	0.000163
9209113	0.000163
9305077	0.000163
9507167	0.000163
9605099	0.000163
9905215	0.000163
9803071	0.000163
211237	0.000163
110065	0.000163
9210019	0.000163
9904213	0.000163
9511199	0.000163
2045	0.000163
9303005	0.000163
9602119	0.000162
9304023	0.000162
8161	0.000162
9502117	0.000162
9501039	0.000162
9406029	0.000162
302167	0.000162
9808109	0.000162
9610165	0.000162
9405141	0.000162
9412179	0.000161
101089	0.000161
103093	0.000161
9310137	0.000161
9208031	0.000161
9312075	0.000161
9401031	0.000161
9705233	0.000161
9410087	0.000160
10097	0.000160
9709019	0.000160
9603139	0.000160
302043	0.000160
9806203	0.000160
9203039	0.000160
9807031	0.000159
210123	0.000159
9609031	0.000159
9201001	0.000159
5281	0.000158
112061	0.000158
9805155	0.000158
9509143	0.000158
212259	0.000158
9703119	0.000158
9910073	0.000157
9703069	0.000157
9405119	0.000157
9911241	0.000157
9906227	0.000157
9712129	0.000157
103051	0.000156
9505047	0.000156
9801193	0.000156
9310033	0.000156
104149	0.000156
9602123	0.000156
1151	0.000156
9510137	0.000155
9207009	0.000155
9901011	0.000155
9412153	0.000155
9407175	0.000155
212213	0.000155
9504031	0.000155
12149	0.000155
10257	0.000155
9407173	0.000154
111241	0.000154
209209	0.000154
9305089	0.000154
9410235	0.000154
9211059	0.000153
211039	0.000153
207143	0.000153
303143	0.000153
304207	0.000153
107049	0.000153
9908031	0.000153
9312143	0.000153
9506133	0.000153
9206097	0.000152
9504091	0.000152
9509043	0.000152
2227	0.000151
9802167	0.000151
9607083	0.000151
209025	0.000151
9503227	0.000151
9606195	0.000151
9602103	0.000151
9201019	0.000151
109117	0.000150
9702063	0.000150
9812197	0.000150
9409061	0.000150
110021	0.000149
9607147	0.000149
206179	0.000149
206205	0.000149
9611025	0.000149
9910243	0.000149
9506001	0.000149
5107	0.000148
9601161	0.000148
9810119	0.000148
207141	0.000148
9027	0.000148
9404045	0.000148
12003	0.000148
9239	0.000148
9812191	0.000147
9410003	0.000147
9305105	0.000147
102111	0.000147
9301029	0.000147
9505021	0.000147
9608055	0.000146
202149	0.000146
9612243	0.000146
9606143	0.000146
9504011	0.000146
9707189	0.000146
9202003	0.000146
9602023	0.000146
9305043	0.000145
210213	0.000145
201091	0.000145
9712139	0.000145
9503109	0.000145
103141	0.000145
9410219	0.000145
9506121	0.000145
9210105	0.000144
211057	0.000144
9405081	0.000144
1007	0.000144
9610057	0.000144
9502149	0.000144
9201005	0.000143
101157	0.000143
207051	0.000143
9601041	0.000143
302183	0.000143
9706015	0.000142
9712247	0.000142
5261	0.000142
302211	0.000142
9705007	0.000142
9310113	0.000142
110063	0.000142
9404139	0.000141
9310053	0.000141
103225	0.000141
10225	0.000141
105239	0.000141
211085	0.000141
9601049	0.000141
208069	0.000141
211095	0.000141
302147	0.000141
9503005	0.000141
9502155	0.000140
9406053	0.000140
9505091	0.000140
107255	0.000140
9511111	0.000140
109123	0.000140
204215	0.000139
9902037	0.000139
108149	0.000139
205261	0.000139
9912113	0.000139
8139	0.000139
103255	0.000138
9304043	0.000138
9512131	0.000138
107093	0.000138
9807003	0.000138
9912163	0.000138
9711155	0.000138
103025	0.000137
9710169	0.000137
104123	0.000137
105013	0.000137
208109	0.000137
9805001	0.000137
9504013	0.000137
9611031	0.000137
210297	0.000137
9210047	0.000137
9205025	0.000137
9205033	0.000137
9711175	0.000137
9404183	0.000137
9711019	0.000137
210155	0.000137
9501081	0.000136
204213	0.000136
9609063	0.000136
106279	0.000136
9610243	0.000136
6001	0.000136
9510147	0.000136
9509001	0.000136
207191	0.000135
9706033	0.000135
6207	0.000135
7113	0.000135
9604007	0.000135
9605019	0.000134
9610069	0.000134
4083	0.000134
9912291	0.000134
106197	0.000134
101185	0.000134
9907139	0.000134
110137	0.000134
9607117	0.000133
9203061	0.000133
9802191	0.000133
9802201	0.000133
108153	0.000133
102179	0.000133
9405123	0.000133
9505119	0.000133
9611009	0.000132
206229	0.000132
9407023	0.000132
8063	0.000132
211227	0.000132
9502165	0.000132
9310179	0.000132
3013	0.000132
105153	0.000131
9310015	0.000131
9607111	0.000131
211087	0.000131
108237	0.000131
9301059	0.000131
103257	0.000131
1175	0.000131
206217	0.000131
9505149	0.000131
9911239	0.000131
9609191	0.000131
11287	0.000130
9309033	0.000130
9902165	0.000130
110013	0.000130
209017	0.000130
9312013	0.000129
9211139	0.000129
9205007	0.000129
3003	0.000129
9907031	0.000129
9607155	0.000129
6173	0.000129
9404109	0.000129
9405133	0.000129
9811029	0.000129
9602109	0.000128
9602011	0.000128
3125	0.000128
9201049	0.000128
9308097	0.000128
9503065	0.000128
301251	0.000128
111049	0.000128
2177	0.000128
9401027	0.000128
210065	0.000127
111011	0.000127
9707237	0.000127
9505167	0.000127
10261	0.000127
9905185	0.000127
9408007	0.000127
9125	0.000127
302139	0.000126
9407141	0.000126
9608131	0.000126
4105	0.000126
210095	0.000126
201245	0.000126
9510167	0.000125
9411213	0.000125
9207045	0.000125
9503083	0.000125
9207097	0.000125
9412065	0.000124
9512141	0.000124
9610137	0.000124
9406193	0.000124
9408119	0.000124
9510215	0.000124
206159	0.000124
204219	0.000124
9304065	0.000124
9609179	0.000123
9904001	0.000123
3275	0.000123
9406045	0.000123
108079	0.000123
212153	0.000123
9508047	0.000122
9702121	0.000122
9403129	0.000122
9310025	0.000122
112125	0.000122
9304003	0.000122
207007	0.000122
208025	0.000122
9503095	0.000122
9407151	0.000122
205205	0.000122
106277	0.000122
9511141	0.000122
9906229	0.000122
9708081	0.000122
5037	0.000121
9407123	0.000121
9505151	0.000121
9812241	0.000121
111045	0.000121
9405195	0.000121
9912109	0.000120
9905223	0.000120
9605075	0.000120
9206015	0.000120
9812189	0.000120
10283	0.000120
9303111	0.000119
9409069	0.000119
5033	0.000119
9402037	0.000119
303267	0.000119
9911177	0.000119
9611167	0.000119
210009	0.000119
9805199	0.000119
5071	0.000119
9811041	0.000119
9710241	0.000119
9809011	0.000118
9302123	0.000118
9055	0.000118
9510011	0.000118
206187	0.000118
9303115	0.000118
9302035	0.000118
9806181	0.000118
9809079	0.000118
9803101	0.000118
9811249	0.000117
9402077	0.000117
105029	0.000117
9610193	0.000117
9403033	0.000117
110101	0.000117
303165	0.000117
9606161	0.000117
212247	0.000117
7227	0.000116
108029	0.000116
208151	0.000116
109015	0.000116
9803093	0.000116
203043	0.000116
9711101	0.000115
9905141	0.000115
9606013	0.000115
9401073	0.000115
209035	0.000115
9311139	0.000114
9311047	0.000114
202009	0.000114
9810139	0.000114
9211057	0.000114
9409113	0.000114
12015	0.000113
9310115	0.000113
9703025	0.000113
9506089	0.000113
9807063	0.000113
9401107	0.000112
9510187	0.000112
9605039	0.000112
212155	0.000112
9608075	0.000112
10135	0.000112
9611191	0.000112
208173	0.000112
9611145	0.000112
9312045	0.000112
9608181	0.000112
202033	0.000111
204151	0.000111
12197	0.000111
105169	0.000111
105195	0.000111
207049	0.000110
9605079	0.000110
303043	0.000110
9505173	0.000110
12083	0.000110
9507137	0.000109
9307173	0.000109
9202057	0.000109
201225	0.000109
9608031	0.000109
9410231	0.000109
207243	0.000109
9611003	0.000109
9411039	0.000108
9604153	0.000108
9710237	0.000108
110241	0.000108
9708131	0.000108
111183	0.000108
9601087	0.000108
9608097	0.000108
9204103	0.000108
9503167	0.000108
9505103	0.000108
2139	0.000107
9503013	0.000107
9301103	0.000107
304039	0.000107
9129	0.000107
9610147	0.000107
9702091	0.000107
9912263	0.000107
9907111	0.000107
9606117	0.000107
9409157	0.000106
209107	0.000106
103151	0.000106
9202069	0.000106
9911013	0.000106
9608063	0.000106
9704023	0.000106
9202017	0.000106
205191	0.000106
9907057	0.000106
9406013	0.000105
9312159	0.000105
9606107	0.000105
9502125	0.000105
9511127	0.000105
9207109	0.000105
9402149	0.000105
9410023	0.000104
9802071	0.000104
201261	0.000104
9403189	0.000104
10059	0.000104
7207	0.000104
9905035	0.000104
9309093	0.000104
9609237	0.000104
205057	0.000104
9812063	0.000104
9509075	0.000104
101059	0.000104
9705219	0.000103
101005	0.000103
204141	0.000103
108243	0.000103
205063	0.000103
9503229	0.000103
9610209	0.000103
9505005	0.000103
9206007	0.000103
302015	0.000103
9308149	0.000103
9508029	0.000103
9702021	0.000102
9310201	0.000102
109077	0.000102
9204011	0.000102
9811075	0.000102
9912211	0.000102
9404079	0.000102
9306147	0.000102
9711041	0.000101
9507087	0.000101
109179	0.000101
9508003	0.000101
12055	0.000101
9509037	0.000101
201235	0.000101
103135	0.000101
9606147	0.000101
9509027	0.000100
9607177	0.000100
101035	0.000100
9403045	0.000100
9306043	0.000100
9606095	0.000100
9802127	0.000100
3243	0.000100
9502093	0.000100
5017	0.000100
9912229	0.000100
9406043	0.000100
9207061	0.000100
9305017	0.000100
9511219	0.000100
9307001	0.000100
9710015	0.000100
9301049	0.000100
10199	0.000100
9709141	0.000100
302053	0.000100
9203009	0.000099
9701131	0.000099
9703129	0.000099
9702027	0.000099
9903035	0.000099
9311143	0.000099
110255	0.000099
9310193	0.000099
201103	0.000099
9303029	0.000098
9906089	0.000098
203055	0.000098
9310083	0.000098
9411177	0.000098
9912281	0.000098
9904167	0.000098
9309135	0.000098
9605191	0.000098
208113	0.000098
9706105	0.000098
209237	0.000098
9508131	0.000098
9409179	0.000098
9507045	0.000098
9610029	0.000098
9161	0.000097
9305181	0.000097
9511075	0.000097
9202039	0.000097
9311181	0.000097
9504061	0.000097
9408005	0.000097
204121	0.000097
9307037	0.000097
9401159	0.000096
9909037	0.000096
9308151	0.000096
12019	0.000096
9204069	0.000096
9506047	0.000096
9509173	0.000096
9712207	0.000096
103197	0.000096
211277	0.000096
7183	0.000096
212137	0.000096
9509169	0.000096
9407177	0.000096
108129	0.000096
9411155	0.000095
9505027	0.000095
9504111	0.000095
9511175	0.000095
9212103	0.000095
9609003	0.000095
9910153	0.000095
303101	0.000095
9503023	0.000094
9910201	0.000094
9608165	0.000094
9204049	0.000094
9908191	0.000094
9408171	0.000094
9509047	0.000094
9809189	0.000094
4053	0.000094
9410047	0.000094
12191	0.000094
9707245	0.000093
9412169	0.000093
9303127	0.000093
9704211	0.000093
9512179	0.000093
9908149	0.000093
9805023	0.000093
9307189	0.000093
210199	0.000093
112161	0.000093
9906225	0.000092
112049	0.000092
9508093	0.000092
9309069	0.000092
9310023	0.000092
9903121	0.000091
11049	0.000091
9807125	0.000091
9707029	0.000091
2167	0.000091
9501013	0.000091
9903223	0.000091
9303063	0.000091
301209	0.000091
108197	0.000091
111039	0.000091
9501019	0.000091
8137	0.000090
9701033	0.000090
211233	0.000090
9209037	0.000090
9601075	0.000090
9502111	0.000090
9412165	0.000090
9312145	0.000090
9711091	0.000089
9510157	0.000089
9606061	0.000089
12237	0.000089
9403143	0.000089
211079	0.000089
9310045	0.000089
9505049	0.000089
9406031	0.000089
9411015	0.000088
9409035	0.000088
106225	0.000088
9401149	0.000088
9312153	0.000088
201057	0.000088
9210009	0.000088
9501083	0.000088
107029	0.000088
9505111	0.000088
9206049	0.000088
9602085	0.000087
9404061	0.000087
9512189	0.000087
9803159	0.000087
9404065	0.000087
9502115	0.000087
9906007	0.000087
9609019	0.000087
201073	0.000087
9502025	0.000087
110287	0.000086
9703095	0.000086
9611171	0.000086
9512225	0.000086
8025	0.000086
9710135	0.000086
211149	0.000086
9609141	0.000086
210287	0.000086
105015	0.000085
9309035	0.000085
9602155	0.000085
9133	0.000085
107041	0.000085
9404185	0.000085
9406041	0.000085
211183	0.000085
9806153	0.000084
111203	0.000084
9602047	0.000084
9501037	0.000084
204053	0.000084
9204085	0.000084
9410223	0.000084
9210091	0.000084
9901051	0.000084
9609165	0.000084
205199	0.000084
9404033	0.000083
9506169	0.000083
9502047	0.000083
10019	0.000083
9205095	0.000083
9703071	0.000083
212327	0.000083
2003	0.000083
112215	0.000083
212229	0.000083
9307079	0.000083
9306057	0.000083
9703183	0.000082
9208025	0.000082
112051	0.000082
109207	0.000082
210033	0.000082
9409039	0.000082
9606025	0.000082
9512183	0.000082
9801199	0.000082
9806135	0.000082
112261	0.000082
9807157	0.000081
9405107	0.000081
9612063	0.000081
9301037	0.000081
9409117	0.000081
10265	0.000081
9812153	0.000081
9410179	0.000081
2173	0.000081
9905017	0.000081
9610011	0.000081
9905229	0.000080
9505077	0.000080
208169	0.000080
9312003	0.000080
9802105	0.000080
9712119	0.000080
9802039	0.000080
9410091	0.000080
205257	0.000080
9311067	0.000080
9703085	0.000080
5161	0.000080
9904199	0.000080
9610241	0.000080
105131	0.000080
301167	0.000080
304083	0.000080
9803207	0.000080
9403183	0.000080
9409063	0.000080
7119	0.000080
9506005	0.000079
9410005	0.000079
3133	0.000079
9408029	0.000079
9404093	0.000079
9306009	0.000079
9603117	0.000079
9408149	0.000079
5075	0.000078
9312077	0.000078
106101	0.000078
9602089	0.000078
9703107	0.000078
2213	0.000078
202019	0.000078
9408137	0.000078
101153	0.000078
6241	0.000078
9410105	0.000078
9506177	0.000078
212077	0.000078
101165	0.000078
9201025	0.000077
6245	0.000077
9207051	0.000077
9603017	0.000077
9711187	0.000077
9809149	0.000077
9307093	0.000077
9309045	0.000077
304099	0.000077
9910177	0.000077
9607233	0.000077
9612069	0.000077
9808007	0.000077
9411051	0.000077
111287	0.000077
9508099	0.000077
9907025	0.000077
9407193	0.000077
9406089	0.000077
9409169	0.000077
9809041	0.000076
9606097	0.000076
9310155	0.000076
11237	0.000076
9901039	0.000076
9707129	0.000076
304215	0.000076
9709031	0.000076
9507173	0.000076
9912089	0.000076
9207027	0.000076
101051	0.000076
9805075	0.000076
9907149	0.000076
9601141	0.000076
9908161	0.000075
9205059	0.000075
9910195	0.000075
9306037	0.000075
9208057	0.000075
9405017	0.000075
3141	0.000075
9195	0.000075
9308045	0.000075
9412051	0.000075
203143	0.000075
9310019	0.000075
104119	0.000075
9805185	0.000075
9410123	0.000075
9612247	0.000075
9903013	0.000075
9903175	0.000075
9310037	0.000075
9807169	0.000074
9412075	0.000074
9707055	0.000074
9509133	0.000074
9912009	0.000074
9609133	0.000074
9701017	0.000074
9604155	0.000074
9405095	0.000074
9304025	0.000074
301121	0.000073
105275	0.000073
9808043	0.000073
9401161	0.000073
9601139	0.000073
201139	0.000073
9506157	0.000073
9407033	0.000073
9802141	0.000073
9407081	0.000073
1195	0.000073
9511129	0.000073
204063	0.000073
9404113	0.000073
9911061	0.000073
9409137	0.000073
9406165	0.000073
9605111	0.000073
9503097	0.000072
9904055	0.000072
10055	0.000072
9705085	0.000072
9701105	0.000072
212105	0.000072
9510005	0.000072
9405183	0.000072
210301	0.000072
9307143	0.000072
9511191	0.000072
9409183	0.000072
9706129	0.000072
9609203	0.000072
1119	0.000072
9306001	0.000071
9812229	0.000071
4089	0.000071
202093	0.000071
303021	0.000071
11273	0.000071
9707159	0.000071
9208045	0.000071
206135	0.000071
9511109	0.000071
9401075	0.000071
9306097	0.000071
9810127	0.000071
9304005	0.000071
9603065	0.000071
106037	0.000071
9201033	0.000071
204077	0.000071
9603149	0.000071
9911079	0.000071
9303129	0.000071
210215	0.000070
9602141	0.000070
9910101	0.000070
9701103	0.000070
11263	0.000070
9309101	0.000070
9709207	0.000070
9310111	0.000070
112025	0.000070
9307195	0.000070
9605183	0.000070
9506019	0.000070
9803037	0.000070
202001	0.000070
9803221	0.000070
9911105	0.000069
202121	0.000069
9504101	0.000069
9803201	0.000069
9606149	0.000069
104191	0.000069
9406121	0.000069
9206095	0.000069
9401005	0.000069
9703121	0.000069
9304013	0.000069
9302119	0.000069
9603137	0.000068
111267	0.000068
9708163	0.000068
7135	0.000068
9710103	0.000068
9309151	0.000068
9504001	0.000068
201165	0.000068
9506087	0.000068
9609007	0.000068
9712097	0.000068
9503125	0.000068
301215	0.000068
3181	0.000068
9407115	0.000068
203053	0.000068
11043	0.000068
9801169	0.000068
9204045	0.000068
9406061	0.000067
9204095	0.000067
9812041	0.000067
9805187	0.000067
9905199	0.000067
9711111	0.000067
9906019	0.000067
9710197	0.000067
9403017	0.000067
9405047	0.000067
9610035	0.000067
103037	0.000067
9504117	0.000067
110295	0.000067
9205077	0.000067
9612219	0.000067
9511133	0.000067
9406003	0.000066
9704035	0.000066
9802027	0.000066
207169	0.000066
9410067	0.000066
9502055	0.000066
9904065	0.000066
10227	0.000066
9801179	0.000066
9708067	0.000066
9604025	0.000066
9909023	0.000065
8017	0.000065
9811221	0.000065
110027	0.000065
9807159	0.000065
9508005	0.000065
301129	0.000065
9909029	0.000065
9812247	0.000065
9701081	0.000065
9903251	0.000065
9809163	0.000065
9809209	0.000064
9901035	0.000064
9707193	0.000064
9901063	0.000064
9602007	0.000064
9909155	0.000064
9309085	0.000064
109085	0.000064
9511147	0.000064
105143	0.000064
109041	0.000064
211071	0.000064
303205	0.000064
301075	0.000063
111211	0.000063
9703035	0.000063
9308039	0.000063
9310007	0.000063
9402135	0.000063
9612209	0.000063
9508075	0.000063
9807001	0.000063
110231	0.000063
9202087	0.000063
9801171	0.000063
9407055	0.000063
9503203	0.000063
9405057	0.000063
9206067	0.000063
9411077	0.000063
9901031	0.000063
9205	0.000063
9705149	0.000063
9407187	0.000063
203065	0.000062
9311167	0.000062
110017	0.000062
9708087	0.000062
9707145	0.000062
9805079	0.000062
9810107	0.000062
9305007	0.000061
9712051	0.000061
9211135	0.000061
9605153	0.000061
11249	0.000061
9605005	0.000061
9409121	0.000061
3297	0.000061
9403139	0.000061
9709021	0.000061
9812151	0.000061
9204093	0.000061
9710071	0.000061
9307073	0.000061
9703161	0.000061
102107	0.000061
9501015	0.000061
9404059	0.000061
9204079	0.000061
9607017	0.000060
9307159	0.000060
304113	0.000060
9405175	0.000060
9410085	0.000060
9412109	0.000060
9705145	0.000060
101171	0.000060
9302057	0.000060
302033	0.000059
207181	0.000059
104047	0.000059
9312095	0.000059
204159	0.000059
9303001	0.000059
4135	0.000059
101217	0.000059
9304115	0.000059
9810117	0.000059
9207101	0.000058
9309013	0.000058
9412195	0.000058
9705009	0.000058
9907205	0.000058
9406071	0.000058
9510149	0.000058
9157	0.000058
9809053	0.000058
9412141	0.000058
9407147	0.000058
10219	0.000058
301143	0.000058
9305165	0.000057
9812181	0.000057
9511149	0.000057
206209	0.000057
9808151	0.000057
9401053	0.000057
304121	0.000057
9402033	0.000057
9707097	0.000057
9407195	0.000057
9804063	0.000057
9210117	0.000057
9802079	0.000057
9410241	0.000057
9507041	0.000057
9504093	0.000056
9805089	0.000056
9809183	0.000056
105305	0.000056
208087	0.000056
211279	0.000056
205143	0.000056
9402027	0.000056
9609193	0.000056
9401099	0.000056
9407015	0.000055
9501045	0.000055
201251	0.000055
201199	0.000055
9812015	0.000055
9912005	0.000055
9702009	0.000055
9306047	0.000055
9604165	0.000055
9203023	0.000055
9510111	0.000055
301181	0.000055
9711103	0.000055
9302077	0.000055
9608021	0.000055
9206053	0.000055
9608027	0.000054
9603177	0.000054
9405103	0.000054
9402045	0.000054
9905025	0.000054
103075	0.000054
9809037	0.000054
207279	0.000054
9601055	0.000054
9811233	0.000053
9512041	0.000053
9902017	0.000053
9306163	0.000053
9306029	0.000053
9510033	0.000053
3201	0.000053
9405007	0.000053
210159	0.000053
9507129	0.000052
9804133	0.000052
9611101	0.000052
9701051	0.000052
9510059	0.000052
9412027	0.000052
9909135	0.000052
9706179	0.000052
3165	0.000052
9403019	0.000052
9211007	0.000052
10155	0.000051
9301055	0.000051
111265	0.000051
9209107	0.000051
202051	0.000051
105109	0.000051
9203019	0.000051
9509015	0.000051
9409077	0.000051
9909011	0.000051
9908055	0.000051
9604131	0.000051
9211035	0.000051
9806247	0.000051
9310181	0.000051
9205099	0.000051
9406177	0.000051
9408097	0.000051
9604181	0.000050
5233	0.000050
112091	0.000050
9205061	0.000050
9704149	0.000050
9504131	0.000050
9703207	0.000050
105315	0.000050
9610055	0.000050
9603057	0.000050
111101	0.000050
9610099	0.000050
204105	0.000050
102167	0.000050
9806219	0.000050
9502011	0.000050
103029	0.000050
209129	0.000050
302117	0.000050
9709105	0.000050
104245	0.000050
9510165	0.000050
9403115	0.000049
9904171	0.000049
9404193	0.000049
202145	0.000049
205013	0.000049
9210069	0.000049
9612005	0.000049
210169	0.000049
211223	0.000049
9306119	0.000049
110153	0.000049
11123	0.000049
9509099	0.000049
210177	0.000049
3043	0.000049
9503155	0.000049
9206063	0.000049
9703043	0.000049
9512115	0.000048
104249	0.000048
7073	0.000048
7013	0.000048
205175	0.000048
9307169	0.000048
9407133	0.000048
9810111	0.000048
9807215	0.000048
211265	0.000048
9212145	0.000048
9604157	0.000048
9607123	0.000048
104115	0.000048
9503141	0.000048
9304001	0.000047
9607013	0.000047
12043	0.000047
9202005	0.000047
211053	0.000047
9412241	0.000047
205173	0.000047
105021	0.000047
9809205	0.000047
208005	0.000047
9712219	0.000047
9805111	0.000047
9509033	0.000047
107001	0.000047
9512065	0.000047
9610063	0.000047
9803199	0.000047
9212113	0.000047
9401095	0.000046
9501061	0.000046
208143	0.000046
9099	0.000046
11103	0.000046
9704141	0.000046
209063	0.000046
9310071	0.000046
9404011	0.000046
211157	0.000046
9910133	0.000046
304245	0.000046
102067	0.000046
9502083	0.000046
301241	0.000046
9901099	0.000046
9211095	0.000046
9306151	0.000046
204241	0.000046
9203057	0.000046
9410101	0.000045
10289	0.000045
9508179	0.000045
109101	0.000045
302055	0.000045
209015	0.000045
9602063	0.000045
108059	0.000045
206047	0.000045
204087	0.000045
9407061	0.000045
9707037	0.000045
103227	0.000045
9605045	0.000045
9912217	0.000045
207237	0.000045
9803099	0.000045
304117	0.000045
9509007	0.000045
9209005	0.000045
205091	0.000044
9207055	0.000044
9406145	0.000044
205111	0.000044
9406027	0.000044
211165	0.000044
9903047	0.000044
109073	0.000044
9303013	0.000044
109215	0.000044
9211083	0.000044
9901141	0.000044
9605129	0.000044
9605031	0.000044
9909019	0.000044
3195	0.000044
109043	0.000044
111033	0.000044
9604001	0.000044
9809051	0.000044
201013	0.000044
9610009	0.000043
9606015	0.000043
9610019	0.000043
9109	0.000043
9405151	0.000043
9509023	0.000043
4143	0.000043
212305	0.000043
9203069	0.000043
9604115	0.000043
9804203	0.000043
104231	0.000043
9603013	0.000043
9607005	0.000043
11083	0.000043
9412073	0.000043
9310093	0.000043
9801143	0.000043
9611115	0.000043
9409199	0.000043
9301089	0.000043
110139	0.000042
9403147	0.000042
9701099	0.000042
9710067	0.000042
9602083	0.000042
9608071	0.000042
9401071	0.000042
9612109	0.000042
9410197	0.000042
9311069	0.000042
9701073	0.000042
9409189	0.000042
9407011	0.000042
9307069	0.000042
9309063	0.000042
9703015	0.000042
204245	0.000042
9306089	0.000042
110001	0.000042
104129	0.000042
303137	0.000042
9603001	0.000042
207251	0.000042
212341	0.000042
9609231	0.000041
9408025	0.000041
9506115	0.000041
105161	0.000041
9901127	0.000041
9707053	0.000041
9806241	0.000041
9707033	0.000041
201125	0.000041
9912269	0.000041
108185	0.000041
207041	0.000041
304063	0.000041
9206083	0.000041
9310073	0.000041
9808003	0.000040
9506159	0.000040
9807153	0.000040
9906071	0.000040
9411217	0.000040
102187	0.000040
208007	0.000040
110211	0.000040
9608035	0.000040
9202053	0.000040
9503021	0.000040
9610225	0.000040
1091	0.000040
9607101	0.000040
204175	0.000040
2219	0.000040
9309115	0.000040
9512011	0.000040
102189	0.000040
9505121	0.000040
9406197	0.000040
9611219	0.000039
9404077	0.000039
109071	0.000039
9411091	0.000039
104055	0.000039
211239	0.000039
101111	0.000039
9506085	0.000039
9207017	0.000039
205223	0.000039
9312115	0.000039
9403081	0.000039
9601131	0.000039
9908073	0.000039
9511207	0.000039
9703165	0.000039
9303015	0.000039
9804153	0.000039
9908119	0.000039
9411133	0.000039
104261	0.000039
201147	0.000039
210251	0.000039
9908123	0.000038
9906143	0.000038
9308107	0.000038
9705001	0.000038
9607085	0.000038
9406117	0.000038
210043	0.000038
9412145	0.000038
9706133	0.000038
9405067	0.000038
3087	0.000038
9905135	0.000038
112201	0.000038
9511087	0.000038
209213	0.000038
3021	0.000038
9401163	0.000038
9812245	0.000038
9412139	0.000038
9249	0.000038
9711171	0.000038
5277	0.000038
111273	0.000038
9210013	0.000038
9505095	0.000038
9705243	0.000038
9805127	0.000038
9303011	0.000038
9811015	0.000038
9212057	0.000037
9303049	0.000037
9605207	0.000037
9611083	0.000037
9212129	0.000037
9901061	0.000037
9801151	0.000037
208215	0.000037
110033	0.000037
9912203	0.000037
203087	0.000037
9606079	0.000037
6005	0.000037
2201	0.000037
110091	0.000037
9812231	0.000037
9307115	0.000037
9912179	0.000037
103175	0.000037
9604073	0.000037
203275	0.000037
9701013	0.000037
9307157	0.000037
9803017	0.000037
106111	0.000037
7047	0.000037
9606145	0.000037
4091	0.000037
9810019	0.000037
9306033	0.000037
9412055	0.000036
9410045	0.000036
9509157	0.000036
9407163	0.000036
9404159	0.000036
206083	0.000036
111095	0.000036
9911089	0.000036
9510025	0.000036
9306139	0.000036
103019	0.000036
9607243	0.000036
9903017	0.000036
9801133	0.000036
107095	0.000036
8219	0.000036
9702081	0.000036
9508081	0.000036
106199	0.000036
9610235	0.000035
9611019	0.000035
104025	0.000035
9807099	0.000035
9407113	0.000035
9509087	0.000035
9603205	0.000035
9309055	0.000035
9507053	0.000035
9910033	0.000035
204039	0.000035
5237	0.000035
9312005	0.000035
9908037	0.000034
9511123	0.000034
9411179	0.000034
9511163	0.000034
9507089	0.000034
9803247	0.000034
212027	0.000034
9312187	0.000034
9804161	0.000034
9301079	0.000034
4145	0.000034
6105	0.000034
12085	0.000034
9405121	0.000034
9506149	0.000034
9412071	0.000034
9502161	0.000034
9604047	0.000034
9206021	0.000034
105197	0.000033
9803025	0.000033
9506079	0.000033
1137	0.000033
9701041	0.000033
9608003	0.000033
9207015	0.000033
3193	0.000033
9306101	0.000033
110223	0.000033
9406127	0.000033
9403077	0.000033
6027	0.000033
9304141	0.000033
9505159	0.000033
9812065	0.000033
9210037	0.000032
9803057	0.000032
9301119	0.000032
4191	0.000032
108157	0.000032
304103	0.000032
9309127	0.000032
102053	0.000032
6237	0.000032
1081	0.000032
9210101	0.000032
9504037	0.000032
102153	0.000032
9704215	0.000032
9611117	0.000032
6197	0.000032
9121	0.000032
6081	0.000031
9206071	0.000031
9503217	0.000031
9510197	0.000031
9503191	0.000031
9902103	0.000031
9211081	0.000031
203127	0.000031
9812213	0.000031
9603115	0.000031
10039	0.000031
9611087	0.000031
9810253	0.000031
9602107	0.000031
9809199	0.000031
9501049	0.000031
9508137	0.000031
9307175	0.000031
211177	0.000031
9310177	0.000031
9904209	0.000031
9810161	0.000031
9311085	0.000031
9304009	0.000031
3247	0.000031
9405019	0.000031
9602017	0.000031
9210079	0.000031
203123	0.000031
9608057	0.000030
9604197	0.000030
9601093	0.000030
9808045	0.000030
9602117	0.000030
211143	0.000030
9701161	0.000030
5063	0.000030
9512039	0.000030
206119	0.000030
9703143	0.000030
9611023	0.000030
9304125	0.000030
9802117	0.000030
205065	0.000030
107015	0.000030
110079	0.000030
9712183	0.000030
5079	0.000030
9410147	0.000030
9712157	0.000030
9503047	0.000029
9605127	0.000029
9905147	0.000029
9810095	0.000029
209061	0.000029
9308011	0.000029
9412125	0.000029
9502109	0.000029
9303123	0.000029
9209043	0.000029
9305023	0.000029
9708159	0.000029
9311157	0.000029
9311027	0.000029
9202013	0.000029
9612003	0.000029
12245	0.000029
9511119	0.000029
9711057	0.000029
9604109	0.000029
111261	0.000029
211045	0.000029
301039	0.000029
102175	0.000028
9407129	0.000028
9312105	0.000028
9208003	0.000028
9601105	0.000028
9703021	0.000028
9606065	0.000028
9904203	0.000028
9408063	0.000028
9609221	0.000028
9707235	0.000028
10291	0.000028
9603095	0.000028
6143	0.000028
9503063	0.000028
9706213	0.000028
9209081	0.000028
9604067	0.000028
2015	0.000028
9803045	0.000028
304249	0.000028
9206111	0.000028
9410095	0.000028
9509061	0.000027
9306063	0.000027
9609037	0.000027
9307137	0.000027
9505069	0.000027
5043	0.000027
9307065	0.000027
9911075	0.000027
206181	0.000027
9202075	0.000027
9204019	0.000027
9612125	0.000027
9701003	0.000027
111035	0.000027
9706065	0.000027
104267	0.000027
111023	0.000027
202185	0.000027
101183	0.000027
9511229	0.000027
105119	0.000027
9805059	0.000027
304095	0.000027
9402095	0.000027
9503019	0.000027
9604121	0.000027
9401157	0.000027
9412229	0.000027
102013	0.000027
105027	0.000027
9502031	0.000027
9807089	0.000027
8071	0.000027
9911141	0.000027
9410127	0.000027
9810057	0.000027
301211	0.000027
9508061	0.000027
9302129	0.000027
9206081	0.000027
106007	0.000027
9206085	0.000027
9212147	0.000027
9311011	0.000027
212309	0.000027
302089	0.000027
9507149	0.000027
9709117	0.000027
9804169	0.000026
9311079	0.000026
9502021	0.000026
5077	0.000026
204251	0.000026
107187	0.000026
111259	0.000026
5027	0.000026
9505009	0.000026
9511165	0.000026
9403069	0.000026
10229	0.000026
9504133	0.000026
9911077	0.000026
9707069	0.000026
9806035	0.000026
9511033	0.000026
9307053	0.000026
9401145	0.000026
9911051	0.000026
9308155	0.000026
9803161	0.000026
9908111	0.000026
9401009	0.000026
9901037	0.000026
9506193	0.000026
106215	0.000026
9901163	0.000026
9911189	0.000026
9308043	0.000026
9605175	0.000026
9604169	0.000026
9501011	0.000025
302123	0.000025
9710203	0.000025
303099	0.000025
9801177	0.000025
9911143	0.000025
9410035	0.000025
106053	0.000025
9706019	0.000025
9311083	0.000025
204011	0.000025
105313	0.000025
12173	0.000025
9405093	0.000025
9601137	0.000025
9501063	0.000025
109033	0.000025
9811109	0.000025
9508167	0.000025
212321	0.000025
12123	0.000025
9603055	0.000025
109139	0.000025
208091	0.000025
109189	0.000025
9710109	0.000025
9306039	0.000025
9604191	0.000025
10287	0.000025
301063	0.000025
9903193	0.000025
9808179	0.000025
9506111	0.000025
109009	0.000025
107053	0.000025
9210033	0.000025
9605063	0.000025
101015	0.000024
9406159	0.000024
106257	0.000024
210237	0.000024
9305003	0.000024
9302065	0.000024
9707229	0.000024
9909189	0.000024
9512211	0.000024
9901081	0.000024
9907071	0.000024
9502015	0.000024
9809017	0.000024
210299	0.000024
202041	0.000024
9204017	0.000024
9306005	0.000024
9908185	0.000024
9503077	0.000024
9912247	0.000024
205215	0.000024
105043	0.000024
9703203	0.000024
9706191	0.000024
9703125	0.000024
1163	0.000024
9903191	0.000024
9503113	0.000024
9511083	0.000024
9609105	0.000024
9307107	0.000024
9412123	0.000023
9604167	0.000023
9805043	0.000023
304067	0.000023
9507077	0.000023
9808053	0.000023
112097	0.000023
9912057	0.000023
111223	0.000023
209199	0.000023
9607099	0.000023
9501043	0.000023
9605171	0.000023
9411107	0.000023
9212061	0.000023
9403073	0.000023
209091	0.000023
9712173	0.000023
9013	0.000023
105065	0.000023
9805147	0.000023
9611013	0.000023
9404041	0.000023
302091	0.000023
9908151	0.000023
9410115	0.000023
301191	0.000023
304027	0.000023
9711149	0.000023
9511117	0.000023
209109	0.000023
5023	0.000023
9709143	0.000023
9803169	0.000023
9311133	0.000023
9706077	0.000022
9702141	0.000022
9510113	0.000022
9607097	0.000022
103173	0.000022
9505057	0.000022
210111	0.000022
9703019	0.000022
9405129	0.000022
9512119	0.000022
9912201	0.000022
9701097	0.000022
9809005	0.000022
9401109	0.000022
9310029	0.000022
9502043	0.000022
6167	0.000022
101231	0.000022
9907187	0.000022
10051	0.000022
9202065	0.000022
9612019	0.000022
207113	0.000022
9805135	0.000022
9405039	0.000022
9606151	0.000022
9510239	0.000022
9810105	0.000022
9702145	0.000022
104027	0.000022
9704159	0.000022
9208081	0.000022
9810059	0.000022
9709055	0.000022
210293	0.000021
9804013	0.000021
210109	0.000021
108211	0.000021
105141	0.000021
207137	0.000021
9908059	0.000021
9912003	0.000021
9404171	0.000021
201071	0.000021
9805009	0.000021
9901125	0.000021
9609205	0.000021
9803149	0.000021
9403027	0.000021
9403097	0.000021
210207	0.000021
112095	0.000021
9203067	0.000021
12099	0.000021
302209	0.000021
10057	0.000021
9711085	0.000021
9605231	0.000021
104199	0.000021
9902127	0.000021
9806223	0.000021
9805215	0.000021
9605007	0.000021
9709077	0.000021
9306027	0.000021
11007	0.000021
9412095	0.000021
9211013	0.000021
9410065	0.000021
9402001	0.000021
9905027	0.000021
106223	0.000021
101025	0.000020
9408079	0.000020
9606069	0.000020
9201009	0.000020
302097	0.000020
9607009	0.000020
9201	0.000020
9310169	0.000020
9908051	0.000020
9308019	0.000020
9406049	0.000020
9408061	0.000020
111141	0.000020
9702095	0.000020
210171	0.000020
109161	0.000020
112175	0.000020
9803011	0.000020
9411061	0.000020
9509119	0.000020
9204065	0.000020
9709009	0.000020
1017	0.000020
304101	0.000020
9601153	0.000020
9412187	0.000020
9407103	0.000020
9401135	0.000020
9505143	0.000020
9601083	0.000020
9701005	0.000020
9309065	0.000020
9410027	0.000020
9812251	0.000020
9602053	0.000020
9405001	0.000020
9510159	0.000020
9505125	0.000020
210225	0.000019
108151	0.000019
9307027	0.000019
9301099	0.000019
111019	0.000019
201009	0.000019
9411009	0.000019
9911235	0.000019
9506073	0.000019
9504109	0.000019
9608187	0.000019
9503071	0.000019
9509163	0.000019
9503193	0.000019
2221	0.000019
110011	0.000019
205127	0.000019
105157	0.000019
9407131	0.000019
9509005	0.000019
9701091	0.000019
9712175	0.000019
9307181	0.000019
211167	0.000019
9412227	0.000019
9506103	0.000019
9501121	0.000019
10107	0.000019
9901145	0.000019
109083	0.000019
202207	0.000019
3135	0.000019
206145	0.000019
302065	0.000019
9305045	0.000019
9505083	0.000019
9207067	0.000019
9209073	0.000019
9409031	0.000019
304203	0.000019
9611071	0.000019
9511143	0.000018
10123	0.000018
9302101	0.000018
9602113	0.000018
9310191	0.000018
9406213	0.000018
9509065	0.000018
9712087	0.000018
203005	0.000018
9310043	0.000018
9207001	0.000018
9412213	0.000018
9408091	0.000018
108047	0.000018
9902011	0.000018
9707183	0.000018
9903141	0.000018
9305123	0.000018
9210165	0.000018
9212139	0.000018
9302011	0.000018
9402109	0.000018
5229	0.000018
204015	0.000018
9406085	0.000018
9505113	0.000018
9906209	0.000018
101053	0.000018
9307163	0.000018
9504121	0.000018
9307023	0.000018
9603175	0.000018
9405153	0.000018
9912071	0.000018
9301021	0.000018
6169	0.000018
9408033	0.000018
9602029	0.000018
9811225	0.000018
9302061	0.000018
9510231	0.000018
7105	0.000018
8045	0.000018
9911179	0.000018
9410015	0.000018
4055	0.000018
9705021	0.000017
9908179	0.000017
8093	0.000017
7121	0.000017
9709213	0.000017
9306109	0.000017
9049	0.000017
9812023	0.000017
205081	0.000017
6161	0.000017
9508077	0.000017
9406203	0.000017
9511049	0.000017
111173	0.000017
9511205	0.000017
9508031	0.000017
207075	0.000017
9407071	0.000017
9612235	0.000017
9701065	0.000017
9607167	0.000017
9508175	0.000017
9312101	0.000017
304057	0.000017
111253	0.000017
9805179	0.000017
109219	0.000017
210077	0.000017
9402155	0.000017
9911111	0.000017
9207039	0.000017
9906181	0.000017
211007	0.000017
9810143	0.000017
9605029	0.000017
9303051	0.000017
302157	0.000017
105321	0.000017
9904215	0.000017
106173	0.000017
9709165	0.000017
9706053	0.000017
9509159	0.000017
9309083	0.000017
9610177	0.000017
9902019	0.000017
7081	0.000017
9805049	0.000017
10031	0.000017
12227	0.000017
9811205	0.000017
9605035	0.000017
9605097	0.000016
9905083	0.000016
9509025	0.000016
9204101	0.000016
9710175	0.000016
3255	0.000016
9409029	0.000016
9312179	0.000016
9809143	0.000016
9407097	0.000016
9712169	0.000016
9212017	0.000016
8171	0.000016
9401093	0.000016
9707257	0.000016
106123	0.000016
212049	0.000016
102195	0.000016
9511217	0.000016
9611113	0.000016
203103	0.000016
9508135	0.000016
9311141	0.000016
9610039	0.000016
9807023	0.000016
9404019	0.000016
108105	0.000016
9401039	0.000016
9403025	0.000016
9602133	0.000016
9612245	0.000016
9307185	0.000016
9411037	0.000016
9403117	0.000016
9609033	0.000016
9603101	0.000016
9703213	0.000016
12021	0.000016
9412185	0.000016
9302051	0.000016
9210147	0.000016
9707083	0.000016
9909221	0.000016
8195	0.000016
9211053	0.000016
9310167	0.000016
9811171	0.000016
9808135	0.000016
9802013	0.000016
9612163	0.000016
9609091	0.000016
9906219	0.000016
9806097	0.000016
9809101	0.000016
9601163	0.000016
9409013	0.000016
9407197	0.000015
9807053	0.000015
9706055	0.000015
9707045	0.000015
9302075	0.000015
105081	0.000015
9412221	0.000015
210267	0.000015
9501141	0.000015
9806013	0.000015
7077	0.000015
9904183	0.000015
3267	0.000015
109003	0.000015
101101	0.000015
4033	0.000015
7179	0.000015
9411013	0.000015
9306141	0.000015
9709147	0.000015
9610083	0.000015
9412143	0.000015
12031	0.000015
9810115	0.000015
9501105	0.000015
9609139	0.000015
9411007	0.000015
207217	0.000015
9902039	0.000015
9411101	0.000015
9504043	0.000015
210141	0.000015
106009	0.000015
106133	0.000015
9210163	0.000015
9611033	0.000015
112255	0.000015
9503133	0.000015
9408071	0.000015
201157	0.000015
9301017	0.000015
104189	0.000015
9904029	0.000015
12087	0.000015
9603045	0.000015
204171	0.000015
9702089	0.000015
9910131	0.000015
111123	0.000015
9601129	0.000014
3073	0.000014
108051	0.000014
203209	0.000014
9803243	0.000014
9311109	0.000014
9806063	0.000014
9812217	0.000014
9707239	0.000014
9807227	0.000014
108107	0.000014
111157	0.000014
9706149	0.000014
9705103	0.000014
9510141	0.000014
6079	0.000014
302003	0.000014
9902027	0.000014
9803043	0.000014
105215	0.000014
9211085	0.000014
9907043	0.000014
9610007	0.000014
211119	0.000014
110185	0.000014
9211003	0.000014
102163	0.000014
9509055	0.000014
3217	0.000014
9601173	0.000014
9901023	0.000014
9712099	0.000014
9609185	0.000014
6039	0.000014
9212153	0.000014
302093	0.000014
9507163	0.000014
9410199	0.000014
211145	0.000014
9302107	0.000014
9512037	0.000014
9602163	0.000014
5041	0.000014
9604201	0.000014
9605213	0.000014
9410157	0.000014
9808105	0.000014
9912195	0.000014
11011	0.000014
9511069	0.000014
9703017	0.000014
9707109	0.000014
9511031	0.000014
9711129	0.000014
102191	0.000014
9307087	0.000014
9307031	0.000014
9607065	0.000014
302007	0.000014
9711045	0.000014
9305039	0.000014
6065	0.000014
9811103	0.000014
9311115	0.000014
9711023	0.000014
9511073	0.000014
9307063	0.000014
9609153	0.000014
107207	0.000014
9402047	0.000014
9610093	0.000014
9709189	0.000014
9403135	0.000014
9310031	0.000014
203139	0.000014
9611221	0.000014
9907035	0.000014
9511103	0.000014
9707091	0.000014
9303105	0.000014
9812233	0.000014
9406111	0.000014
9801117	0.000014
9803059	0.000014
9212003	0.000014
9311127	0.000014
108037	0.000014
9407027	0.000014
203105	0.000013
9704065	0.000013
111175	0.000013
9808027	0.000013
9502087	0.000013
9501067	0.000013
9603201	0.000013
205133	0.000013
9808127	0.000013
9804025	0.000013
9401115	0.000013
9512079	0.000013
9502041	0.000013
107073	0.000013
4119	0.000013
9401117	0.000013
9507079	0.000013
111047	0.000013
9303109	0.000013
9607225	0.000013
9401007	0.000013
3009	0.000013
9609035	0.000013
9810199	0.000013
9223	0.000013
112149	0.000013
9806027	0.000013
9510201	0.000013
9809077	0.000013
9806053	0.000013
9211063	0.000013
9211109	0.000013
9602079	0.000013
9806057	0.000013
9503129	0.000013
9709079	0.000013
9606141	0.000013
9203077	0.000013
9608049	0.000013
112129	0.000013
9310173	0.000013
9911107	0.000013
9708077	0.000013
211267	0.000013
9810125	0.000013
9209033	0.000013
212237	0.000013
9506025	0.000013
9911187	0.000013
9912285	0.000013
9803129	0.000013
9812029	0.000013
8049	0.000013
9910085	0.000013
9703151	0.000012
9205107	0.000012
9602177	0.000012
9901029	0.000012
6111	0.000012
9308007	0.000012
9905193	0.000012
9701049	0.000012
9211113	0.000012
9410053	0.000012
9504029	0.000012
9512001	0.000012
9904173	0.000012
9406153	0.000012
102079	0.000012
9509053	0.000012
9211129	0.000012
9907103	0.000012
9305021	0.000012
12177	0.000012
9803035	0.000012
9412155	0.000012
9210053	0.000012
103195	0.000012
9603007	0.000012
9407063	0.000012
9912093	0.000012
9807189	0.000012
9811229	0.000012
9508017	0.000012
9506093	0.000012
9212005	0.000012
9508103	0.000012
9506023	0.000012
9704055	0.000012
9507023	0.000012
9401113	0.000012
103221	0.000012
9909223	0.000012
9508007	0.000012
9306111	0.000012
9409167	0.000012
9610113	0.000012
9406139	0.000012
9707173	0.000012
9803073	0.000012
9504021	0.000012
208117	0.000012
9410155	0.000012
9709045	0.000012
9707151	0.000012
9906037	0.000012
103049	0.000012
9801105	0.000012
7187	0.000012
9912267	0.000012
210113	0.000012
201097	0.000012
9706113	0.000012
9502131	0.000012
207187	0.000012
4181	0.000012
9411129	0.000012
9906121	0.000012
9609155	0.000012
9701043	0.000012
9612049	0.000012
2013	0.000012
9210133	0.000012
9312049	0.000011
9307025	0.000011
9304163	0.000011
9911145	0.000011
9907127	0.000011
9245	0.000011
5269	0.000011
9505043	0.000011
9306091	0.000011
6131	0.000011
9601123	0.000011
9509003	0.000011
106219	0.000011
9310117	0.000011
9711139	0.000011
9803237	0.000011
9206019	0.000011
9711047	0.000011
9308021	0.000011
9609077	0.000011
9903249	0.000011
210179	0.000011
9605133	0.000011
1117	0.000011
9710171	0.000011
10235	0.000011
8021	0.000011
10285	0.000011
9303167	0.000011
207239	0.000011
202169	0.000011
9702051	0.000011
202199	0.000011
9309147	0.000011
201001	0.000011
9810221	0.000011
108019	0.000011
9901047	0.000011
212189	0.000011
9212011	0.000011
9411029	0.000011
9910165	0.000011
210085	0.000011
9412053	0.000011
9605067	0.000011
9402091	0.000011
104193	0.000011
9905187	0.000011
9512213	0.000011
107045	0.000011
9403157	0.000011
3001	0.000011
9405051	0.000011
103105	0.000011
9812211	0.000011
109023	0.000011
202095	0.000011
204035	0.000011
9511223	0.000011
205113	0.000011
9508015	0.000011
9711159	0.000011
9311045	0.000011
9507105	0.000011
202117	0.000011
9308057	0.000011
9410201	0.000011
9312151	0.000011
302213	0.000011
9805119	0.000011
9609169	0.000011
9610017	0.000011
9702025	0.000011
9507093	0.000011
2231	0.000010
9806047	0.000010
9902199	0.000010
9505093	0.000010
10013	0.000010
12215	0.000010
11157	0.000010
102143	0.000010
112089	0.000010
9709035	0.000010
9811071	0.000010
203207	0.000010
9907125	0.000010
201231	0.000010
9806007	0.000010
9607237	0.000010
9910139	0.000010
9302041	0.000010
9908195	0.000010
206055	0.000010
9305037	0.000010
9305005	0.000010
9703065	0.000010
9405015	0.000010
9802075	0.000010
5245	0.000010
9205065	0.000010
9209075	0.000010
9511211	0.000010
9506031	0.000010
5133	0.000010
9307003	0.000010
9209007	0.000010
10033	0.000010
9710069	0.000010
9912069	0.000010
9605193	0.000010
9307043	0.000010
9312201	0.000010
9807191	0.000010
9610187	0.000010
9904059	0.000010
9504105	0.000010
9411193	0.000010
9403009	0.000010
10035	0.000010
9909033	0.000010
9310123	0.000010
9606007	0.000010
9411121	0.000010
9408073	0.000010
9501029	0.000010
9308145	0.000010
9607015	0.000010
9507147	0.000010
302215	0.000010
9810085	0.000010
303163	0.000010
9308125	0.000010
9403013	0.000010
9206089	0.000010
9031	0.000010
9802015	0.000010
9608067	0.000010
9602129	0.000010
9407093	0.000010
10009	0.000010
9506041	0.000010
9711133	0.000010
103127	0.000010
9307033	0.000010
9805197	0.000010
9211107	0.000010
9702017	0.000010
9207019	0.000010
9609125	0.000010
303145	0.000010
9605061	0.000010
9311005	0.000010
9906115	0.000010
9402099	0.000010
9705043	0.000010
9801099	0.000010
9607047	0.000010
9610023	0.000010
112023	0.000010
9601111	0.000010
9302027	0.000009
9503181	0.000009
9308127	0.000009
9810113	0.000009
9506053	0.000009
9209013	0.000009
5155	0.000009
9308095	0.000009
9611077	0.000009
9409185	0.000009
9605185	0.000009
9406171	0.000009
9509137	0.000009
9408101	0.000009
9409043	0.000009
206251	0.000009
9304039	0.000009
9807233	0.000009
9410233	0.000009
9912245	0.000009
9307183	0.000009
9705129	0.000009
9502017	0.000009
301093	0.000009
206027	0.000009
9506061	0.000009
9206029	0.000009
9605143	0.000009
9409049	0.000009
9603027	0.000009
9906139	0.000009
9309005	0.000009
9512215	0.000009
9506183	0.000009
9203047	0.000009
208021	0.000009
9903101	0.000009
9511011	0.000009
9508139	0.000009
104075	0.000009
204173	0.000009
9402067	0.000009
110157	0.000009
9605121	0.000009
9803007	0.000009
9811151	0.000009
9409081	0.000009
112121	0.000009
207147	0.000009
112163	0.000009
9411127	0.000009
9605013	0.000009
9312203	0.000009
9401165	0.000009
9506155	0.000009
9809175	0.000009
9310125	0.000009
9512083	0.000009
9312215	0.000009
9703045	0.000009
9811053	0.000009
201237	0.000009
207277	0.000009
9207073	0.000009
9501143	0.000009
9611045	0.000009
9403079	0.000009
9309121	0.000009
9902207	0.000009
9312205	0.000009
9803213	0.000009
304011	0.000009
9710039	0.000009
9606003	0.000009
9709115	0.000009
7033	0.000009
9204089	0.000009
203263	0.000009
9229	0.000009
112181	0.000009
207121	0.000009
9504087	0.000009
210245	0.000009
9801115	0.000009
9908173	0.000009
9206075	0.000009
9302091	0.000009
9407179	0.000009
9406047	0.000009
9503053	0.000009
9312161	0.000009
105297	0.000009
9302113	0.000009
9507015	0.000009
9206039	0.000009
206199	0.000009
9606029	0.000009
208193	0.000009
304223	0.000009
9808153	0.000009
9409041	0.000009
9605103	0.000009
9502045	0.000009
9610087	0.000009
9905047	0.000009
9307035	0.000009
9304071	0.000009
206139	0.000009
9406109	0.000009
2065	0.000009
9806163	0.000009
9309137	0.000009
9902053	0.000009
9912207	0.000009
9809203	0.000009
9704213	0.000009
9405161	0.000009
9405087	0.000009
9812185	0.000009
110135	0.000009
9307011	0.000009
9508113	0.000009
9803005	0.000008
9310075	0.000008
212053	0.000008
9604093	0.000008
106137	0.000008
2083	0.000008
9403163	0.000008
6243	0.000008
9807167	0.000008
9504023	0.000008
9206069	0.000008
9309157	0.000008
9312139	0.000008
301185	0.000008
9304149	0.000008
9209041	0.000008
9705141	0.000008
9506215	0.000008
207033	0.000008
205137	0.000008
103113	0.000008
9212019	0.000008
9501137	0.000008
9510145	0.000008
9206045	0.000008
207099	0.000008
9311121	0.000008
102049	0.000008
9803253	0.000008
4081	0.000008
9409057	0.000008
9812001	0.000008
303029	0.000008
9406157	0.000008
104257	0.000008
5141	0.000008
9511015	0.000008
211001	0.000008
9603011	0.000008
9407153	0.000008
9805117	0.000008
9601039	0.000008
9909133	0.000008
9243	0.000008
206111	0.000008
9206017	0.000008
9206061	0.000008
107221	0.000008
9303149	0.000008
9508009	0.000008
106025	0.000008
9412133	0.000008
9312043	0.000008
9407085	0.000008
9910191	0.000008
9404075	0.000008
12185	0.000008
9707191	0.000008
9412043	0.000008
9311089	0.000008
302189	0.000008
9911225	0.000008
9407107	0.000008
9912111	0.000008
9410141	0.000008
9811255	0.000008
9308041	0.000008
9312147	0.000008
9809211	0.000008
9803165	0.000008
9408035	0.000008
105281	0.000008
9401137	0.000008
9512073	0.000008
9201071	0.000008
106227	0.000008
9212007	0.000008
9708071	0.000008
9807041	0.000008
9605209	0.000008
9707253	0.000008
9312097	0.000008
11291	0.000008
1171	0.000008
9806127	0.000008
103055	0.000008
9212065	0.000008
2063	0.000007
9806205	0.000007
9812157	0.000007
9403031	0.000007
12069	0.000007
3159	0.000007
111185	0.000007
112239	0.000007
9601079	0.000007
9509069	0.000007
9509057	0.000007
9309011	0.000007
9407069	0.000007
9310143	0.000007
9409187	0.000007
9212095	0.000007
9705073	0.000007
9802101	0.000007
102037	0.000007
9402013	0.000007
9306045	0.000007
9907171	0.000007
9504015	0.000007
304075	0.000007
210147	0.000007
206099	0.000007
304243	0.000007
108097	0.000007
9608089	0.000007
106135	0.000007
106273	0.000007
9501059	0.000007
5231	0.000007
9601081	0.000007
9510171	0.000007
9610185	0.000007
9601155	0.000007
9406195	0.000007
9408127	0.000007
9507157	0.000007
9708051	0.000007
9910121	0.000007
9911231	0.000007
9406021	0.000007
9309015	0.000007
9606011	0.000007
9506095	0.000007
9701027	0.000007
9402061	0.000007
9605219	0.000007
211175	0.000007
9405159	0.000007
9306075	0.000007
110249	0.000007
9608179	0.000007
3253	0.000007
9802003	0.000007
9409193	0.000007
9612081	0.000007
206211	0.000007
10043	0.000007
9206003	0.000007
12207	0.000007
9912199	0.000007
9609197	0.000007
9606101	0.000007
9211033	0.000007
9304033	0.000007
9310121	0.000007
9702011	0.000007
9403171	0.000007
9807017	0.000007
9302115	0.000007
9911131	0.000007
9403159	0.000007
9701059	0.000007
102127	0.000007
9801129	0.000007
9605089	0.000007
9612061	0.000007
9810029	0.000007
107107	0.000007
9904067	0.000007
9405059	0.000007
9803153	0.000007
9411119	0.000007
9910007	0.000007
9304093	0.000007
4189	0.000007
9603143	0.000007
9405055	0.000007
9904189	0.000007
9212021	0.000007
9301063	0.000007
9306117	0.000007
9601033	0.000007
9312039	0.000007
9406155	0.000007
9606075	0.000007
9209059	0.000007
9411035	0.000007
9409139	0.000007
9510185	0.000007
9610231	0.000007
9307029	0.000007
9904043	0.000007
9307071	0.000007
9908103	0.000007
108141	0.000007
9404029	0.000007
9411087	0.000007
9505157	0.000007
5083	0.000007
9510069	0.000007
105025	0.000007
9409059	0.000007
9410097	0.000007
9303033	0.000007
9805039	0.000007
9312121	0.000007
9612099	0.000007
9204041	0.000006
9406129	0.000006
9401019	0.000006
12115	0.000006
108063	0.000006
9402015	0.000006
9902117	0.000006
9508147	0.000006
9812059	0.000006
9801101	0.000006
104079	0.000006
9204063	0.000006
9811115	0.000006
9808089	0.000006
9405131	0.000006
9312079	0.000006
209005	0.000006
9405073	0.000006
9407145	0.000006
9410039	0.000006
5191	0.000006
9308025	0.000006
211235	0.000006
9912283	0.000006
9806003	0.000006
9702139	0.000006
9301115	0.000006
5175	0.000006
9908081	0.000006
9703153	0.000006
9312085	0.000006
9310013	0.000006
9411069	0.000006
9411221	0.000006
9303173	0.000006
9412199	0.000006
301153	0.000006
9903135	0.000006
9601025	0.000006
9606059	0.000006
9312087	0.000006
9707039	0.000006
9405049	0.000006
9411203	0.000006
9408109	0.000006
9908043	0.000006
207275	0.000006
9604009	0.000006
212073	0.000006
9407117	0.000006
9807163	0.000006
9505117	0.000006
9306103	0.000006
6121	0.000006
9907069	0.000006
302135	0.000006
9404143	0.000006
9206043	0.000006
9705227	0.000006
9405125	0.000006
9503153	0.000006
9301031	0.000006
9301121	0.000006
107161	0.000006
9902069	0.000006
106049	0.000006
9512201	0.000006
9407089	0.000006
9405005	0.000006
9802021	0.000006
9405189	0.000006
9408015	0.000006
9412183	0.000006
9312133	0.000006
9702053	0.000006
204139	0.000006
9911133	0.000006
9505107	0.000006
9703199	0.000006
9211115	0.000006
9812103	0.000006
9810087	0.000006
302115	0.000006
111171	0.000006
9711071	0.000006
101047	0.000006
9710235	0.000006
9304109	0.000006
9502113	0.000006
9305019	0.000006
9901075	0.000006
107211	0.000006
9402083	0.000006
9805013	0.000006
9508125	0.000006
201203	0.000006
9310085	0.000006
205053	0.000006
108111	0.000006
9309049	0.000006
9804205	0.000006
9408067	0.000006
9306131	0.000006
207031	0.000006
9709221	0.000006
302045	0.000006
203027	0.000006
9606027	0.000006
9411115	0.000006
9404081	0.000006
9311189	0.000006
9205101	0.000006
9206079	0.000006
9206099	0.000006
9608091	0.000006
205125	0.000006
211051	0.000006
301007	0.000006
9906159	0.000006
9906001	0.000006
6147	0.000006
9905009	0.000006
9906063	0.000006
9903009	0.000006
9612133	0.000006
9704063	0.000005
9403105	0.000005
9602165	0.000005
9307015	0.000005
9403109	0.000005
9502147	0.000005
10041	0.000005
303241	0.000005
1075	0.000005
9409191	0.000005
105259	0.000005
9204013	0.000005
9803125	0.000005
9607217	0.000005
9607173	0.000005
10245	0.000005
9612053	0.000005
9510071	0.000005
205229	0.000005
9404037	0.000005
9312027	0.000005
9806185	0.000005
9703089	0.000005
9602159	0.000005
9910215	0.000005
9502033	0.000005
9912173	0.000005
9311111	0.000005
9402075	0.000005
4051	0.000005
12209	0.000005
9307101	0.000005
9307099	0.000005
2113	0.000005
205159	0.000005
2115	0.000005
9410239	0.000005
9705049	0.000005
9810189	0.000005
9403099	0.000005
9705097	0.000005
9504079	0.000005
9510039	0.000005
9408027	0.000005
9303145	0.000005
103063	0.000005
105177	0.000005
9312185	0.000005
9701145	0.000005
9305137	0.000005
9209105	0.000005
201005	0.000005
9907137	0.000005
9210003	0.000005
203253	0.000005
109011	0.000005
111159	0.000005
2207	0.000005
9811055	0.000005
9306123	0.000005
9506199	0.000005
9502071	0.000005
9212097	0.000005
9007	0.000005
9304139	0.000005
9910097	0.000005
9809001	0.000005
9509147	0.000005
9807027	0.000005
9312099	0.000005
9702005	0.000005
9701181	0.000005
9309089	0.000005
9302001	0.000005
9305153	0.000005
108223	0.000005
9610081	0.000005
2049	0.000005
9611057	0.000005
9509103	0.000005
9509139	0.000005
109047	0.000005
109109	0.000005
9610013	0.000005
9812115	0.000005
9510211	0.000005
9604145	0.000005
9807081	0.000005
9707073	0.000005
9510235	0.000005
303263	0.000005
9005	0.000005
9709175	0.000005
9411019	0.000005
9702007	0.000005
203261	0.000005
9409163	0.000005
9509135	0.000005
9605115	0.000005
9303131	0.000005
9604031	0.000005
9404123	0.000005
9612117	0.000005
203067	0.000005
9611187	0.000005
9709067	0.000005
9604125	0.000005
9609195	0.000005
9506069	0.000005
9401143	0.000005
9703111	0.000005
107171	0.000005
9611153	0.000005
9910257	0.000005
9403039	0.000005
9206091	0.000005
9705157	0.000005
9408049	0.000005
9210025	0.000005
9911209	0.000005
9905125	0.000005
4137	0.000005
207205	0.000005
5011	0.000005
9408069	0.000005
110221	0.000005
9408023	0.000005
9301105	0.000005
9702127	0.000005
9804003	0.000005
110081	0.000005
9510119	0.000005
9906185	0.000005
207109	0.000005
7161	0.000005
9173	0.000004
9210129	0.000004
9612135	0.000004
9712085	0.000004
9801075	0.000004
9602027	0.000004
9502073	0.000004
9301127	0.000004
9907121	0.000004
9408111	0.000004
9409045	0.000004
9609131	0.000004
211055	0.000004
9210151	0.000004
9237	0.000004
9211045	0.000004
9810071	0.000004
9502105	0.000004
9707065	0.000004
208183	0.000004
9503195	0.000004
9712107	0.000004
9701029	0.000004
9712147	0.000004
9202035	0.000004
204073	0.000004
9408081	0.000004
9510061	0.000004
9905063	0.000004
107005	0.000004
9604069	0.000004
9304051	0.000004
9411067	0.000004
9411159	0.000004
9810235	0.000004
9604087	0.000004
10185	0.000004
9806193	0.000004
9712019	0.000004
209001	0.000004
9302121	0.000004
203131	0.000004
9510221	0.000004
9606083	0.000004
9306035	0.000004
9708111	0.000004
9211133	0.000004
9505011	0.000004
9411071	0.000004
3257	0.000004
9308051	0.000004
9910151	0.000004
9609119	0.000004
9710233	0.000004
9907049	0.000004
9707211	0.000004
9403047	0.000004
10109	0.000004
9605095	0.000004
7149	0.000004
108077	0.000004
9510037	0.000004
9603063	0.000004
9709059	0.000004
7025	0.000004
5207	0.000004
9509121	0.000004
112021	0.000004
9504089	0.000004
9812131	0.000004
9235	0.000004
9611157	0.000004
9611143	0.000004
9305129	0.000004
4121	0.000004
9405145	0.000004
1185	0.000004
9905197	0.000004
9808133	0.000004
303019	0.000004
9405079	0.000004
9406035	0.000004
9412099	0.000004
9601095	0.000004
9911227	0.000004
111191	0.000004
9910235	0.000004
9406099	0.000004
9501129	0.000004
303005	0.000004
9905103	0.000004
9505059	0.000004
9303155	0.000004
9712255	0.000004
9812203	0.000004
205307	0.000004
102003	0.000004
11151	0.000004
205181	0.000004
9503211	0.000004
6097	0.000004
9909181	0.000004
9611121	0.000004
210129	0.000004
9407105	0.000004
6123	0.000004
9306059	0.000004
9701083	0.000004
9802149	0.000004
9303041	0.000004
9507159	0.000004
9610189	0.000004
9608043	0.000004
9511177	0.000004
9711075	0.000004
9904057	0.000004
9201077	0.000004
9204039	0.000004
9601165	0.000004
107135	0.000004
2181	0.000004
9411075	0.000004
5243	0.000004
9904081	0.000004
9306137	0.000004
9708035	0.000004
9703087	0.000004
9308119	0.000004
9912223	0.000004
9411201	0.000004
9406007	0.000004
9603111	0.000004
9306017	0.000004
9910137	0.000004
9604149	0.000004
9911139	0.000004
203029	0.000004
101191	0.000004
9702185	0.000004
9508023	0.000004
9408019	0.000004
109223	0.000004
9601107	0.000004
9808189	0.000004
9305121	0.000004
9309125	0.000004
9308147	0.000004
6025	0.000004
9706219	0.000004
9501051	0.000004
9509125	0.000004
102011	0.000004
9212117	0.000004
9510151	0.000004
105173	0.000004
109035	0.000004
9510049	0.000004
9802161	0.000004
9901113	0.000004
9607215	0.000004
9412129	0.000004
208093	0.000004
9708045	0.000004
9701107	0.000004
9510021	0.000004
9202045	0.000004
11209	0.000004
9401097	0.000004
8237	0.000004
9909145	0.000004
9401001	0.000004
9501017	0.000004
1129	0.000004
9710099	0.000004
303093	0.000004
9312031	0.000004
9503067	0.000004
110097	0.000004
9703109	0.000004
101155	0.000004
9401167	0.000004
9210061	0.000004
9506015	0.000004
107023	0.000004
9511225	0.000004
9206047	0.000004
9805033	0.000004
9505071	0.000004
9808167	0.000004
9505029	0.000004
304047	0.000004
9812033	0.000003
4139	0.000003
9807221	0.000003
9811073	0.000003
301085	0.000003
1221	0.000003
210185	0.000003
9804049	0.000003
9205103	0.000003
9402065	0.000003
9509153	0.000003
9312081	0.000003
9612253	0.000003
9601135	0.000003
9906233	0.000003
9409135	0.000003
9207079	0.000003
9211117	0.000003
9508027	0.000003
9305011	0.000003
9204007	0.000003
9205039	0.000003
9610175	0.000003
9510063	0.000003
210143	0.000003
9606021	0.000003
9410159	0.000003
9906117	0.000003
9503225	0.000003
9410063	0.000003
9608189	0.000003
202089	0.000003
9710101	0.000003
9408031	0.000003
2239	0.000003
9305169	0.000003
9710145	0.000003
6183	0.000003
9601051	0.000003
9907193	0.000003
108053	0.000003
107237	0.000003
201213	0.000003
9204075	0.000003
9612101	0.000003
9712227	0.000003
9302089	0.000003
9506105	0.000003
9405193	0.000003
9601061	0.000003
9412023	0.000003
207043	0.000003
9611147	0.000003
9209111	0.000003
101141	0.000003
9706063	0.000003
9806083	0.000003
9309141	0.000003
9908027	0.000003
9906065	0.000003
9708019	0.000003
204211	0.000003
9904015	0.000003
104255	0.000003
209021	0.000003
9306157	0.000003
9508067	0.000003
9808083	0.000003
9908181	0.000003
9305175	0.000003
9611185	0.000003
9311137	0.000003
9208067	0.000003
9403185	0.000003
12113	0.000003
9403125	0.000003
9911171	0.000003
9806077	0.000003
9309007	0.000003
9306099	0.000003
9312177	0.000003
9511009	0.000003
9504099	0.000003
9406167	0.000003
9808145	0.000003
2055	0.000003
9707227	0.000003
9607031	0.000003
9503187	0.000003
9602039	0.000003
110029	0.000003
9411105	0.000003
9410007	0.000003
9902175	0.000003
9409141	0.000003
9304105	0.000003
9305065	0.000003
9311077	0.000003
9409007	0.000003
9409017	0.000003
9204053	0.000003
9704119	0.000003
9912237	0.000003
9604163	0.000003
210061	0.000003
9304031	0.000003
9701067	0.000003
5257	0.000003
9909153	0.000003
301097	0.000003
9309111	0.000003
9510075	0.000003
301127	0.000003
9810007	0.000003
9307005	0.000003
9703091	0.000003
9306031	0.000003
9209063	0.000003
5279	0.000003
9306125	0.000003
9612009	0.000003
9408173	0.000003
3143	0.000003
9305103	0.000003
9810255	0.000003
9212025	0.000003
9908101	0.000003
9602173	0.000003
9810183	0.000003
108031	0.000003
9804103	0.000003
9403057	0.000003
9712053	0.000003
9511161	0.000003
9501033	0.000003
9208005	0.000003
9301045	0.000003
110279	0.000003
9305067	0.000003
9512087	0.000003
9404027	0.000003
9502059	0.000003
9403093	0.000003
9309073	0.000003
6227	0.000003
9605037	0.000003
202105	0.000003
103091	0.000003
206039	0.000003
9202025	0.000003
302173	0.000003
9304007	0.000003
9506127	0.000003
108057	0.000003
9410059	0.000003
9410013	0.000003
9510067	0.000003
9209077	0.000003
105053	0.000003
206143	0.000003
9408051	0.000003
9306019	0.000003
9612011	0.000003
9408057	0.000003
9503159	0.000003
9404131	0.000003
9609055	0.000003
301015	0.000003
9606105	0.000003
9902057	0.000003
111289	0.000003
102029	0.000003
101149	0.000003
9705203	0.000003
9712089	0.000003
9403035	0.000003
8207	0.000003
8077	0.000003
9605109	0.000003
201105	0.000003
3127	0.000003
9602041	0.000003
9809177	0.000003
9906169	0.000003
108021	0.000003
9709229	0.000003
9909045	0.000003
9810133	0.000003
10259	0.000003
9906111	0.000003
9712003	0.000003
9212157	0.000003
9412081	0.000003
5097	0.000003
207057	0.000003
9505085	0.000003
9603121	0.000003
9202081	0.000003
3011	0.000003
9510089	0.000003
9907159	0.000003
9509109	0.000003
9309095	0.000003
9812101	0.000003
9710229	0.000003
9501093	0.000003
9606099	0.000003
9903189	0.000003
103129	0.000003
9911213	0.000003
9201065	0.000003
9501023	0.000003
9306073	0.000003
9207063	0.000002
11133	0.000002
102059	0.000002
205021	0.000002
206053	0.000002
9402133	0.000002
9212151	0.000002
9404003	0.000002
104003	0.000002
9602127	0.000002
9805137	0.000002
9506189	0.000002
201011	0.000002
9508055	0.000002
9812137	0.000002
9906021	0.000002
9707101	0.000002
9603163	0.000002
9705015	0.000002
9312017	0.000002
9301013	0.000002
9408041	0.000002
9502067	0.000002
9709039	0.000002
9703187	0.000002
208111	0.000002
1045	0.000002
9511183	0.000002
9607119	0.000002
9508127	0.000002
9504085	0.000002
9401055	0.000002
9909115	0.000002
201087	0.000002
5201	0.000002
9804071	0.000002
106239	0.000002
10053	0.000002
9311059	0.000002
9306155	0.000002
9411017	0.000002
7229	0.000002
9312129	0.000002
9212141	0.000002
105133	0.000002
9310129	0.000002
9604173	0.000002
9508011	0.000002
106275	0.000002
108083	0.000002
212013	0.000002
2041	0.000002
9412191	0.000002
9807165	0.000002
9812045	0.000002
9507081	0.000002
6099	0.000002
102209	0.000002
9407067	0.000002
2105	0.000002
9801107	0.000002
9505017	0.000002
9208039	0.000002
9304041	0.000002
9612091	0.000002
12223	0.000002
9304067	0.000002
9204023	0.000002
9801163	0.000002
9803047	0.000002
9201051	0.000002
110251	0.000002
9406199	0.000002
1019	0.000002
302079	0.000002
9902151	0.000002
9511221	0.000002
9310077	0.000002
9906069	0.000002
9304063	0.000002
9506179	0.000002
9411229	0.000002
9605055	0.000002
9806209	0.000002
9408103	0.000002
9211137	0.000002
9807065	0.000002
112167	0.000002
6249	0.000002
9710193	0.000002
1115	0.000002
201043	0.000002
9041	0.000002
9409125	0.000002
9411227	0.000002
9403049	0.000002
9905107	0.000002
9703193	0.000002
209183	0.000002
9301077	0.000002
9805159	0.000002
104161	0.000002
9609233	0.000002
2203	0.000002
9505079	0.000002
9505003	0.000002
9408075	0.000002
9210143	0.000002
9407009	0.000002
9508079	0.000002
9510107	0.000002
9404119	0.000002
9809029	0.000002
9609025	0.000002
9507043	0.000002
9710019	0.000002
9801055	0.000002
9211029	0.000002
9607035	0.000002
9401083	0.000002
5255	0.000002
9408167	0.000002
9909065	0.000002
9511209	0.000002
9512171	0.000002
8035	0.000002
9404097	0.000002
9310055	0.000002
9602169	0.000002
9612173	0.000002
9503103	0.000002
9206093	0.000002
9605235	0.000002
9512029	0.000002
205157	0.000002
9307091	0.000002
9310103	0.000002
9304029	0.000002
9901165	0.000002
9504103	0.000002
9506067	0.000002
9212081	0.000002
9711189	0.000002
112069	0.000002
9505041	0.000002
9401123	0.000002
9712191	0.000002
12147	0.000002
9908069	0.000002
9706041	0.000002
9208011	0.000002
105107	0.000002
9311013	0.000002
9409155	0.000002
9212013	0.000002
110045	0.000002
9309041	0.000002
9408059	0.000002
9607069	0.000002
9711185	0.000002
12057	0.000002
9611211	0.000002
9904159	0.000002
202099	0.000002
104221	0.000002
9505193	0.000002
9503101	0.000002
9205005	0.000002
9702135	0.000002
9602139	0.000002
9509079	0.000002
9810065	0.000002
107157	0.000002
9503091	0.000002
9409025	0.000002
9306079	0.000002
9505099	0.000002
9409083	0.000002
9601009	0.000002
9510131	0.000002
9311113	0.000002
9611177	0.000002
9705121	0.000002
9811203	0.000002
9503185	0.000002
11055	0.000002
9303027	0.000002
9704025	0.000002
9606081	0.000002
9410117	0.000002
9607153	0.000002
9507029	0.000002
203225	0.000002
7189	0.000002
9811219	0.000002
9210113	0.000002
9902075	0.000002
9803091	0.000002
9510077	0.000002
204133	0.000002
9603151	0.000002
9605157	0.000002
9608133	0.000002
9708167	0.000002
9606159	0.000002
101227	0.000002
301207	0.000002
9712033	0.000002
9306107	0.000002
1067	0.000002
9212127	0.000002
9909031	0.000002
112087	0.000002
9403021	0.000002
9505065	0.000002
9305031	0.000002
105301	0.000002
9807121	0.000002
5131	0.000002
12243	0.000002
109221	0.000002
9205105	0.000002
9206009	0.000002
9405181	0.000002
9507165	0.000002
9508097	0.000002
9903119	0.000002
9809131	0.000002
9405077	0.000002
9501021	0.000002
9502053	0.000002
9706067	0.000002
9312041	0.000002
9907091	0.000002
9811023	0.000002
9405089	0.000002
9710221	0.000002
9807193	0.000002
9207117	0.000002
9811223	0.000002
2081	0.000002
9311091	0.000002
9912041	0.000002
9204061	0.000002
103061	0.000002
9705019	0.000002
9612079	0.000002
9810209	0.000002
9406033	0.000002
9512003	0.000002
9412069	0.000002
9511139	0.000002
9706163	0.000002
9705101	0.000002
304031	0.000002
9402129	0.000002
9310079	0.000002
9412207	0.000002
9909067	0.000002
9803187	0.000002
9511151	0.000002
9706193	0.000002
9610059	0.000002
9809081	0.000002
9810001	0.000002
203135	0.000002
9703079	0.000002
9804165	0.000002
110259	0.000002
9904139	0.000002
9811253	0.000002
202015	0.000002
9311065	0.000002
12107	0.000002
9703137	0.000002
107109	0.000002
203273	0.000002
9508145	0.000002
9905065	0.000002
9411231	0.000002
9411103	0.000002
9809025	0.000002
9511095	0.000002
9903075	0.000002
9611069	0.000002
9612013	0.000002
9808077	0.000002
9605025	0.000002
9605057	0.000002
9202001	0.000002
9812091	0.000002
9305041	0.000002
9411033	0.000002
9303079	0.000002
9408085	0.000002
12161	0.000002
9806073	0.000002
9309117	0.000002
9403043	0.000002
212031	0.000002
203079	0.000002
207079	0.000002
9407119	0.000002
9206041	0.000002
9210029	0.000002
1097	0.000002
9407017	0.000002
9404057	0.000001
11203	0.000001
9210075	0.000001
208195	0.000001
9208071	0.000001
9711061	0.000001
6029	0.000001
9510099	0.000001
9311165	0.000001
9412151	0.000001
9911063	0.000001
9310183	0.000001
203117	0.000001
9809031	0.000001
9808013	0.000001
9705155	0.000001
101067	0.000001
9303073	0.000001
9604015	0.000001
9407125	0.000001
9809023	0.000001
8233	0.000001
9704155	0.000001
211185	0.000001
112105	0.000001
9309087	0.000001
9210081	0.000001
9701079	0.000001
9912097	0.000001
5181	0.000001
9707147	0.000001
9603021	0.000001
9411123	0.000001
9208065	0.000001
9210155	0.000001
9704107	0.000001
9608101	0.000001
9511195	0.000001
9406169	0.000001
9403061	0.000001
9403075	0.000001
9510189	0.000001
9608107	0.000001
9811039	0.000001
9606019	0.000001
9606023	0.000001
9610153	0.000001
9509031	0.000001
9707153	0.000001
101079	0.000001
202023	0.000001
9403103	0.000001
9405157	0.000001
9607165	0.000001
9612225	0.000001
9201079	0.000001
203073	0.000001
9907081	0.000001
5263	0.000001
9507139	0.000001
9412097	0.000001
9504075	0.000001
9411111	0.000001
9806211	0.000001
9611027	0.000001
1187	0.000001
9411081	0.000001
9703117	0.000001
9905105	0.000001
106071	0.000001
209249	0.000001
9707107	0.000001
111257	0.000001
9304069	0.000001
108027	0.000001
9704091	0.000001
111213	0.000001
9302143	0.000001
9707201	0.000001
9607143	0.000001
9502145	0.000001
9501109	0.000001
9408001	0.000001
9411165	0.000001
9709103	0.000001
107117	0.000001
9605161	0.000001
9612023	0.000001
9712165	0.000001
9205093	0.000001
9301075	0.000001
5195	0.000001
8037	0.000001
9503165	0.000001
9912091	0.000001
9202007	0.000001
9208017	0.000001
9303019	0.000001
9304111	0.000001
9310001	0.000001
9511051	0.000001
7219	0.000001
9608149	0.000001
9811011	0.000001
9405023	0.000001
9810217	0.000001
9905093	0.000001
9612071	0.000001
9509059	0.000001
10267	0.000001
112033	0.000001
9311179	0.000001
9408157	0.000001
9306023	0.000001
9306129	0.000001
9412019	0.000001
106087	0.000001
9710227	0.000001
7165	0.000001
9407135	0.000001
9310097	0.000001
9608155	0.000001
9301053	0.000001
9205073	0.000001
9303031	0.000001
9306105	0.000001
9301113	0.000001
7129	0.000001
207269	0.000001
209259	0.000001
9712001	0.000001
9810009	0.000001
9606037	0.000001
9601119	0.000001
9312067	0.000001
9402059	0.000001
9807045	0.000001
9407057	0.000001
8003	0.000001
9903133	0.000001
2059	0.000001
9708027	0.000001
208061	0.000001
205167	0.000001
9601113	0.000001
9204097	0.000001
105033	0.000001
212019	0.000001
207047	0.000001
12027	0.000001
208147	0.000001
9509077	0.000001
9306049	0.000001
6075	0.000001
111029	0.000001
110229	0.000001
9907195	0.000001
9608119	0.000001
9303117	0.000001
9602175	0.000001
9404179	0.000001
9510047	0.000001
209049	0.000001
112237	0.000001
303215	0.000001
9312169	0.000001
9709163	0.000001
9609201	0.000001
9708145	0.000001
9912129	0.000001
9409153	0.000001
9303045	0.000001
9208077	0.000001
9503137	0.000001
9609135	0.000001
9406215	0.000001
9707231	0.000001
9704209	0.000001
9405111	0.000001
10197	0.000001
9811227	0.000001
9803233	0.000001
303169	0.000001
9402053	0.000001
9709181	0.000001
9605205	0.000001
9406187	0.000001
108173	0.000001
9609109	0.000001
9710061	0.000001
9303043	0.000001
9411185	0.000001
9912221	0.000001
9705083	0.000001
9905109	0.000001
105179	0.000001
9612185	0.000001
9804189	0.000001
9902025	0.000001
9707085	0.000001
9208033	0.000001
9710089	0.000001
9310089	0.000001
9806137	0.000001
9403005	0.000001
9709151	0.000001
9811239	0.000001
9035	0.000001
10131	0.000001
9410113	0.000001
9203065	0.000001
211005	0.000001
9605195	0.000001
203015	0.000001
9205055	0.000001
9502023	0.000001
104107	0.000001
9603103	0.000001
2243	0.000001
9608141	0.000001
9601019	0.000001
9503199	0.000001
9912253	0.000001
9303009	0.000001
9606175	0.000001
9208013	0.000001
207261	0.000001
9405135	0.000001
9511091	0.000001
9909039	0.000001
9406017	0.000001
9902109	0.000001
9504077	0.000001
9410163	0.000001
9211141	0.000001
9501005	0.000001
9501031	0.000001
109113	0.000001
9710045	0.000001
9907135	0.000001
104205	0.000001
9303147	0.000001
9906183	0.000001
9710195	0.000001
8099	0.000001
9709125	0.000001
9408129	0.000001
9807025	0.000001
9308027	0.000001
9309123	0.000001
6175	0.000001
9212015	0.000001
9311173	0.000001
8251	0.000001
9512099	0.000001
9901083	0.000001
9901097	0.000001
9501089	0.000001
9905167	0.000001
9804047	0.000001
9411085	0.000001
9309021	0.000001
9501145	0.000001
9304059	0.000001
9406131	0.000001
10095	0.000001
302133	0.000001
301041	0.000001
9501035	0.000001
9311019	0.000001
3229	0.000001
9807217	0.000001
9307139	0.000001
9702057	0.000001
9504069	0.000001
9704203	0.000001
9902143	0.000001
9503233	0.000001
9306161	0.000001
9412237	0.000001
9308037	0.000001
102193	0.000001
11161	0.000001
9505101	0.000001
9704183	0.000001
9308157	0.000001
9205117	0.000001
9407191	0.000001
9605021	0.000001
4169	0.000001
9608069	0.000001
304165	0.000001
9508049	0.000001
9406005	0.000001
12095	0.000001
8143	0.000001
9503169	0.000001
9307147	0.000001
9208069	0.000001
201069	0.000001
9501107	0.000001
9410109	0.000001
9502129	0.000001
9507019	0.000001
9912219	0.000001
9606051	0.000001
9905039	0.000001
4041	0.000001
9610135	0.000001
9306135	0.000001
112179	0.000001
9165	0.000001
9202063	0.000001
3027	0.000001
9512007	0.000001
205071	0.000001
9605015	0.000001
9708079	0.000001
9910027	0.000001
301043	0.000001
9209065	0.000001
9209047	0.000001
9902083	0.000001
9410165	0.000001
9903127	0.000001
110217	0.000001
205289	0.000001
9205111	0.000001
9093	0.000001
9408135	0.000001
9802035	0.000001
9209029	0.000001
9209027	0.000001
109089	0.000001
9407157	0.000001
108067	0.000001
202035	0.000001
9507123	0.000001
102047	0.000001
9604083	0.000001
106287	0.000001
103109	0.000001
9810249	0.000001
9501073	0.000001
9609009	0.000001
9803155	0.000001
102087	0.000001
9033	0.000001
9309029	0.000001
9706161	0.000001
9703177	0.000001
9701021	0.000001
210125	0.000001
9907217	0.000001
9506055	0.000001
9209057	0.000001
9407045	0.000001
9508109	0.000001
9504045	0.000001
9402023	0.000001
9706189	0.000001
9306065	0.000001
9309003	0.000001
211205	0.000001
2185	0.000001
9812223	0.000001
9803173	0.000001
9505165	0.000001
105223	0.000001
9608009	0.000001
206133	0.000001
9710043	0.000001
9504053	0.000001
9509111	0.000001
9207025	0.000001
9906067	0.000001
9309043	0.000001
9905145	0.000001
9602013	0.000001
9707221	0.000001
4163	0.000001
206219	0.000001
9805219	0.000001
9202043	0.000001
9207081	0.000001
9709187	0.000001
112217	0.000001
207021	0.000001
105317	0.000001
9507083	0.000001
11183	0.000001
202167	0.000001
9707137	0.000001
9904049	0.000001
9803245	0.000001
8043	0.000001
9901153	0.000001
9404125	0.000001
203063	0.000001
9603105	0.000001
9901015	0.000001
9405197	0.000001
9812009	0.000001
9407079	0.000001
9911233	0.000001
9208079	0.000001
9209009	0.000001
9802119	0.000001
9409087	0.000001
9310141	0.000001
4099	0.000001
104183	0.000001
9605107	0.000001
9802019	0.000001
9807077	0.000001
9507047	0.000001
9501079	0.000001
9706017	0.000001
9506029	0.000001
9304123	0.000001
9610145	0.000001
9309059	0.000001
9506099	0.000001
9412005	0.000001
206245	0.000001
9506107	0.000001
9508059	0.000001
9503117	0.000001
9504137	0.000001
9907197	0.000001
9803105	0.000001
111131	0.000001
9705213	0.000001
9904107	0.000001
9509129	0.000001
9910035	0.000001
9402137	0.000001
9810165	0.000001
9610073	0.000001
9506167	0.000001
9806117	0.000001
9806067	0.000001
202031	0.000001
3259	0.000001
9407059	0.000001
9412119	0.000001
9612159	0.000001
207227	0.000001
9907221	0.000001
9303087	0.000001
9707057	0.000001
9605065	0.000001
9307051	0.000001
9208073	0.000001
201049	0.000001
9410019	0.000001
4059	0.000000
9912215	0.000000
110179	0.000000
9703097	0.000000
9208037	0.000000
9907181	0.000000
9503075	0.000000
9207069	0.000000
9905123	0.000000
9512101	0.000000
9412171	0.000000
201193	0.000000
9611001	0.000000
9601045	0.000000
209147	0.000000
301113	0.000000
9903055	0.000000
9506153	0.000000
9307017	0.000000
12229	0.000000
212285	0.000000
9503011	0.000000
9810011	0.000000
9612039	0.000000
209087	0.000000
205169	0.000000
9504041	0.000000
9708095	0.000000
9907167	0.000000
9912235	0.000000
9610067	0.000000
9807083	0.000000
9307105	0.000000
9307131	0.000000
9905021	0.000000
9705179	0.000000
9409079	0.000000
9504071	0.000000
9412181	0.000000
10081	0.000000
9408087	0.000000
202081	0.000000
9511181	0.000000
9705217	0.000000
9601035	0.000000
4161	0.000000
9205031	0.000000
9212125	0.000000
9610123	0.000000
9609049	0.000000
9612155	0.000000
9507119	0.000000
9408163	0.000000
9906015	0.000000
303159	0.000000
9601047	0.000000
9810233	0.000000
204259	0.000000
9706037	0.000000
9808171	0.000000
9603179	0.000000
9610149	0.000000
9705207	0.000000
9606129	0.000000
9606167	0.000000
108225	0.000000
9811157	0.000000
9512111	0.000000
9903011	0.000000
9711123	0.000000
9605177	0.000000
9610223	0.000000
9304161	0.000000
9310049	0.000000
9307165	0.000000
9703185	0.000000
9703037	0.000000
9706045	0.000000
9411151	0.000000
10075	0.000000
303261	0.000000
9505115	0.000000
207085	0.000000
9403197	0.000000
9702097	0.000000
9302111	0.000000
9607093	0.000000
12241	0.000000
11135	0.000000
9811173	0.000000
9703023	0.000000
9801089	0.000000
9707077	0.000000
103043	0.000000
9901071	0.000000
9409145	0.000000
210303	0.000000
105099	0.000000
2251	0.000000
103185	0.000000
9502133	0.000000
9502135	0.000000
206093	0.000000
9802143	0.000000
9207041	0.000000
201207	0.000000
9601159	0.000000
9511201	0.000000
9401065	0.000000
102021	0.000000
9907199	0.000000
9808173	0.000000
9712121	0.000000
209075	0.000000
9905061	0.000000
9907147	0.000000
9506163	0.000000
9707165	0.000000
9703139	0.000000
9309129	0.000000
9808071	0.000000
9307141	0.000000
101107	0.000000
9812179	0.000000
9401091	0.000000
301001	0.000000
212315	0.000000
9502075	0.000000
9910107	0.000000
9803121	0.000000
8235	0.000000
103245	0.000000
110125	0.000000
207073	0.000000
9511105	0.000000
9304157	0.000000
9711137	0.000000
101167	0.000000
9910127	0.000000
9405009	0.000000
9902091	0.000000
102081	0.000000
9611005	0.000000
9903173	0.000000
9412205	0.000000
9810049	0.000000
9412239	0.000000
9606103	0.000000
10277	0.000000
9303071	0.000000
3111	0.000000
9412009	0.000000
109115	0.000000
9501001	0.000000
9608123	0.000000
9411199	0.000000
9907105	0.000000
102203	0.000000
9904193	0.000000
9702119	0.000000
9602101	0.000000
104007	0.000000
9304095	0.000000
9205045	0.000000
9510091	0.000000
9804091	0.000000
9707175	0.000000
210197	0.000000
9407161	0.000000
9075	0.000000
9511003	0.000000
9210103	0.000000
302227	0.000000
212195	0.000000
2123	0.000000
9907097	0.000000
9406183	0.000000
9512097	0.000000
9708121	0.000000
9307067	0.000000
9602015	0.000000
9810101	0.000000
209055	0.000000
6229	0.000000
9210149	0.000000
9506211	0.000000
9605163	0.000000
111037	0.000000
9605197	0.000000
101097	0.000000
9612165	0.000000
9907039	0.000000
9604161	0.000000
9412149	0.000000
9904037	0.000000
201065	0.000000
9312065	0.000000
9905095	0.000000
9806207	0.000000
9303089	0.000000
201045	0.000000
9610003	0.000000
9410031	0.000000
203075	0.000000
9410183	0.000000
9602171	0.000000
9411031	0.000000
9702131	0.000000
107235	0.000000
212075	0.000000
9702183	0.000000
9053	0.000000
111083	0.000000
212187	0.000000
9807015	0.000000
9811215	0.000000
9903211	0.000000
112263	0.000000
9207083	0.000000
9810193	0.000000
9604137	0.000000
9306115	0.000000
204181	0.000000
9902085	0.000000
9405025	0.000000
9612097	0.000000
9612147	0.000000
9503171	0.000000
9601157	0.000000
102131	0.000000
9902065	0.000000
9906241	0.000000
8069	0.000000
9512197	0.000000
9710173	0.000000
9304019	0.000000
9408179	0.000000
9305059	0.000000
107013	0.000000
9401127	0.000000
9406205	0.000000
104197	0.000000
9911159	0.000000
9412017	0.000000
6177	0.000000
9312029	0.000000
105037	0.000000
9804137	0.000000
9811247	0.000000
9404105	0.000000
102027	0.000000
9902133	0.000000
9712111	0.000000
9606121	0.000000
9701111	0.000000
9509113	0.000000
9701087	0.000000
9807211	0.000000
9206113	0.000000
9907065	0.000000
9809071	0.000000
9702149	0.000000
9310005	0.000000
9609227	0.000000
9704181	0.000000
9705159	0.000000
9703225	0.000000
209023	0.000000
9709185	0.000000
9707127	0.000000
9612161	0.000000
106003	0.000000
9610015	0.000000
9704069	0.000000
106029	0.000000
9411005	0.000000
9303157	0.000000
9310047	0.000000
7003	0.000000
105009	0.000000
209033	0.000000
9612145	0.000000
206037	0.000000
9905201	0.000000
9404015	0.000000
9605027	0.000000
9406039	0.000000
201141	0.000000
9408141	0.000000
2197	0.000000
9808113	0.000000
9905001	0.000000
9511135	0.000000
9511039	0.000000
9511137	0.000000
9403111	0.000000
9502079	0.000000
9702171	0.000000
303147	0.000000
9812075	0.000000
9301093	0.000000
9603157	0.000000
9610229	0.000000
11275	0.000000
103017	0.000000
9311017	0.000000
9909225	0.000000
9906165	0.000000
8135	0.000000
9805037	0.000000
9805025	0.000000
304077	0.000000
9209031	0.000000
9506021	0.000000
9610133	0.000000
9612255	0.000000
107027	0.000000
9307119	0.000000
9804015	0.000000
103263	0.000000
9503061	0.000000
9802083	0.000000
9406135	0.000000
9410243	0.000000
9502121	0.000000
9205013	0.000000
8121	0.000000
9202047	0.000000
9312093	0.000000
9811241	0.000000
9503087	0.000000
9504159	0.000000
9808147	0.000000
9910075	0.000000
8011	0.000000
9507095	0.000000
9909117	0.000000
9310057	0.000000
9509039	0.000000
9310163	0.000000
9905113	0.000000
9906171	0.000000
9511169	0.000000
9702147	0.000000
9310027	0.000000
9607055	0.000000
9410025	0.000000
9601063	0.000000
9509045	0.000000
9304035	0.000000
9308013	0.000000
9312073	0.000000
9312125	0.000000
9410135	0.000000
9412029	0.000000
8153	0.000000
210161	0.000000
9912169	0.000000
9501087	0.000000
9405201	0.000000
202113	0.000000
9802171	0.000000
9212093	0.000000
9401141	0.000000
9307149	0.000000
9311095	0.000000
9510095	0.000000
9601031	0.000000
9211009	0.000000
9211093	0.000000
2225	0.000000
9706029	0.000000
9810229	0.000000
9607103	0.000000
10125	0.000000
9602095	0.000000
106139	0.000000
9303039	0.000000
210087	0.000000
9304107	0.000000
9805095	0.000000
304167	0.000000
9306011	0.000000
9905203	0.000000
304155	0.000000
5039	0.000000
302185	0.000000
9501007	0.000000
9312109	0.000000
108071	0.000000
111053	0.000000
9809141	0.000000
9412013	0.000000
101131	0.000000
9212143	0.000000
9505181	0.000000
9707155	0.000000
9312011	0.000000
9510043	0.000000
9811079	0.000000
9203029	0.000000
9710131	0.000000
108039	0.000000
102171	0.000000
9607241	0.000000
9404055	0.000000
9307161	0.000000
9604039	0.000000
9310185	0.000000
9504009	0.000000
9702013	0.000000
304073	0.000000
9601065	0.000000
9602151	0.000000
9411045	0.000000
9503215	0.000000
9311107	0.000000
8181	0.000000
101163	0.000000
102083	0.000000
107205	0.000000
9905003	0.000000
9303061	0.000000
6233	0.000000
9310021	0.000000
9503123	0.000000
9212135	0.000000
9711195	0.000000
9710183	0.000000
105201	0.000000
9610097	0.000000
9410149	0.000000
9301107	0.000000
10161	0.000000
9809115	0.000000
9703055	0.000000
9801167	0.000000
9611081	0.000000
9802059	0.000000
9401085	0.000000
9702029	0.000000
9405003	0.000000
9411137	0.000000
9904093	0.000000
9706103	0.000000
9804005	0.000000
9203075	0.000000
9307007	0.000000
301057	0.000000
103083	0.000000
9505013	0.000000
9406141	0.000000
9307109	0.000000
9609067	0.000000
9302039	0.000000
9310153	0.000000
9504153	0.000000
9311029	0.000000
9903137	0.000000
8097	0.000000
9610025	0.000000
205045	0.000000
9312207	0.000000
9710087	0.000000
9605181	0.000000
11163	0.000000
9312111	0.000000
9303125	0.000000
9704073	0.000000
9906205	0.000000
9908159	0.000000
9810061	0.000000
107047	0.000000
9909083	0.000000
9612025	0.000000
303025	0.000000
9211079	0.000000
9203035	0.000000
9609083	0.000000
2051	0.000000
9903185	0.000000
9803079	0.000000
9212051	0.000000
212171	0.000000
9705187	0.000000
211179	0.000000
9212137	0.000000
9310061	0.000000
9203015	0.000000
9511025	0.000000
9301011	0.000000
9603155	0.000000
9810045	0.000000
10067	0.000000
9512051	0.000000
9912141	0.000000
9508149	0.000000
302013	0.000000
9809155	0.000000
9208075	0.000000
9507065	0.000000
9707169	0.000000
9612129	0.000000
9302125	0.000000
9508121	0.000000
9611183	0.000000
9209021	0.000000
9704015	0.000000
9801035	0.000000
9710225	0.000000
9807043	0.000000
9410221	0.000000
9409133	0.000000
9206001	0.000000
9503235	0.000000
9806029	0.000000
212007	0.000000
9310171	0.000000
9310189	0.000000
9403127	0.000000
9508057	0.000000
9603005	0.000000
301199	0.000000
9912061	0.000000
9202077	0.000000
106085	0.000000
10129	0.000000
9308067	0.000000
9903197	0.000000
9507097	0.000000
106035	0.000000
7093	0.000000
9901133	0.000000
9511059	0.000000
9206005	0.000000
209229	0.000000
9612047	0.000000
9402051	0.000000
9411125	0.000000
9407051	0.000000
9506161	0.000000
9904205	0.000000
9311075	0.000000
9801197	0.000000
3049	0.000000
9803055	0.000000
9907045	0.000000
303061	0.000000
12181	0.000000
9505019	0.000000
208001	0.000000
9910259	0.000000
9905207	0.000000
9304103	0.000000
9210071	0.000000
9705133	0.000000
9911103	0.000000
203169	0.000000
9710093	0.000000
210019	0.000000
9911211	0.000000
9906043	0.000000
9701183	0.000000
9412137	0.000000
9408077	0.000000
12187	0.000000
2179	0.000000
209073	0.000000
11189	0.000000
9402121	0.000000
9405163	0.000000
9305127	0.000000
9311057	0.000000
9512055	0.000000
9412093	0.000000
9507111	0.000000
9208021	0.000000
9404141	0.000000
9502039	0.000000
4079	0.000000
11005	0.000000
9305167	0.000000
9901025	0.000000
9408011	0.000000
9304137	0.000000
9403153	0.000000
9606055	0.000000
12189	0.000000
9811043	0.000000
108175	0.000000
9311151	0.000000
9903063	0.000000
9903235	0.000000
9906009	0.000000
9909123	0.000000
106221	0.000000
9906025	0.000000
209007	0.000000
9606183	0.000000
9405147	0.000000
9710025	0.000000
9307075	0.000000
9306067	0.000000
9312141	0.000000
9408131	0.000000
9506201	0.000000
1155	0.000000
9501085	0.000000
9502123	0.000000
9201031	0.000000
9609207	0.000000
4007	0.000000
9601101	0.000000
9612169	0.000000
9311063	0.000000
9909185	0.000000
9410137	0.000000
9803181	0.000000
9309139	0.000000
9212121	0.000000
9605179	0.000000
9501119	0.000000
111167	0.000000
9709155	0.000000
9502037	0.000000
9410207	0.000000
9502101	0.000000
9402141	0.000000
204067	0.000000
210097	0.000000
9809013	0.000000
107019	0.000000
1039	0.000000
8229	0.000000
9602149	0.000000
9312019	0.000000
9404001	0.000000
9810037	0.000000
206201	0.000000
9508101	0.000000
9906245	0.000000
9910253	0.000000
9409097	0.000000
4203	0.000000
9807131	0.000000
9408045	0.000000
9503177	0.000000
9606089	0.000000
9707255	0.000000
109007	0.000000
9706061	0.000000
9503107	0.000000
9505155	0.000000
9612111	0.000000
9612151	0.000000
210107	0.000000
9402111	0.000000
9603159	0.000000
9803115	0.000000
9502157	0.000000
9408047	0.000000
304091	0.000000
9809129	0.000000
9605041	0.000000
9501009	0.000000
9808009	0.000000
9510139	0.000000
9309047	0.000000
9609189	0.000000
9805103	0.000000
209019	0.000000
9410033	0.000000
9512167	0.000000
8095	0.000000
9405169	0.000000
9207071	0.000000
9312057	0.000000
9402019	0.000000
301019	0.000000
208131	0.000000
9309099	0.000000
9809215	0.000000
9803223	0.000000
112183	0.000000
203197	0.000000
9405173	0.000000
4153	0.000000
5287	0.000000
9204059	0.000000
9507103	0.000000
9307117	0.000000
101103	0.000000
9602131	0.000000
9602143	0.000000
103215	0.000000
212243	0.000000
303149	0.000000
9311155	0.000000
9501095	0.000000
101175	0.000000
9308099	0.000000
9403063	0.000000
9410121	0.000000
9604143	0.000000
9702181	0.000000
9210131	0.000000
9909217	0.000000
9304083	0.000000
9204003	0.000000
9210125	0.000000
9601001	0.000000
9507131	0.000000
9602025	0.000000
9607039	0.000000
9905119	0.000000
104207	0.000000
9804187	0.000000
9901019	0.000000
9804017	0.000000
9903255	0.000000
9601015	0.000000
9809069	0.000000
109105	0.000000
9404181	0.000000
5019	0.000000
9903147	0.000000
9401151	0.000000
9903071	0.000000
9908207	0.000000
9511013	0.000000
9308073	0.000000
9406161	0.000000
9504055	0.000000
9608103	0.000000
9311123	0.000000
110197	0.000000
6045	0.000000
9703005	0.000000
9411209	0.000000
301197	0.000000
9706167	0.000000
9404007	0.000000
9610075	0.000000
9202033	0.000000
9402079	0.000000
9610247	0.000000
9906189	0.000000
9208009	0.000000
9612037	0.000000
9410077	0.000000
9608159	0.000000
3095	0.000000
9310131	0.000000
9311021	0.000000
9411043	0.000000
9302071	0.000000
9406083	0.000000
9606197	0.000000
12039	0.000000
108015	0.000000
9406073	0.000000
9705177	0.000000
9711079	0.000000
4205	0.000000
9503111	0.000000
12269	0.000000
9410173	0.000000
112057	0.000000
110047	0.000000
9301117	0.000000
9302117	0.000000
9409085	0.000000
9804109	0.000000
9608139	0.000000
3091	0.000000
9809191	0.000000
9705183	0.000000
201003	0.000000
9903097	0.000000
9710209	0.000000
9607073	0.000000
9507033	0.000000
9609089	0.000000
4173	0.000000
9508165	0.000000
9806023	0.000000
9073	0.000000
9911053	0.000000
9612175	0.000000
9905101	0.000000
9702191	0.000000
9703181	0.000000
201101	0.000000
9507037	0.000000
9811117	0.000000
9202073	0.000000
9807039	0.000000
9807061	0.000000
9311087	0.000000
9310119	0.000000
110145	0.000000
9411041	0.000000
9512057	0.000000
9097	0.000000
9611131	0.000000
9303119	0.000000
10273	0.000000
9212091	0.000000
9405041	0.000000
9210007	0.000000
9709083	0.000000
112143	0.000000
205243	0.000000
201167	0.000000
9204081	0.000000
9301039	0.000000
9610047	0.000000
9406123	0.000000
9412215	0.000000
9411237	0.000000
9911207	0.000000
102115	0.000000
102117	0.000000
102139	0.000000
9412035	0.000000
9512033	0.000000
9804191	0.000000
9201037	0.000000
9301085	0.000000
9806183	0.000000
9410213	0.000000
9604111	0.000000
9603153	0.000000
9511041	0.000000
6221	0.000000
9305113	0.000000
9304101	0.000000
9307179	0.000000
9201057	0.000000
111195	0.000000
9408021	0.000000
104051	0.000000
9402011	0.000000
211109	0.000000
9509041	0.000000
9503003	0.000000
9305147	0.000000
9607191	0.000000
9511113	0.000000
1087	0.000000
9203013	0.000000
9311053	0.000000
6187	0.000000
9507085	0.000000
9410029	0.000000
9611231	0.000000
9508035	0.000000
110165	0.000000
111009	0.000000
3293	0.000000
9607115	0.000000
9509091	0.000000
9210049	0.000000
9507059	0.000000
9606163	0.000000
9712069	0.000000
9411109	0.000000
9306071	0.000000
9912251	0.000000
9911175	0.000000
9801045	0.000000
9605141	0.000000
103253	0.000000
9905077	0.000000
9409027	0.000000
210307	0.000000
9910029	0.000000
11293	0.000000
9702023	0.000000
2153	0.000000
11199	0.000000
9701001	0.000000
110181	0.000000
110023	0.000000
9305099	0.000000
9807129	0.000000
106095	0.000000
9301087	0.000000
9212039	0.000000
9807143	0.000000
9508041	0.000000
9407083	0.000000
111233	0.000000
9704121	0.000000
9910103	0.000000
112209	0.000000
9412193	0.000000
4197	0.000000
9502097	0.000000
9808011	0.000000
112257	0.000000
9501041	0.000000
9410057	0.000000
9308137	0.000000
9501125	0.000000
9709173	0.000000
9410071	0.000000
9807219	0.000000
11265	0.000000
9709153	0.000000
112241	0.000000
9809151	0.000000
304085	0.000000
9503147	0.000000
9205053	0.000000
9303081	0.000000
9404177	0.000000
9505109	0.000000
9609045	0.000000
9709011	0.000000
9811085	0.000000
9806093	0.000000
304205	0.000000
9410225	0.000000
9308009	0.000000
9611067	0.000000
208045	0.000000
9404107	0.000000
9803009	0.000000
203195	0.000000
301045	0.000000
9604187	0.000000
9303163	0.000000
9506195	0.000000
9403107	0.000000
9601071	0.000000
9708165	0.000000
9603041	0.000000
9704105	0.000000
9707161	0.000000
9906083	0.000000
9806025	0.000000
9709121	0.000000
9509029	0.000000
9079	0.000000
9081	0.000000
9411141	0.000000
9410195	0.000000
9901049	0.000000
103121	0.000000
9806045	0.000000
9608143	0.000000
9604117	0.000000
9310145	0.000000
9610109	0.000000
9702085	0.000000
103189	0.000000
302031	0.000000
111125	0.000000
204069	0.000000
9506083	0.000000
9411215	0.000000
9610143	0.000000
9309071	0.000000
10211	0.000000
2151	0.000000
6089	0.000000
9908003	0.000000
9609001	0.000000
9312091	0.000000
9802159	0.000000
9302135	0.000000
9405099	0.000000
9406065	0.000000
9510237	0.000000
9708057	0.000000
9904023	0.000000
9701071	0.000000
9204067	0.000000
9910167	0.000000
9607195	0.000000
9309061	0.000000
9403007	0.000000
9212067	0.000000
9411063	0.000000
9705231	0.000000
9303077	0.000000
3077	0.000000
9307089	0.000000
9604079	0.000000
9502051	0.000000
9412039	0.000000
109171	0.000000
9412177	0.000000
9802055	0.000000
9406133	0.000000
210099	0.000000
9906107	0.000000
9303095	0.000000
9305135	0.000000
9909009	0.000000
9812167	0.000000
108159	0.000000
9706159	0.000000
110275	0.000000
9202051	0.000000
9801041	0.000000
9212047	0.000000
9407053	0.000000
9306051	0.000000
9307103	0.000000
9410193	0.000000
107021	0.000000
9801001	0.000000
9408165	0.000000
9312181	0.000000
9407127	0.000000
9410061	0.000000
304041	0.000000
9810175	0.000000
203033	0.000000
9608025	0.000000
9609187	0.000000
9409173	0.000000
9812077	0.000000
9610221	0.000000
9305093	0.000000
9710159	0.000000
9504157	0.000000
9401057	0.000000
112111	0.000000
208159	0.000000
9412041	0.000000
9911127	0.000000
9205113	0.000000
9909175	0.000000
9506117	0.000000
9312069	0.000000
9312089	0.000000
9401043	0.000000
9707035	0.000000
9802115	0.000000
9711119	0.000000
9801103	0.000000
9912149	0.000000
9908131	0.000000
9506003	0.000000
9709047	0.000000
9411027	0.000000
9902185	0.000000
9406057	0.000000
9612189	0.000000
9512027	0.000000
9402087	0.000000
9406173	0.000000
9412103	0.000000
110051	0.000000
9410107	0.000000
9705077	0.000000
110043	0.000000
9812147	0.000000
9808155	0.000000
110083	0.000000
9710003	0.000000
9708107	0.000000
9609121	0.000000
9903253	0.000000
105057	0.000000
204237	0.000000
205249	0.000000
9905189	0.000000
9411059	0.000000
8223	0.000000
9404087	0.000000
9801013	0.000000
9907223	0.000000
9505007	0.000000
9811123	0.000000
111075	0.000000
9312055	0.000000
9710047	0.000000
9510193	0.000000
9507133	0.000000
7167	0.000000
9704019	0.000000
201053	0.000000
9311131	0.000000
9408055	0.000000
9709085	0.000000
9909169	0.000000
9901007	0.000000
9809169	0.000000
9503025	0.000000
9904195	0.000000
9804117	0.000000
9305177	0.000000
9607079	0.000000
9804107	0.000000
9810191	0.000000
9710211	0.000000
9412217	0.000000
110015	0.000000
9210027	0.000000
9208063	0.000000
9305091	0.000000
9302085	0.000000
9204077	0.000000
9308085	0.000000
9212069	0.000000
9609147	0.000000
9705119	0.000000
103057	0.000000
9804197	0.000000
9302079	0.000000
9309113	0.000000
9205067	0.000000
9305057	0.000000
206015	0.000000
9609149	0.000000
9502027	0.000000
210119	0.000000
9706137	0.000000
9411207	0.000000
9710113	0.000000
9411225	0.000000
9303161	0.000000
9712065	0.000000
9801069	0.000000
9709133	0.000000
9403065	0.000000
9512159	0.000000
9606085	0.000000
9808165	0.000000
9609143	0.000000
9803211	0.000000
9407137	0.000000
9609199	0.000000
4069	0.000000
103125	0.000000
9611059	0.000000
9506209	0.000000
9712037	0.000000
106077	0.000000
9401079	0.000000
9241	0.000000
9706085	0.000000
9507067	0.000000
9611091	0.000000
9906231	0.000000
9402003	0.000000
9811235	0.000000
9808091	0.000000
9403149	0.000000
9811111	0.000000
9902013	0.000000
9903073	0.000000
9712113	0.000000
9812019	0.000000
9412233	0.000000
302187	0.000000
210255	0.000000
9207003	0.000000
9808001	0.000000
206121	0.000000
9505063	0.000000
9908015	0.000000
9303091	0.000000
9909113	0.000000
9910221	0.000000
9305149	0.000000
9305145	0.000000
9503037	0.000000
9410049	0.000000
9504119	0.000000
9504035	0.000000
9912099	0.000000
9301123	0.000000
112103	0.000000
6205	0.000000
9705191	0.000000
9607023	0.000000
9912289	0.000000
9709095	0.000000
9808021	0.000000
9123	0.000000
108163	0.000000
9508087	0.000000
110003	0.000000
9910025	0.000000
7199	0.000000
210191	0.000000
9809091	0.000000
9205087	0.000000
9205001	0.000000
9403169	0.000000
207167	0.000000
9408139	0.000000
9410171	0.000000
212289	0.000000
9406151	0.000000
9210157	0.000000
9310081	0.000000
205023	0.000000
9308047	0.000000
201143	0.000000
106283	0.000000
206021	0.000000
110075	0.000000
3189	0.000000
206067	0.000000
10089	0.000000
9906135	0.000000
6155	0.000000
109145	0.000000
211155	0.000000
302009	0.000000
304193	0.000000
201131	0.000000
303177	0.000000
6153	0.000000
105193	0.000000
107017	0.000000
9502019	0.000000
9603145	0.000000
9408107	0.000000
9610215	0.000000
7139	0.000000
1009	0.000000
302229	0.000000
9606155	0.000000
9911033	0.000000
9908079	0.000000
9810173	0.000000
9510219	0.000000
108177	0.000000
9902139	0.000000
9910187	0.000000
9504123	0.000000
9712093	0.000000
9201035	0.000000
211273	0.000000
9405085	0.000000
9603185	0.000000
210121	0.000000
9308109	0.000000
9411175	0.000000
9510085	0.000000
202059	0.000000
9809019	0.000000
9312035	0.000000
9610219	0.000000
9703083	0.000000
9210077	0.000000
103087	0.000000
9803157	0.000000
107125	0.000000
9403083	0.000000
9211099	0.000000
9403085	0.000000
9205019	0.000000
9404133	0.000000
9601005	0.000000
9308029	0.000000
9704001	0.000000
9311039	0.000000
9407165	0.000000
9407171	0.000000
9411065	0.000000
9603119	0.000000
9604081	0.000000
12235	0.000000
211187	0.000000
301183	0.000000
9404085	0.000000
9312137	0.000000
9402145	0.000000
9211105	0.000000
9608007	0.000000
9705135	0.000000
9505031	0.000000
9909211	0.000000
111283	0.000000
209165	0.000000
209151	0.000000
9311099	0.000000
9311171	0.000000
9403011	0.000000
9609129	0.000000
9610061	0.000000
9707177	0.000000
9710055	0.000000
9805061	0.000000
1061	0.000000
9812099	0.000000
1191	0.000000
9606053	0.000000
9312173	0.000000
12109	0.000000
9907009	0.000000
101121	0.000000
9911059	0.000000
105213	0.000000
6157	0.000000
9911025	0.000000
9712041	0.000000
9212033	0.000000
112171	0.000000
3079	0.000000
204255	0.000000
207253	0.000000
205145	0.000000
210027	0.000000
112213	0.000000
210277	0.000000
111063	0.000000
210283	0.000000
211099	0.000000
212251	0.000000
304265	0.000000
9207093	0.000000
9206073	0.000000
9208043	0.000000
9207029	0.000000
9201069	0.000000
9212055	0.000000
9304113	0.000000
9305051	0.000000
9301091	0.000000
9305101	0.000000
9312163	0.000000
9304147	0.000000
9408153	0.000000
9412091	0.000000
9411001	0.000000
9412197	0.000000
9605123	0.000000
9209015	0.000000
9601103	0.000000
9508051	0.000000
9604049	0.000000
9408105	0.000000
9408145	0.000000
9605165	0.000000
9602003	0.000000
9608051	0.000000
9608115	0.000000
9610115	0.000000
9703169	0.000000
9412001	0.000000
9710143	0.000000
9801059	0.000000
9404145	0.000000
9411139	0.000000
9805035	0.000000
9712123	0.000000
9802081	0.000000
9807201	0.000000
9908205	0.000000
9511055	0.000000
9402123	0.000000
9707067	0.000000
9612211	0.000000
3167	0.000000
3149	0.000000
3283	0.000000
9911219	0.000000
4065	0.000000
9910265	0.000000
5267	0.000000
9407019	0.000000
9705081	0.000000
9501103	0.000000
6031	0.000000
9712229	0.000000
8007	0.000000
7245	0.000000
10029	0.000000
9508013	0.000000
9908087	0.000000
9711167	0.000000
10209	0.000000
9909207	0.000000
11063	0.000000
9810207	0.000000
11201	0.000000
9909165	0.000000
12119	0.000000
11061	0.000000
102075	0.000000
12103	0.000000
103027	0.000000
9910141	0.000000
9704039	0.000000
9701063	0.000000
103251	0.000000
103053	0.000000
104121	0.000000
5249	0.000000
9801031	0.000000
9612137	0.000000
106057	0.000000
9808121	0.000000
107003	0.000000
9911009	0.000000
107133	0.000000
104165	0.000000
108213	0.000000
9811113	0.000000
109167	0.000000
9606137	0.000000
109185	0.000000
9906113	0.000000
110061	0.000000
104019	0.000000
9703105	0.000000
9702125	0.000000
112011	0.000000
12253	0.000000
9503051	0.000000
9307061	0.000000
201085	0.000000
104053	0.000000
201119	0.000000
9610027	0.000000
202013	0.000000
201217	0.000000
203159	0.000000
203037	0.000000
204019	0.000000
12257	0.000000
9407013	0.000000
9402153	0.000000
205005	0.000000
110155	0.000000
205035	0.000000
9902135	0.000000
205239	0.000000
9609029	0.000000
206061	0.000000
9805057	0.000000
207013	0.000000
9602093	0.000000
207035	0.000000
203011	0.000000
207233	0.000000
9412083	0.000000
9905171	0.000000
9905151	0.000000
208211	0.000000
9605137	0.000000
209177	0.000000
9811181	0.000000
210003	0.000000
9903247	0.000000
210023	0.000000
9811099	0.000000
210149	0.000000
12127	0.000000
211151	0.000000
9905051	0.000000
211153	0.000000
204003	0.000000
211231	0.000000
102205	0.000000
9802065	0.000000
9303083	0.000000
301111	0.000000
11015	0.000000
301169	0.000000
9304017	0.000000
302201	0.000000
9803075	0.000000
303175	0.000000
301053	0.000000
304185	0.000000
212129	0.000000
9207059	0.000000
9204021	0.000000
9210159	0.000000
9204051	0.000000
9304077	0.000000
9203037	0.000000
9306081	0.000000
9208019	0.000000
9308017	0.000000
9304075	0.000000
9308087	0.000000
9307095	0.000000
9311041	0.000000
9304143	0.000000
9311163	0.000000
9305071	0.000000
9401101	0.000000
9302043	0.000000
9403037	0.000000
9202009	0.000000
9404069	0.000000
9404137	0.000000
9401067	0.000000
9404167	0.000000
9207047	0.000000
9405027	0.000000
9307113	0.000000
9410021	0.000000
9307197	0.000000
9410111	0.000000
9310059	0.000000
9411197	0.000000
9302093	0.000000
9412067	0.000000
9406143	0.000000
9412087	0.000000
9207113	0.000000
9504163	0.000000
9204033	0.000000
9505191	0.000000
9409171	0.000000
9506165	0.000000
9302105	0.000000
9508037	0.000000
9405177	0.000000
9508169	0.000000
9308035	0.000000
9511155	0.000000
9411189	0.000000
9512093	0.000000
9208061	0.000000
9603079	0.000000
9204025	0.000000
9604135	0.000000
9409005	0.000000
9605189	0.000000
9604029	0.000000
9607075	0.000000
9411239	0.000000
9609093	0.000000
9404169	0.000000
9610127	0.000000
9412049	0.000000
9610161	0.000000
9311073	0.000000
9611141	0.000000
9611021	0.000000
9701193	0.000000
9503219	0.000000
9702001	0.000000
9508115	0.000000
9702071	0.000000
9410131	0.000000
9702137	0.000000
9303151	0.000000
9703001	0.000000
9702177	0.000000
9703061	0.000000
9507039	0.000000
9706003	0.000000
9609081	0.000000
9706135	0.000000
9402071	0.000000
9706209	0.000000
9705235	0.000000
9708043	0.000000
9310195	0.000000
9708161	0.000000
9704033	0.000000
9710083	0.000000
9703093	0.000000
9710111	0.000000
9705171	0.000000
9710117	0.000000
9704103	0.000000
9712153	0.000000
9610071	0.000000
9712217	0.000000
9709051	0.000000
9802031	0.000000
9612193	0.000000
9802053	0.000000
9508171	0.000000
9802177	0.000000
9802131	0.000000
9804077	0.000000
9505001	0.000000
9806215	0.000000
9705195	0.000000
9807141	0.000000
9612041	0.000000
9808107	0.000000
9806145	0.000000
9811095	0.000000
9810033	0.000000
9902061	0.000000
9807073	0.000000
9903179	0.000000
9903171	0.000000
9903265	0.000000
9207087	0.000000
9906213	0.000000
9603047	0.000000
9910051	0.000000
9910009	0.000000
9910061	0.000000
9904177	0.000000
