9407087	0.002789
9802109	0.002637
9610043	0.002198
9905111	0.002194
9408099	0.001943
9510017	0.001936
9510135	0.001424
9510209	0.001421
9410167	0.001289
9601029	0.001090
9204099	0.001032
9409089	0.000947
9401139	0.000931
9803131	0.000889
9711165	0.000818
9411149	0.000774
9508143	0.000655
9910053	0.000649
9603167	0.000640
9612115	0.000607
9512077	0.000578
9802067	0.000578
9510169	0.000570
202021	0.000569
9602043	0.000568
9607201	0.000563
9306153	0.000554
9512059	0.000551
9505105	0.000550
9202057	0.000533
9603161	0.000524
9304011	0.000510
110055	0.000509
9507121	0.000485
9411057	0.000482
201253	0.000480
9802183	0.000480
9212149	0.000476
204253	0.000470
9803001	0.000463
9904207	0.000456
204089	0.000452
9812219	0.000451
9712251	0.000449
9505035	0.000449
9612121	0.000448
9903205	0.000446
9803235	0.000445
210157	0.000445
9710009	0.000444
9204083	0.000439
9911055	0.000431
9806087	0.000427
9405109	0.000426
9802051	0.000419
209241	0.000417
9604035	0.000416
9809039	0.000414
9706109	0.000411
9405029	0.000409
9909061	0.000409
9504081	0.000406
7191	0.000406
9904017	0.000403
9708147	0.000403
106113	0.000396
5031	0.000393
9206049	0.000390
9211021	0.000390
9806199	0.000389
9505161	0.000387
9607235	0.000383
9201061	0.000383
9401153	0.000380
9610191	0.000379
9510101	0.000378
9710231	0.000378
9508155	0.000376
2091	0.000375
9804085	0.000374
9702187	0.000374
9701025	0.000373
201081	0.000368
9712253	0.000367
2245	0.000367
9611173	0.000364
9511043	0.000363
9611137	0.000362
9810201	0.000362
9505075	0.000360
211245	0.000360
9509161	0.000357
9606139	0.000354
9512031	0.000353
9910219	0.000352
9908105	0.000352
202109	0.000348
9603087	0.000346
9808141	0.000346
9208047	0.000346
9603003	0.000344
9506171	0.000344
9806051	0.000343
9205027	0.000342
9805019	0.000340
11197	0.000336
9302023	0.000336
9611159	0.000336
9205089	0.000336
9304057	0.000336
5129	0.000335
9504145	0.000333
9208027	0.000332
9803015	0.000332
9912249	0.000332
9807069	0.000331
9701149	0.000331
9603081	0.000330
9306069	0.000329
2075	0.000329
9805185	0.000329
9708005	0.000328
9902121	0.000327
9206073	0.000327
9201067	0.000327
103239	0.000324
9605001	0.000324
9202011	0.000322
9602051	0.000321
9705151	0.000321
9209003	0.000321
9607163	0.000321
9705221	0.000319
9709027	0.000316
1197	0.000314
9509175	0.000310
9705131	0.000310
9807171	0.000310
303185	0.000308
205017	0.000306
9510225	0.000306
9804177	0.000306
9405107	0.000304
9209049	0.000304
9608117	0.000303
9808173	0.000302
9410073	0.000302
9403155	0.000301
9611203	0.000301
9602049	0.000301
9704151	0.000300
9309145	0.000299
9910149	0.000299
9508017	0.000297
9604179	0.000297
1113	0.000296
1033	0.000296
9604089	0.000296
9504147	0.000295
9605033	0.000295
9206007	0.000294
9610249	0.000293
9302103	0.000292
9510183	0.000290
9701037	0.000290
9803031	0.000290
9503121	0.000288
9812073	0.000287
9602135	0.000287
8001	0.000285
9210021	0.000284
9409113	0.000282
9912001	0.000281
9606185	0.000280
9701093	0.000280
9407031	0.000279
9501071	0.000279
9403195	0.000278
9309097	0.000278
9206029	0.000278
9611213	0.000278
9603061	0.000278
9605199	0.000277
9506109	0.000277
106109	0.000277
9701125	0.000275
9902115	0.000275
9808017	0.000275
1053	0.000275
4147	0.000273
9504027	0.000273
9506169	0.000273
9512181	0.000273
8241	0.000272
9603127	0.000272
9503163	0.000269
9811035	0.000268
104031	0.000268
9812031	0.000268
5067	0.000267
9506159	0.000267
110007	0.000266
9402077	0.000266
9504047	0.000265
8013	0.000265
203101	0.000264
9610193	0.000264
9612157	0.000264
9505053	0.000264
9910093	0.000263
9712257	0.000263
9811131	0.000263
9512219	0.000262
9510087	0.000262
9307049	0.000262
9602045	0.000262
9206027	0.000262
9805171	0.000262
9903225	0.000261
9305185	0.000261
9503115	0.000261
9505061	0.000260
9208007	0.000259
9807033	0.000259
9411187	0.000259
9210065	0.000259
9705117	0.000259
107177	0.000258
9606033	0.000257
9304141	0.000256
9808149	0.000256
9604119	0.000255
202179	0.000255
2211	0.000254
1203	0.000253
9506035	0.000253
9511151	0.000252
7195	0.000252
9301083	0.000252
9309013	0.000252
9707163	0.000251
9902105	0.000251
9510161	0.000251
9608025	0.000250
203211	0.000249
9707079	0.000249
9210141	0.000249
9802203	0.000249
9308027	0.000248
9503179	0.000248
9604055	0.000248
3187	0.000248
9609239	0.000248
9603133	0.000247
3075	0.000247
9401059	0.000247
9303153	0.000246
9601003	0.000245
206063	0.000245
9208059	0.000245
9908149	0.000245
9809057	0.000245
9502125	0.000243
9211053	0.000243
9309075	0.000243
9601177	0.000242
2043	0.000242
9909205	0.000242
9807087	0.000242
9603109	0.000241
209169	0.000240
9812135	0.000240
9805129	0.000239
9410237	0.000239
9603053	0.000238
9702201	0.000238
9308139	0.000238
11073	0.000237
9502077	0.000237
9803265	0.000237
102085	0.000236
212253	0.000236
9203079	0.000236
9704089	0.000235
5247	0.000235
9308153	0.000235
9812193	0.000235
9312189	0.000235
9812061	0.000234
9309055	0.000234
9803109	0.000233
9404013	0.000233
9907209	0.000233
9308045	0.000233
9606001	0.000232
9206081	0.000231
9404085	0.000231
9608019	0.000231
9911161	0.000230
207105	0.000230
9607233	0.000230
9501113	0.000229
12251	0.000229
9609017	0.000229
9103	0.000229
202111	0.000228
9707235	0.000228
9903077	0.000228
9912271	0.000227
9803231	0.000227
9603097	0.000227
9503157	0.000227
8007	0.000226
7245	0.000226
10209	0.000226
9909207	0.000226
103251	0.000226
103053	0.000226
105213	0.000226
108213	0.000226
9811113	0.000226
110061	0.000226
104019	0.000226
9407013	0.000226
9402153	0.000226
9210159	0.000226
9204051	0.000226
9304077	0.000226
9203037	0.000226
9405027	0.000226
9307113	0.000226
9511155	0.000226
9411189	0.000226
9609093	0.000226
9404169	0.000226
9610161	0.000226
9311073	0.000226
9808107	0.000226
9806145	0.000226
9811095	0.000226
9810033	0.000226
9902071	0.000226
9202047	0.000226
9209055	0.000226
10059	0.000226
102021	0.000226
205089	0.000226
9609219	0.000225
9302133	0.000225
9706089	0.000224
210121	0.000224
9812013	0.000223
9605187	0.000223
9505173	0.000223
9705219	0.000222
9909053	0.000222
111093	0.000221
9903219	0.000220
9304005	0.000220
9305133	0.000220
9401105	0.000220
3037	0.000220
9903069	0.000220
9704145	0.000220
9305043	0.000219
9210127	0.000219
9501075	0.000219
9810087	0.000219
9809147	0.000219
9505073	0.000218
9412229	0.000218
9411201	0.000216
9612017	0.000216
9704055	0.000216
206255	0.000216
9409111	0.000215
9304065	0.000215
9607207	0.000215
9604091	0.000214
9912167	0.000214
9309039	0.000214
9607049	0.000213
9309023	0.000213
9612207	0.000213
9501063	0.000213
9511173	0.000212
9902157	0.000212
9503227	0.000212
9404157	0.000211
9903107	0.000211
9505093	0.000211
9608163	0.000210
9811031	0.000210
9805131	0.000210
1071	0.000210
9706143	0.000210
9608111	0.000210
108177	0.000209
9911043	0.000209
9802007	0.000209
9711201	0.000209
111129	0.000209
105177	0.000209
9909047	0.000209
9805157	0.000209
9303123	0.000208
209079	0.000208
3255	0.000208
9707199	0.000208
9409139	0.000207
3027	0.000207
204051	0.000207
9604129	0.000207
9903249	0.000207
9205103	0.000206
108075	0.000206
9712117	0.000206
9511119	0.000206
9711027	0.000206
9512161	0.000206
9411021	0.000206
9905061	0.000205
9506019	0.000205
204183	0.000205
9705199	0.000205
3189	0.000205
9906039	0.000205
103067	0.000205
9907221	0.000205
9707133	0.000204
9710163	0.000204
106149	0.000203
9503229	0.000203
9904191	0.000203
9904095	0.000203
9608071	0.000202
9503023	0.000202
9901011	0.000202
9305047	0.000202
9402057	0.000202
11095	0.000202
9709087	0.000202
9705057	0.000202
9212033	0.000201
9507015	0.000201
9707093	0.000201
9601143	0.000201
9803067	0.000200
9412167	0.000200
9704167	0.000200
9411237	0.000200
9709107	0.000200
9511053	0.000200
9808129	0.000200
9702093	0.000200
210183	0.000200
9705091	0.000199
9811077	0.000199
9605049	0.000199
9811237	0.000199
9808101	0.000199
9807083	0.000199
9811047	0.000199
9205069	0.000199
203157	0.000198
9603009	0.000198
9912195	0.000198
9602065	0.000198
212313	0.000198
9806025	0.000198
9607149	0.000198
9311055	0.000198
9804111	0.000198
205131	0.000197
9806159	0.000197
9610107	0.000197
9712239	0.000197
9912075	0.000197
106283	0.000196
9709053	0.000196
9905001	0.000195
9603117	0.000195
9510129	0.000195
9906161	0.000195
9702155	0.000195
9201021	0.000195
2159	0.000195
9804083	0.000194
9607161	0.000194
9712095	0.000194
9903187	0.000194
9302033	0.000194
9609041	0.000194
11241	0.000193
9808139	0.000193
9201005	0.000193
11283	0.000193
9406203	0.000193
9411099	0.000193
9703031	0.000193
111261	0.000193
6071	0.000192
9207053	0.000192
9905229	0.000192
9802071	0.000192
9802015	0.000192
9606169	0.000192
9908023	0.000192
7209	0.000192
107251	0.000192
9204089	0.000192
9707175	0.000192
12143	0.000191
1041	0.000191
9905057	0.000191
9603159	0.000191
9802047	0.000191
9610167	0.000191
9607227	0.000191
9506133	0.000191
9206015	0.000191
9803135	0.000191
9509151	0.000191
9604065	0.000191
9209005	0.000190
111165	0.000190
101029	0.000190
9712071	0.000189
301183	0.000189
9801133	0.000189
9201001	0.000189
9306009	0.000189
9210105	0.000189
9404031	0.000189
9304047	0.000189
103013	0.000189
9705183	0.000188
9702015	0.000188
9709173	0.000188
9611047	0.000188
10137	0.000188
9404063	0.000188
9407167	0.000188
2237	0.000188
9701091	0.000188
9408155	0.000188
9510141	0.000188
5061	0.000188
9504019	0.000188
9406125	0.000188
7177	0.000188
9306033	0.000188
106201	0.000188
9401031	0.000187
9605085	0.000187
9402045	0.000187
9204045	0.000187
9403141	0.000187
9206033	0.000187
111189	0.000187
9606165	0.000187
112223	0.000187
9702163	0.000187
9608061	0.000187
206145	0.000186
9803263	0.000186
9208067	0.000186
9705087	0.000186
8003	0.000186
9908199	0.000186
9203043	0.000186
9212113	0.000186
9804027	0.000186
9603195	0.000186
5277	0.000186
9908171	0.000186
9510227	0.000186
112155	0.000186
5015	0.000186
103171	0.000185
9503161	0.000185
9707253	0.000185
9809027	0.000185
9409021	0.000185
9301059	0.000185
3237	0.000185
9701127	0.000184
9212145	0.000184
203265	0.000184
9403137	0.000184
9704073	0.000184
9711057	0.000184
9207095	0.000184
9709109	0.000184
9302047	0.000183
206173	0.000183
9211035	0.000183
9308075	0.000183
8151	0.000183
103023	0.000183
9708009	0.000183
110067	0.000183
111183	0.000183
9706175	0.000183
9512127	0.000183
201009	0.000182
10167	0.000182
105059	0.000182
9508131	0.000182
9605231	0.000182
9509007	0.000182
1035	0.000182
8205	0.000182
108183	0.000182
112095	0.000182
9706119	0.000182
9605009	0.000181
9701019	0.000181
9312153	0.000181
9909215	0.000181
9810165	0.000181
9901035	0.000181
9908141	0.000181
9805089	0.000181
9511207	0.000181
104037	0.000181
7043	0.000181
9510097	0.000181
105135	0.000180
9809097	0.000180
9602029	0.000180
9612087	0.000180
210249	0.000180
211053	0.000180
101187	0.000179
9610251	0.000179
9412213	0.000179
9310185	0.000179
9303143	0.000179
9806123	0.000179
105097	0.000178
9612039	0.000178
9803051	0.000178
9408083	0.000178
1137	0.000178
11017	0.000178
4119	0.000178
9707083	0.000178
9809187	0.000178
9606017	0.000178
9712185	0.000178
9408113	0.000178
9605053	0.000178
9305025	0.000177
9203039	0.000177
9503205	0.000177
9906235	0.000177
9705129	0.000177
210009	0.000177
9908019	0.000177
3117	0.000177
12213	0.000177
9306147	0.000176
9702027	0.000176
9502113	0.000176
9308083	0.000176
9907123	0.000176
9207093	0.000176
9304113	0.000176
9803061	0.000176
9604041	0.000176
5049	0.000176
205187	0.000175
205101	0.000175
203031	0.000175
202059	0.000175
9809019	0.000175
9607185	0.000175
9810099	0.000175
9303093	0.000175
9510029	0.000175
205227	0.000175
302125	0.000175
9805109	0.000175
9507115	0.000174
9601113	0.000174
9309137	0.000174
12145	0.000174
9403111	0.000174
9609045	0.000174
9803137	0.000174
9805093	0.000174
9710205	0.000174
104073	0.000173
9211097	0.000173
205311	0.000173
9704043	0.000173
4125	0.000173
3101	0.000173
106191	0.000173
6219	0.000173
9608177	0.000173
9901017	0.000172
9510117	0.000172
9701139	0.000172
9901023	0.000172
9509133	0.000172
9712197	0.000172
9403143	0.000172
107115	0.000172
9706141	0.000172
210135	0.000172
9502065	0.000171
9811089	0.000171
9307111	0.000171
9712005	0.000171
206175	0.000171
9601169	0.000171
9701123	0.000171
9404173	0.000171
101097	0.000171
9212009	0.000171
9810027	0.000171
9911001	0.000171
9806021	0.000171
9606189	0.000171
303191	0.000171
9312059	0.000171
209145	0.000170
9607099	0.000170
9702043	0.000170
9211071	0.000170
203065	0.000170
9609087	0.000170
211017	0.000170
9503079	0.000170
9706133	0.000170
9803019	0.000170
102171	0.000170
103063	0.000170
9705011	0.000169
9902131	0.000169
111075	0.000169
107039	0.000169
9706221	0.000169
3009	0.000169
9402031	0.000169
9511167	0.000169
9703059	0.000169
9405171	0.000169
9812007	0.000169
9702049	0.000169
11115	0.000169
5217	0.000169
9202053	0.000168
9910065	0.000168
4183	0.000168
12023	0.000168
203161	0.000168
9806039	0.000168
105237	0.000168
112125	0.000168
106011	0.000168
9210115	0.000168
9605109	0.000168
301091	0.000168
9208029	0.000168
9711061	0.000167
5073	0.000167
11127	0.000167
9306013	0.000167
209067	0.000167
9808035	0.000167
9205015	0.000167
9311115	0.000167
9711133	0.000167
9305181	0.000167
104005	0.000167
202077	0.000167
1083	0.000167
9606193	0.000167
5209	0.000166
9502091	0.000166
9603123	0.000166
9605229	0.000166
9704025	0.000166
9702089	0.000166
304257	0.000166
9811167	0.000166
103011	0.000166
9703217	0.000166
106127	0.000165
211257	0.000165
211259	0.000165
9403073	0.000165
9608079	0.000165
9406059	0.000165
9804009	0.000165
9901101	0.000165
9903033	0.000165
9607195	0.000165
9406105	0.000165
9812229	0.000165
9904137	0.000165
9406067	0.000164
9702025	0.000164
9905115	0.000164
9609231	0.000164
11193	0.000164
9212051	0.000164
9403179	0.000164
9811101	0.000164
9502011	0.000164
9407109	0.000164
9809031	0.000164
108187	0.000164
9202063	0.000164
204189	0.000164
9908049	0.000164
9701055	0.000163
9701061	0.000163
11187	0.000163
2067	0.000163
205257	0.000163
102207	0.000163
9812211	0.000163
9609123	0.000163
9311147	0.000163
105045	0.000163
9403173	0.000163
9503175	0.000162
9602111	0.000162
9704177	0.000162
9412195	0.000162
9410223	0.000162
9508089	0.000162
9607167	0.000162
9501057	0.000162
204147	0.000162
12141	0.000162
11125	0.000162
9704127	0.000162
4133	0.000162
101151	0.000162
9406101	0.000162
9305067	0.000162
9901149	0.000162
9707123	0.000162
9508149	0.000162
9706203	0.000162
9608007	0.000162
9705135	0.000162
9403083	0.000162
9601005	0.000162
9608085	0.000162
101073	0.000162
9812163	0.000161
9907191	0.000161
9912287	0.000161
9201003	0.000161
106089	0.000161
9207117	0.000161
9912279	0.000161
9304053	0.000161
110079	0.000161
9201007	0.000161
9809151	0.000161
9604189	0.000161
9605235	0.000160
9707217	0.000160
9402073	0.000160
9605127	0.000160
9810155	0.000160
9704049	0.000160
9802185	0.000160
9703023	0.000160
103051	0.000160
9711161	0.000160
205065	0.000160
9304131	0.000160
6163	0.000160
9903123	0.000160
9806133	0.000159
9802039	0.000159
9701069	0.000159
9605151	0.000159
10017	0.000159
9803259	0.000159
9807099	0.000159
9707189	0.000159
9906201	0.000159
105057	0.000159
301071	0.000159
9911181	0.000159
109017	0.000159
9408165	0.000158
9602027	0.000158
9701165	0.000158
9207017	0.000158
203187	0.000158
9711107	0.000158
12165	0.000158
9402107	0.000158
9705169	0.000158
9801147	0.000158
9504159	0.000158
8123	0.000158
103167	0.000158
2161	0.000158
9601041	0.000157
204033	0.000157
9305109	0.000157
9306027	0.000157
203229	0.000157
108165	0.000157
3057	0.000157
5259	0.000157
9812127	0.000157
9602073	0.000157
9909015	0.000157
9171	0.000157
9803091	0.000157
9803251	0.000157
9609145	0.000157
9901099	0.000157
4005	0.000157
109209	0.000157
9305145	0.000156
9701097	0.000156
9506105	0.000156
207245	0.000156
2007	0.000156
9219	0.000156
9908025	0.000156
9409041	0.000156
9908163	0.000156
9604139	0.000156
9704005	0.000156
107067	0.000156
9803085	0.000156
5145	0.000156
105155	0.000156
9711143	0.000156
9712047	0.000155
9711053	0.000155
9306023	0.000155
9304125	0.000155
9801195	0.000155
9508023	0.000155
2155	0.000155
9809103	0.000155
205175	0.000155
9809033	0.000155
9811093	0.000155
9401009	0.000155
9502107	0.000155
9610125	0.000155
9807137	0.000155
9205043	0.000155
102077	0.000154
9411125	0.000154
9902055	0.000154
9911041	0.000154
9601007	0.000154
9501105	0.000154
11089	0.000154
9710085	0.000154
202173	0.000154
9505095	0.000154
103061	0.000154
9210119	0.000154
9511101	0.000154
9510093	0.000153
9905223	0.000153
9710217	0.000153
10221	0.000153
204261	0.000153
104181	0.000153
9310101	0.000153
102123	0.000153
9311139	0.000153
5029	0.000153
9606061	0.000153
9510157	0.000153
207081	0.000153
9503211	0.000153
9912123	0.000153
9505007	0.000153
205251	0.000152
9204019	0.000152
2117	0.000152
9301019	0.000152
9510201	0.000152
9808075	0.000152
10113	0.000152
6111	0.000152
9908175	0.000152
9610223	0.000152
9410067	0.000152
9509173	0.000152
109179	0.000152
9712115	0.000151
9402015	0.000151
9311009	0.000151
9208031	0.000151
9612105	0.000151
110261	0.000151
9505047	0.000151
9311015	0.000151
9405117	0.000151
9701187	0.000151
9806099	0.000151
9502031	0.000151
9701137	0.000151
101219	0.000151
9610215	0.000151
9810219	0.000151
105311	0.000151
9507051	0.000151
9712149	0.000150
302013	0.000150
9503043	0.000150
9803167	0.000150
12081	0.000150
205033	0.000150
4077	0.000150
209085	0.000150
9906027	0.000150
9708003	0.000150
303095	0.000150
9701013	0.000150
107187	0.000149
9702103	0.000149
9802167	0.000149
7035	0.000149
112113	0.000149
9806179	0.000149
9906087	0.000149
9809111	0.000149
9705021	0.000149
9602175	0.000149
301011	0.000149
9601115	0.000149
9703121	0.000149
9904107	0.000149
9712211	0.000149
9311181	0.000149
9905177	0.000149
9601167	0.000149
9303057	0.000149
9803007	0.000149
9504123	0.000149
9803223	0.000149
206181	0.000149
9804123	0.000149
209235	0.000149
9810089	0.000149
9706099	0.000148
9806211	0.000148
9201013	0.000148
9607239	0.000148
9610041	0.000148
9608091	0.000148
9811257	0.000148
9512223	0.000148
9906033	0.000148
209127	0.000148
9301103	0.000148
212223	0.000148
9310179	0.000148
9711023	0.000148
204203	0.000148
102129	0.000148
9403133	0.000148
9411039	0.000148
203019	0.000148
9402005	0.000148
105117	0.000148
107109	0.000148
9605039	0.000148
9205037	0.000148
107081	0.000148
105225	0.000148
9505113	0.000147
9505027	0.000147
9412203	0.000147
9909081	0.000147
12111	0.000147
9808179	0.000147
9510175	0.000147
103215	0.000147
9302109	0.000147
9804105	0.000147
7215	0.000147
207051	0.000147
9902139	0.000147
9903207	0.000147
9805059	0.000147
12009	0.000147
9508047	0.000147
302053	0.000147
112263	0.000147
9704097	0.000147
5025	0.000147
111135	0.000147
9804063	0.000147
9706207	0.000146
106247	0.000146
105027	0.000146
9302001	0.000146
9905175	0.000146
7095	0.000146
11079	0.000146
9811019	0.000146
9602077	0.000146
9905221	0.000146
106275	0.000146
9709091	0.000146
9812247	0.000146
210291	0.000146
9303117	0.000146
9611065	0.000146
205209	0.000146
9912093	0.000146
9407027	0.000146
9804035	0.000146
212169	0.000146
9709035	0.000146
2073	0.000145
9503047	0.000145
204143	0.000145
12177	0.000145
9601077	0.000145
9508005	0.000145
110133	0.000145
9806217	0.000145
206007	0.000145
9203045	0.000145
104217	0.000145
9306067	0.000145
9603147	0.000145
9802141	0.000145
9605183	0.000145
104205	0.000145
9902205	0.000145
9606029	0.000145
9806169	0.000145
9612015	0.000145
9401121	0.000145
9711069	0.000145
9604125	0.000145
104169	0.000145
106029	0.000145
9610105	0.000145
205299	0.000144
9503057	0.000144
9608109	0.000144
202051	0.000144
9803023	0.000144
9607011	0.000144
9503207	0.000144
9601057	0.000144
9904143	0.000144
9808113	0.000144
8075	0.000144
6139	0.000144
102039	0.000144
5079	0.000144
9610155	0.000144
9189	0.000144
212079	0.000144
112023	0.000144
7089	0.000144
9305163	0.000144
211291	0.000144
9906169	0.000144
9603037	0.000144
9807235	0.000144
9506027	0.000143
303033	0.000143
108231	0.000143
210267	0.000143
9704059	0.000143
9803163	0.000143
211287	0.000143
9605059	0.000143
9702133	0.000143
9602127	0.000143
9811015	0.000143
209001	0.000143
12183	0.000143
9705163	0.000143
9807189	0.000143
9311007	0.000143
9206047	0.000143
9807153	0.000143
9404037	0.000143
9605091	0.000143
9801183	0.000143
9712053	0.000143
9203035	0.000143
9410103	0.000143
110127	0.000143
9906219	0.000142
9506011	0.000142
211149	0.000142
2223	0.000142
9911169	0.000142
9903075	0.000142
9704019	0.000142
11253	0.000142
302187	0.000142
9811193	0.000142
9311067	0.000142
101211	0.000142
301203	0.000142
9905217	0.000142
9711183	0.000142
9612005	0.000142
9406055	0.000142
9802085	0.000142
12129	0.000142
104119	0.000142
9806127	0.000142
9602167	0.000142
103179	0.000142
9309025	0.000142
9402033	0.000142
9702171	0.000142
303147	0.000142
9606181	0.000142
204171	0.000141
103155	0.000141
303087	0.000141
9706025	0.000141
9912047	0.000141
9806009	0.000141
9403069	0.000141
1215	0.000141
9607139	0.000141
9412209	0.000141
9512147	0.000141
9302129	0.000141
12179	0.000141
9310181	0.000141
4111	0.000141
9412059	0.000141
5151	0.000141
9609209	0.000141
9802023	0.000141
202113	0.000141
9310043	0.000141
302191	0.000141
208005	0.000141
110031	0.000141
208119	0.000141
9904065	0.000141
9803171	0.000140
9908115	0.000140
6203	0.000140
9807097	0.000140
101199	0.000140
9311037	0.000140
210145	0.000140
9805023	0.000140
107055	0.000140
9612051	0.000140
110271	0.000140
9807051	0.000140
9803013	0.000140
9705123	0.000140
9706047	0.000140
9812089	0.000140
9508177	0.000140
9801019	0.000140
208107	0.000140
9510111	0.000140
9804001	0.000140
9512079	0.000140
9304041	0.000139
9710007	0.000139
9305131	0.000139
9801129	0.000139
9707223	0.000139
9905085	0.000139
205321	0.000139
9201027	0.000139
211263	0.000139
8015	0.000139
9810243	0.000139
9812239	0.000139
12171	0.000139
9704013	0.000139
9408021	0.000139
207279	0.000139
9610101	0.000139
9301015	0.000139
9210037	0.000139
9609071	0.000139
9909209	0.000139
9812067	0.000139
9911211	0.000139
9505065	0.000139
9506157	0.000139
202167	0.000139
9412113	0.000139
302133	0.000139
9607109	0.000139
9305031	0.000139
9803103	0.000139
9806055	0.000139
9602089	0.000138
9809053	0.000138
9604027	0.000138
104115	0.000138
5183	0.000138
9809193	0.000138
9907139	0.000138
9511195	0.000138
9604143	0.000138
9803121	0.000138
3215	0.000138
10101	0.000138
205083	0.000138
207123	0.000138
9207065	0.000138
9509095	0.000138
110265	0.000138
9308007	0.000138
111159	0.000138
9307045	0.000138
9508137	0.000138
212007	0.000138
9211113	0.000138
9908109	0.000138
9609129	0.000138
9504097	0.000138
3183	0.000138
9506115	0.000138
9402075	0.000138
9406089	0.000138
5225	0.000138
9805191	0.000138
110021	0.000138
9603045	0.000138
206079	0.000137
9809127	0.000137
105309	0.000137
9301043	0.000137
105087	0.000137
9707091	0.000137
9509119	0.000137
9902059	0.000137
206073	0.000137
208113	0.000137
201015	0.000137
10175	0.000137
9707019	0.000137
9906069	0.000137
9904131	0.000137
9809215	0.000137
9812041	0.000137
108129	0.000137
10215	0.000137
9507023	0.000137
9903213	0.000137
9810195	0.000137
12237	0.000137
209061	0.000137
111051	0.000137
107031	0.000137
207201	0.000137
207099	0.000137
304221	0.000137
108135	0.000137
9710121	0.000137
3147	0.000137
8181	0.000136
101163	0.000136
107205	0.000136
9506079	0.000136
205067	0.000136
9506085	0.000136
9305007	0.000136
9409035	0.000136
9303147	0.000136
9303007	0.000136
9603021	0.000136
9135	0.000136
9910011	0.000136
9504021	0.000136
9804205	0.000136
304125	0.000136
9210009	0.000136
9512025	0.000136
205185	0.000136
9612011	0.000136
9505023	0.000136
9504129	0.000136
111267	0.000136
9911025	0.000136
211041	0.000136
9911115	0.000136
9912063	0.000136
9502029	0.000136
6033	0.000136
9808079	0.000136
9607215	0.000136
205245	0.000136
109213	0.000136
9909177	0.000136
9708141	0.000136
9602085	0.000136
303145	0.000136
9704029	0.000135
106155	0.000135
9801207	0.000135
9911033	0.000135
208125	0.000135
103029	0.000135
9901159	0.000135
9602031	0.000135
9810125	0.000135
9305005	0.000135
11007	0.000135
9911205	0.000135
202017	0.000135
9812157	0.000135
9402147	0.000135
1185	0.000135
9409079	0.000135
9405069	0.000135
9705037	0.000135
9705007	0.000135
9807011	0.000135
9506091	0.000135
10095	0.000135
103195	0.000135
7029	0.000135
9237	0.000135
8057	0.000134
109119	0.000134
104139	0.000134
9212115	0.000134
9801039	0.000134
9903093	0.000134
9804051	0.000134
9805051	0.000134
9709137	0.000134
9911067	0.000134
9707035	0.000134
9706191	0.000134
9801081	0.000134
9811203	0.000134
9807127	0.000134
8175	0.000134
9509141	0.000134
9212049	0.000134
9506193	0.000134
303177	0.000134
303057	0.000134
9701041	0.000134
209157	0.000134
3007	0.000134
9611039	0.000134
9505049	0.000134
9902103	0.000134
9233	0.000134
9712043	0.000134
7077	0.000134
9210117	0.000134
11013	0.000133
102111	0.000133
9406161	0.000133
3153	0.000133
9811233	0.000133
2145	0.000133
4149	0.000133
107163	0.000133
9911097	0.000133
9612117	0.000133
8091	0.000133
9912113	0.000133
210225	0.000133
9707115	0.000133
205215	0.000133
9604123	0.000133
207177	0.000133
111209	0.000133
9211059	0.000133
9503027	0.000133
9213	0.000133
9902079	0.000133
6051	0.000133
9601097	0.000133
9803193	0.000133
9411153	0.000133
9709229	0.000133
201075	0.000133
9601085	0.000133
9701079	0.000133
2037	0.000133
9405159	0.000133
205191	0.000133
12219	0.000133
9906011	0.000132
9706071	0.000132
9602097	0.000132
9812205	0.000132
9710151	0.000132
9303017	0.000132
9404151	0.000132
9202059	0.000132
1023	0.000132
9601047	0.000132
9207009	0.000132
9612131	0.000132
9911015	0.000132
9611215	0.000132
9306039	0.000132
9408077	0.000132
9711113	0.000132
9711205	0.000132
9602001	0.000132
3285	0.000132
9710067	0.000132
9709099	0.000132
9303139	0.000132
9902073	0.000132
9401145	0.000132
9901135	0.000132
9906081	0.000132
9906041	0.000132
303015	0.000132
9708163	0.000132
9805097	0.000132
9611205	0.000132
205155	0.000132
9205081	0.000132
106211	0.000132
109191	0.000132
9509123	0.000132
9806155	0.000132
1143	0.000132
9808041	0.000132
9502101	0.000132
101067	0.000131
105023	0.000131
203013	0.000131
9703041	0.000131
12267	0.000131
9803205	0.000131
4101	0.000131
9712143	0.000131
207107	0.000131
9910143	0.000131
9505149	0.000131
9209037	0.000131
211009	0.000131
9708123	0.000131
9212007	0.000131
9605193	0.000131
9408013	0.000131
9912153	0.000131
212289	0.000131
9409179	0.000131
9901009	0.000131
9409183	0.000131
9405123	0.000131
9904197	0.000131
9312045	0.000131
302199	0.000131
201165	0.000131
9709077	0.000131
112047	0.000131
9306089	0.000131
9708039	0.000131
9401021	0.000131
9508075	0.000131
205041	0.000130
101145	0.000130
9503193	0.000130
9411045	0.000130
9612231	0.000130
9809199	0.000130
111057	0.000130
302127	0.000130
9607229	0.000130
9506181	0.000130
9607041	0.000130
9904199	0.000130
9606135	0.000130
9407175	0.000130
9503017	0.000130
9203071	0.000130
9205113	0.000130
110087	0.000130
111225	0.000130
9608169	0.000130
205183	0.000130
111273	0.000130
9804159	0.000130
9309135	0.000129
106281	0.000129
9903031	0.000129
106125	0.000129
9604165	0.000129
9211099	0.000129
3025	0.000129
9507093	0.000129
6209	0.000129
9701109	0.000129
209261	0.000129
3243	0.000129
101025	0.000129
9903165	0.000129
9409185	0.000129
9912233	0.000129
106035	0.000129
9712059	0.000129
9710005	0.000129
9509109	0.000129
9412143	0.000129
9806103	0.000129
9312047	0.000129
1077	0.000129
6251	0.000129
7239	0.000129
9605211	0.000129
9401115	0.000129
9203051	0.000129
9906055	0.000129
9806095	0.000129
9811235	0.000129
9504033	0.000129
9807213	0.000129
211123	0.000129
9511047	0.000129
9702099	0.000129
9911039	0.000129
9501015	0.000128
9805041	0.000128
9204057	0.000128
105267	0.000128
9601135	0.000128
9903051	0.000128
9409167	0.000128
9507027	0.000128
9606159	0.000128
302139	0.000128
9506031	0.000128
9512187	0.000128
9712077	0.000128
9310131	0.000128
9911253	0.000128
9311157	0.000128
9506101	0.000128
10225	0.000128
9212103	0.000128
9307035	0.000128
9905165	0.000128
9702101	0.000128
9510003	0.000128
109041	0.000128
212277	0.000128
207249	0.000128
9810225	0.000128
10285	0.000128
212025	0.000127
9709071	0.000127
9909227	0.000127
9306105	0.000127
9801087	0.000127
12057	0.000127
107193	0.000127
9910041	0.000127
9310159	0.000127
10119	0.000127
104091	0.000127
9506087	0.000127
9801045	0.000127
2065	0.000127
9507105	0.000127
112045	0.000127
9804121	0.000127
103007	0.000127
9510067	0.000127
110279	0.000127
9707143	0.000127
2171	0.000127
9312179	0.000127
107151	0.000127
9803077	0.000127
9602115	0.000127
9806091	0.000127
2121	0.000127
106151	0.000127
304095	0.000126
9802191	0.000126
9710109	0.000126
107043	0.000126
9301119	0.000126
9810159	0.000126
9509047	0.000126
9403089	0.000126
303207	0.000126
9803127	0.000126
9611199	0.000126
9707259	0.000126
9908055	0.000126
3145	0.000126
9809145	0.000126
9809067	0.000126
9211109	0.000126
101109	0.000126
9711087	0.000126
202157	0.000126
103233	0.000126
9912171	0.000126
9510009	0.000126
9707013	0.000126
9707205	0.000126
9807173	0.000126
9412073	0.000126
110043	0.000126
9211047	0.000126
9612013	0.000126
9402123	0.000126
9707067	0.000126
4065	0.000126
9407019	0.000126
9705081	0.000126
10029	0.000126
9810207	0.000126
9909165	0.000126
11061	0.000126
102075	0.000126
104121	0.000126
107133	0.000126
109167	0.000126
109185	0.000126
9712041	0.000126
112011	0.000126
203037	0.000126
205005	0.000126
205035	0.000126
205239	0.000126
206061	0.000126
9412083	0.000126
9905151	0.000126
210003	0.000126
111063	0.000126
204003	0.000126
9802065	0.000126
9304017	0.000126
301053	0.000126
304185	0.000126
9204021	0.000126
9201069	0.000126
9306081	0.000126
9307095	0.000126
9304143	0.000126
9311163	0.000126
9302043	0.000126
9401067	0.000126
9307197	0.000126
9310059	0.000126
9406143	0.000126
9204033	0.000126
9505191	0.000126
9405177	0.000126
9409005	0.000126
9604029	0.000126
9701193	0.000126
9702177	0.000126
9507039	0.000126
9609081	0.000126
9706209	0.000126
9705171	0.000126
9704103	0.000126
9610071	0.000126
9802053	0.000126
9802131	0.000126
9805035	0.000126
9705195	0.000126
9807141	0.000126
9902061	0.000126
9903171	0.000126
9207087	0.000126
9906213	0.000126
9704001	0.000126
9511209	0.000126
9608043	0.000126
9805139	0.000126
9410241	0.000126
9901063	0.000126
9908007	0.000126
11033	0.000126
9612223	0.000126
208215	0.000126
106053	0.000126
102063	0.000125
9905037	0.000125
110115	0.000125
9305139	0.000125
9512129	0.000125
8081	0.000125
9708119	0.000125
206163	0.000125
202065	0.000125
9308085	0.000125
7131	0.000125
9610017	0.000125
9911081	0.000125
9901089	0.000125
7119	0.000125
9909099	0.000125
9905095	0.000125
9506163	0.000125
9407025	0.000125
9607089	0.000125
9501005	0.000125
104133	0.000125
10143	0.000125
207027	0.000125
9606087	0.000125
9804141	0.000125
4013	0.000125
9512089	0.000125
9603089	0.000125
107025	0.000125
9205031	0.000125
9711153	0.000125
9704131	0.000125
107143	0.000125
9407117	0.000125
9602017	0.000125
9308151	0.000125
9405141	0.000125
211069	0.000125
205113	0.000125
9312001	0.000124
1167	0.000124
9511065	0.000124
9601023	0.000124
9512211	0.000124
9601013	0.000124
9603051	0.000124
9704041	0.000124
9611063	0.000124
9810135	0.000124
9605121	0.000124
5127	0.000124
1159	0.000124
207143	0.000124
102081	0.000124
9812069	0.000124
8231	0.000124
203137	0.000124
105171	0.000124
9408135	0.000124
106071	0.000124
3159	0.000124
9907173	0.000124
9709019	0.000124
9510195	0.000124
209089	0.000124
204163	0.000124
212055	0.000124
9703127	0.000124
11109	0.000124
9806057	0.000124
10251	0.000124
9710119	0.000124
301135	0.000124
105261	0.000124
9911209	0.000124
9311177	0.000124
9612241	0.000124
303219	0.000124
9801021	0.000123
9403191	0.000123
7231	0.000123
104189	0.000123
9904145	0.000123
9707139	0.000123
203103	0.000123
302031	0.000123
9407157	0.000123
9409019	0.000123
9710087	0.000123
3231	0.000123
110073	0.000123
9702045	0.000123
203163	0.000123
9506135	0.000123
9801173	0.000123
9139	0.000123
11131	0.000123
8227	0.000123
212211	0.000123
9601059	0.000123
9503217	0.000123
9910095	0.000123
108159	0.000123
202187	0.000123
201243	0.000123
9509139	0.000123
9206097	0.000123
9309119	0.000123
101103	0.000122
9607107	0.000122
301137	0.000122
203231	0.000122
9705003	0.000122
9503037	0.000122
9512053	0.000122
9511191	0.000122
206001	0.000122
105015	0.000122
7023	0.000122
203253	0.000122
9408031	0.000122
9304149	0.000122
9809061	0.000122
9808061	0.000122
6091	0.000122
5007	0.000122
9605019	0.000122
9611211	0.000122
9905179	0.000122
9610005	0.000122
103191	0.000122
302181	0.000122
12093	0.000122
9802049	0.000122
9904179	0.000122
9412185	0.000122
9507045	0.000122
9701023	0.000122
9605159	0.000122
7053	0.000122
9904063	0.000122
9511071	0.000122
9710065	0.000122
9401133	0.000122
9706051	0.000122
102121	0.000122
9312069	0.000121
9705241	0.000121
10185	0.000121
9606099	0.000121
2233	0.000121
3113	0.000121
9707129	0.000121
9303005	0.000121
9803053	0.000121
9506139	0.000121
9301111	0.000121
9812097	0.000121
211103	0.000121
210207	0.000121
9805143	0.000121
9401125	0.000121
201267	0.000121
209151	0.000121
9904037	0.000121
9208035	0.000121
9606063	0.000121
105255	0.000121
110167	0.000121
9805153	0.000121
9408081	0.000121
9709017	0.000121
9606101	0.000121
9610053	0.000121
106209	0.000121
9312187	0.000121
9903217	0.000121
9909199	0.000121
9402081	0.000121
6141	0.000121
9604045	0.000121
9305093	0.000121
4103	0.000121
9806241	0.000121
9611127	0.000120
102153	0.000120
9303105	0.000120
207273	0.000120
9801165	0.000120
9905187	0.000120
111249	0.000120
9609075	0.000120
9912147	0.000120
9912165	0.000120
9303099	0.000120
9606141	0.000120
9411053	0.000120
101001	0.000120
9910243	0.000120
9405005	0.000120
206045	0.000120
9912067	0.000120
9912021	0.000120
6027	0.000120
9610035	0.000120
1089	0.000120
9905083	0.000120
9407005	0.000120
108051	0.000120
9912219	0.000120
208029	0.000120
9603057	0.000120
103005	0.000120
9408033	0.000120
302151	0.000120
9705237	0.000120
9912015	0.000120
9141	0.000120
9405057	0.000120
212051	0.000120
9706017	0.000120
9907107	0.000120
9806037	0.000120
9183	0.000120
9502141	0.000120
9407001	0.000120
9608127	0.000120
108039	0.000120
9806195	0.000120
9811249	0.000120
9803079	0.000120
3093	0.000120
9710213	0.000120
108003	0.000120
302011	0.000120
107019	0.000120
9504099	0.000120
8139	0.000120
9909201	0.000119
111179	0.000119
9301017	0.000119
9701175	0.000119
9606009	0.000119
9404171	0.000119
9703147	0.000119
8145	0.000119
9904045	0.000119
9507077	0.000119
9810051	0.000119
1027	0.000119
9707061	0.000119
9902007	0.000119
9703099	0.000119
9706167	0.000119
9607077	0.000119
4093	0.000119
9812049	0.000119
9403197	0.000119
9410049	0.000119
203235	0.000119
6009	0.000119
9905049	0.000119
205317	0.000119
201059	0.000119
9212083	0.000119
205233	0.000119
9311103	0.000119
6003	0.000119
211011	0.000119
9810123	0.000119
9306075	0.000119
9907125	0.000119
105279	0.000119
9707025	0.000119
101013	0.000119
9906141	0.000119
9702153	0.000119
9605131	0.000119
9707171	0.000119
6189	0.000119
9907095	0.000119
9503109	0.000119
9708037	0.000119
9406047	0.000118
9711037	0.000118
9506057	0.000118
9812151	0.000118
9510199	0.000118
2049	0.000118
9901161	0.000118
9809203	0.000118
106179	0.000118
9807123	0.000118
9711075	0.000118
301217	0.000118
9809001	0.000118
12041	0.000118
9903153	0.000118
9411093	0.000118
107169	0.000118
9711013	0.000118
9206035	0.000118
208163	0.000118
110189	0.000118
211029	0.000118
9307001	0.000118
9806073	0.000118
9703219	0.000118
9612165	0.000118
9308009	0.000118
9708117	0.000118
6121	0.000118
112059	0.000118
9709113	0.000118
203005	0.000118
11251	0.000118
9611151	0.000118
9702203	0.000118
7169	0.000118
9910197	0.000118
9603101	0.000118
9705093	0.000118
9612019	0.000118
201039	0.000118
9910013	0.000118
301227	0.000117
2169	0.000117
9015	0.000117
106023	0.000117
9803133	0.000117
3297	0.000117
301149	0.000117
9604199	0.000117
9803183	0.000117
9304023	0.000117
9705225	0.000117
9612021	0.000117
9405095	0.000117
9401025	0.000117
9702107	0.000117
106227	0.000117
9906009	0.000117
104035	0.000117
9511203	0.000117
111279	0.000117
2009	0.000117
205123	0.000117
9709193	0.000117
9907131	0.000117
9810179	0.000117
9612095	0.000117
303135	0.000117
9802101	0.000117
9912081	0.000117
3031	0.000117
9701151	0.000117
9203083	0.000117
9712017	0.000117
202083	0.000117
9511095	0.000117
9911037	0.000117
9508113	0.000117
9705055	0.000117
9208015	0.000117
104247	0.000117
9812199	0.000117
9212003	0.000117
3219	0.000117
104241	0.000117
3203	0.000117
211059	0.000117
108055	0.000116
8031	0.000116
4143	0.000116
207283	0.000116
208155	0.000116
9602169	0.000116
201147	0.000116
9610221	0.000116
9507155	0.000116
9711097	0.000116
205213	0.000116
9705159	0.000116
9706041	0.000116
9803115	0.000116
301229	0.000116
9312075	0.000116
9809101	0.000116
201045	0.000116
9909189	0.000116
302229	0.000116
9510083	0.000116
9909101	0.000116
9707211	0.000116
9306145	0.000116
2103	0.000116
3221	0.000116
9602179	0.000116
9909223	0.000116
112101	0.000116
9710193	0.000116
9505117	0.000116
9602145	0.000116
9906207	0.000116
9802197	0.000116
9607065	0.000116
9205041	0.000116
9907113	0.000116
9203047	0.000116
9608195	0.000116
9712215	0.000116
9405111	0.000116
206161	0.000116
9501099	0.000116
9602083	0.000116
201145	0.000116
9711055	0.000116
9806125	0.000116
4203	0.000116
9707209	0.000116
9709013	0.000116
9706021	0.000116
9504105	0.000116
9306117	0.000116
9504067	0.000116
9409011	0.000115
9803177	0.000115
9712179	0.000115
9302083	0.000115
9901139	0.000115
12033	0.000115
9902067	0.000115
204245	0.000115
9210015	0.000115
106241	0.000115
9117	0.000115
9710019	0.000115
205279	0.000115
9806085	0.000115
11217	0.000115
9502045	0.000115
108123	0.000115
102159	0.000115
9703101	0.000115
201159	0.000115
7139	0.000115
9604025	0.000115
206031	0.000115
9602163	0.000115
210105	0.000115
9506187	0.000115
6243	0.000115
9904071	0.000115
9609217	0.000115
7067	0.000115
9207103	0.000115
9811017	0.000115
111069	0.000115
9909141	0.000115
8211	0.000115
9602013	0.000115
105111	0.000115
9606123	0.000115
9808185	0.000115
9910187	0.000115
9903141	0.000115
6085	0.000115
9904029	0.000115
9911165	0.000115
9408039	0.000114
9309129	0.000114
212091	0.000114
109057	0.000114
6153	0.000114
102183	0.000114
9804057	0.000114
9803249	0.000114
9512183	0.000114
6137	0.000114
9711035	0.000114
9606049	0.000114
212343	0.000114
9504153	0.000114
9708055	0.000114
9801135	0.000114
9806235	0.000114
7047	0.000114
9508059	0.000114
9061	0.000114
104193	0.000114
9710069	0.000114
202153	0.000114
9808027	0.000114
9812035	0.000114
112257	0.000114
9301047	0.000114
9507033	0.000114
9712029	0.000114
9509163	0.000114
9405093	0.000114
2139	0.000114
11049	0.000114
3033	0.000114
6075	0.000114
12117	0.000114
9707087	0.000114
9907211	0.000114
9505089	0.000114
108157	0.000114
9201033	0.000114
201179	0.000114
9803247	0.000114
9604063	0.000114
102007	0.000114
9605181	0.000114
109099	0.000114
9507001	0.000114
302109	0.000114
9612183	0.000114
6115	0.000114
9506037	0.000114
106005	0.000114
9601053	0.000114
9605133	0.000113
9912275	0.000113
9905193	0.000113
9709047	0.000113
9405009	0.000113
212019	0.000113
6023	0.000113
9407007	0.000113
9609033	0.000113
210083	0.000113
9807135	0.000113
9302091	0.000113
112251	0.000113
9904047	0.000113
202131	0.000113
9504111	0.000113
9912099	0.000113
202207	0.000113
9509097	0.000113
9704067	0.000113
9607051	0.000113
9511153	0.000113
9610157	0.000113
211131	0.000113
201205	0.000113
9905081	0.000113
9902097	0.000113
9605107	0.000113
101157	0.000113
9812019	0.000113
9902175	0.000113
107247	0.000113
9311081	0.000113
9207039	0.000113
9811225	0.000113
212061	0.000113
9309123	0.000113
9712119	0.000113
9501135	0.000113
9208057	0.000113
206103	0.000113
9905007	0.000113
103263	0.000112
9704031	0.000112
9612143	0.000112
9705119	0.000112
204237	0.000112
9503099	0.000112
9807165	0.000112
203073	0.000112
301035	0.000112
209025	0.000112
9709065	0.000112
9812025	0.000112
9704115	0.000112
103163	0.000112
108043	0.000112
9603187	0.000112
9912243	0.000112
9803209	0.000112
9909009	0.000112
9706127	0.000112
206229	0.000112
9509079	0.000112
4173	0.000112
9910033	0.000112
9506061	0.000112
103089	0.000112
10129	0.000112
9911139	0.000112
9701121	0.000112
9508091	0.000112
7125	0.000112
9512073	0.000112
9711067	0.000112
102051	0.000112
9509073	0.000112
9601107	0.000112
9301067	0.000112
9606003	0.000112
9305099	0.000112
9511059	0.000112
9808131	0.000112
9605061	0.000112
9501049	0.000112
4115	0.000112
9709119	0.000112
9908181	0.000112
9502053	0.000112
9902001	0.000112
9611103	0.000112
9410041	0.000112
9203019	0.000112
8049	0.000112
9705127	0.000112
9610237	0.000111
3261	0.000111
9607037	0.000111
9907029	0.000111
9710241	0.000111
9912133	0.000111
9302117	0.000111
109053	0.000111
9404061	0.000111
9901049	0.000111
104079	0.000111
9511221	0.000111
9902151	0.000111
9609105	0.000111
9801123	0.000111
9703051	0.000111
9510171	0.000111
9509105	0.000111
9810237	0.000111
9404187	0.000111
9805215	0.000111
9611145	0.000111
101043	0.000111
9704187	0.000111
9809211	0.000111
9403119	0.000111
9909021	0.000111
202011	0.000111
9204095	0.000111
9906075	0.000111
9805101	0.000111
9711127	0.000111
9904109	0.000111
9406155	0.000111
9812027	0.000111
9902051	0.000111
9912207	0.000111
9707073	0.000111
9811107	0.000111
9805125	0.000111
9712125	0.000111
107061	0.000111
9707109	0.000111
103069	0.000111
9609003	0.000111
7107	0.000111
9211011	0.000111
9609063	0.000111
9802099	0.000111
9907167	0.000111
1125	0.000111
9510213	0.000111
9211	0.000111
9702111	0.000111
9909045	0.000111
212193	0.000110
9708127	0.000110
9512081	0.000110
9607083	0.000110
9803039	0.000110
207117	0.000110
302097	0.000110
9605011	0.000110
10223	0.000110
9911011	0.000110
9802083	0.000110
111263	0.000110
9908013	0.000110
9812071	0.000110
102009	0.000110
9604103	0.000110
9812139	0.000110
9610077	0.000110
9310151	0.000110
107099	0.000110
9804143	0.000110
210153	0.000110
9610037	0.000110
9706107	0.000110
206115	0.000110
9912003	0.000110
9910185	0.000110
109029	0.000110
212121	0.000110
9602107	0.000110
9312105	0.000110
209055	0.000110
9808191	0.000110
11151	0.000110
9805047	0.000110
9409173	0.000110
9803145	0.000110
9902011	0.000110
304239	0.000110
11077	0.000110
9807185	0.000110
9701081	0.000110
9508071	0.000110
9404191	0.000110
9905211	0.000110
9802179	0.000110
9606191	0.000110
204015	0.000110
107037	0.000110
109107	0.000110
9510155	0.000110
5087	0.000110
12075	0.000110
104043	0.000110
7197	0.000110
207231	0.000110
9910221	0.000110
9609137	0.000110
8143	0.000110
9302049	0.000110
3061	0.000110
9208041	0.000110
206151	0.000109
9306163	0.000109
201183	0.000109
9411177	0.000109
208095	0.000109
112227	0.000109
209073	0.000109
9801159	0.000109
9705009	0.000109
9711117	0.000109
112119	0.000109
9503083	0.000109
9405143	0.000109
110187	0.000109
112103	0.000109
206241	0.000109
9707185	0.000109
9807225	0.000109
9710097	0.000109
207111	0.000109
9906023	0.000109
11107	0.000109
9904011	0.000109
101091	0.000109
9512145	0.000109
9409023	0.000109
9811173	0.000109
112041	0.000109
9511133	0.000109
304263	0.000109
9803217	0.000109
7199	0.000109
3045	0.000109
9706097	0.000109
9708015	0.000109
104097	0.000109
9201059	0.000109
9905079	0.000109
9811191	0.000109
9910047	0.000109
9212075	0.000109
9808161	0.000109
8127	0.000109
9902173	0.000109
10279	0.000109
112029	0.000109
9904087	0.000109
9912183	0.000109
203249	0.000109
208209	0.000109
5239	0.000109
4109	0.000109
204225	0.000109
206029	0.000109
9712113	0.000109
9704195	0.000109
9706009	0.000109
9701169	0.000109
212233	0.000109
9712221	0.000109
9611001	0.000109
9407067	0.000109
9903087	0.000109
9806193	0.000109
9812037	0.000109
2191	0.000108
9905043	0.000108
12189	0.000108
9407155	0.000108
9503133	0.000108
9805071	0.000108
9301097	0.000108
104049	0.000108
9908079	0.000108
9901119	0.000108
9509103	0.000108
10179	0.000108
9601065	0.000108
9602151	0.000108
204057	0.000108
9811251	0.000108
9710105	0.000108
1017	0.000108
1001	0.000108
211179	0.000108
9703197	0.000108
9708051	0.000108
9907155	0.000108
9404175	0.000108
9910245	0.000108
9511157	0.000108
9309027	0.000108
9207005	0.000108
9810075	0.000108
9502057	0.000108
9912027	0.000108
9808045	0.000108
9412131	0.000108
9710127	0.000108
9506043	0.000108
203257	0.000108
9805155	0.000108
9705211	0.000108
9610139	0.000108
9912285	0.000108
9911147	0.000108
9706105	0.000108
9802029	0.000108
203169	0.000108
9603135	0.000108
9711015	0.000108
103095	0.000108
9707151	0.000108
9611165	0.000108
202005	0.000108
112137	0.000108
9810199	0.000108
208203	0.000108
209129	0.000108
203259	0.000108
9812115	0.000108
9505183	0.000107
201135	0.000107
11043	0.000107
9903029	0.000107
9407061	0.000107
9905125	0.000107
9510033	0.000107
11175	0.000107
302141	0.000107
9312171	0.000107
9811053	0.000107
9702127	0.000107
9910263	0.000107
303075	0.000107
9602105	0.000107
9909033	0.000107
208101	0.000107
210231	0.000107
6103	0.000107
9406029	0.000107
9405193	0.000107
9503127	0.000107
9711081	0.000107
9601011	0.000107
9901079	0.000107
9504095	0.000107
8079	0.000107
9512173	0.000107
203085	0.000107
9807105	0.000107
9308129	0.000107
104229	0.000107
9607071	0.000107
108225	0.000107
7161	0.000107
201093	0.000107
9704215	0.000107
9910215	0.000107
10071	0.000107
9612063	0.000107
202071	0.000107
9310113	0.000107
9710175	0.000107
301089	0.000107
9909129	0.000107
210239	0.000107
9904125	0.000107
111013	0.000107
9507141	0.000107
112183	0.000107
9706225	0.000107
9605173	0.000106
9702081	0.000106
9902199	0.000106
206169	0.000106
112053	0.000106
205149	0.000106
9802173	0.000106
9712111	0.000106
3137	0.000106
7203	0.000106
9509001	0.000106
108153	0.000106
9212045	0.000106
4155	0.000106
9912141	0.000106
105183	0.000106
1131	0.000106
202135	0.000106
101035	0.000106
9708099	0.000106
107145	0.000106
9510069	0.000106
6249	0.000106
9021	0.000106
9610089	0.000106
6147	0.000106
201109	0.000106
9909147	0.000106
9706095	0.000106
9804069	0.000106
9702105	0.000106
9509137	0.000106
105129	0.000106
9902187	0.000106
9809133	0.000106
9609225	0.000106
9911013	0.000106
9506179	0.000106
212303	0.000106
9203061	0.000106
9903057	0.000106
9810129	0.000106
9205085	0.000106
2175	0.000106
104153	0.000106
303035	0.000106
9706091	0.000106
9711003	0.000106
9605215	0.000106
9195	0.000106
205161	0.000106
304011	0.000106
9703065	0.000105
211075	0.000105
112167	0.000105
9812055	0.000105
105141	0.000105
105315	0.000105
302075	0.000105
105039	0.000105
108141	0.000105
3217	0.000105
9505041	0.000105
4011	0.000105
9912019	0.000105
9601173	0.000105
3263	0.000105
9709151	0.000105
9701027	0.000105
9811119	0.000105
4187	0.000105
6069	0.000105
9508011	0.000105
10257	0.000105
9705189	0.000105
9610057	0.000105
5265	0.000105
9304101	0.000105
5169	0.000105
9703083	0.000105
209265	0.000105
9910131	0.000105
9810105	0.000105
7173	0.000105
9303159	0.000105
9805179	0.000105
9306111	0.000105
4097	0.000105
107079	0.000105
9209043	0.000105
9903027	0.000105
10023	0.000105
106081	0.000105
9708085	0.000105
9608049	0.000105
9406213	0.000105
10051	0.000105
205077	0.000105
211203	0.000105
9811169	0.000105
3177	0.000105
202137	0.000105
9603033	0.000105
9603069	0.000105
9702165	0.000105
105081	0.000105
207267	0.000105
9710001	0.000105
9610149	0.000105
9307039	0.000105
9802119	0.000105
9411025	0.000105
10269	0.000105
9601101	0.000105
9907119	0.000105
9908187	0.000105
8133	0.000105
206013	0.000105
110109	0.000105
9710037	0.000105
7065	0.000105
9904173	0.000105
9912007	0.000104
110211	0.000104
9602103	0.000104
9505017	0.000104
106001	0.000104
210075	0.000104
9208053	0.000104
9505091	0.000104
9705139	0.000104
205011	0.000104
9701115	0.000104
301041	0.000104
202101	0.000104
9203065	0.000104
9907071	0.000104
9009	0.000104
108021	0.000104
9612009	0.000104
9612101	0.000104
9912151	0.000104
9701073	0.000104
9812059	0.000104
9608173	0.000104
204063	0.000104
9412095	0.000104
9105	0.000104
103143	0.000104
9405087	0.000104
9909011	0.000104
101011	0.000104
9908001	0.000104
9308097	0.000104
9906225	0.000104
9910035	0.000104
5223	0.000104
9804129	0.000104
9611235	0.000104
9609035	0.000104
110241	0.000104
9706129	0.000104
9608053	0.000104
9087	0.000104
9606117	0.000104
9802113	0.000104
9505107	0.000104
7147	0.000104
11099	0.000104
208071	0.000104
9607057	0.000104
212081	0.000104
104259	0.000104
9507135	0.000104
9512043	0.000104
9807183	0.000104
9610151	0.000104
102155	0.000104
208161	0.000104
209115	0.000104
207173	0.000103
9904041	0.000103
202041	0.000103
9210107	0.000103
105159	0.000103
9804151	0.000103
9907065	0.000103
4063	0.000103
9709155	0.000103
205195	0.000103
9507017	0.000103
9512121	0.000103
9701087	0.000103
9707009	0.000103
9610195	0.000103
107229	0.000103
9606015	0.000103
212133	0.000103
9905127	0.000103
206139	0.000103
9411205	0.000103
3163	0.000103
9611125	0.000103
212217	0.000103
9711197	0.000103
8125	0.000103
5077	0.000103
202023	0.000103
5187	0.000103
9703149	0.000103
206223	0.000103
206067	0.000103
9710049	0.000103
105243	0.000103
110191	0.000103
9707203	0.000103
9210121	0.000103
112089	0.000103
204069	0.000103
9911199	0.000103
302037	0.000103
9510197	0.000103
6047	0.000103
9811139	0.000103
111087	0.000103
9902031	0.000103
103093	0.000103
9603099	0.000103
3249	0.000103
9704051	0.000103
3063	0.000103
9704037	0.000103
9712201	0.000103
205259	0.000103
201127	0.000103
5097	0.000103
5253	0.000103
9901137	0.000103
9610045	0.000103
9611175	0.000103
9608017	0.000103
1221	0.000103
9412191	0.000103
9703107	0.000103
9308019	0.000103
4089	0.000103
207243	0.000103
210159	0.000103
9912135	0.000103
9408041	0.000103
205179	0.000103
9809109	0.000103
205221	0.000103
205297	0.000103
9405121	0.000103
105005	0.000103
109065	0.000103
9501003	0.000102
211271	0.000102
9406017	0.000102
103115	0.000102
9705193	0.000102
108101	0.000102
9612229	0.000102
9202065	0.000102
9208077	0.000102
9905089	0.000102
301215	0.000102
3005	0.000102
102045	0.000102
9512105	0.000102
9403041	0.000102
204039	0.000102
201099	0.000102
203043	0.000102
9904167	0.000102
9509035	0.000102
9907101	0.000102
9907189	0.000102
201063	0.000102
9903091	0.000102
9910071	0.000102
211269	0.000102
9604105	0.000102
9811245	0.000102
301095	0.000102
9906119	0.000102
9512139	0.000102
204111	0.000102
9507159	0.000102
9911091	0.000102
9310125	0.000102
9606051	0.000102
9311019	0.000102
209037	0.000102
9804021	0.000102
202053	0.000102
9810189	0.000102
3171	0.000102
208041	0.000102
9804061	0.000102
7011	0.000102
304143	0.000102
110169	0.000102
9803141	0.000102
102105	0.000102
9609207	0.000102
12249	0.000102
9207105	0.000102
9207067	0.000102
9906057	0.000102
10283	0.000102
9705075	0.000102
210311	0.000102
9511051	0.000102
107007	0.000102
9507143	0.000102
9408127	0.000102
9509019	0.000102
9903243	0.000102
9809005	0.000102
9611163	0.000102
9805141	0.000102
9910167	0.000102
103209	0.000102
301161	0.000102
9808039	0.000102
210217	0.000102
9609161	0.000101
110157	0.000101
7019	0.000101
9809169	0.000101
9709227	0.000101
6213	0.000101
9805209	0.000101
9911085	0.000101
203151	0.000101
3213	0.000101
9803111	0.000101
209139	0.000101
9302035	0.000101
204025	0.000101
9210099	0.000101
202197	0.000101
11097	0.000101
3029	0.000101
9508107	0.000101
204129	0.000101
9301037	0.000101
102181	0.000101
101049	0.000101
8169	0.000101
212095	0.000101
9712147	0.000101
9607007	0.000101
9307011	0.000101
8089	0.000101
109137	0.000101
5111	0.000101
103185	0.000101
9805095	0.000101
304167	0.000101
9606155	0.000101
210309	0.000101
3067	0.000101
9505009	0.000101
203079	0.000101
304131	0.000101
9802107	0.000101
9711005	0.000101
9308115	0.000101
9501059	0.000101
9904149	0.000101
9806209	0.000101
9406131	0.000101
9410091	0.000101
9801033	0.000101
104081	0.000101
9711093	0.000101
9710235	0.000101
9511055	0.000101
9812099	0.000101
9612211	0.000101
9910265	0.000101
5267	0.000101
9501103	0.000101
9508013	0.000101
11063	0.000101
11201	0.000101
9907009	0.000101
12119	0.000101
9911059	0.000101
12103	0.000101
5249	0.000101
104165	0.000101
9606137	0.000101
9906113	0.000101
12253	0.000101
3079	0.000101
203159	0.000101
110155	0.000101
9902135	0.000101
9609029	0.000101
9805057	0.000101
207233	0.000101
9905171	0.000101
9903247	0.000101
112213	0.000101
211153	0.000101
9303083	0.000101
301169	0.000101
303175	0.000101
212129	0.000101
9207059	0.000101
9207029	0.000101
9208019	0.000101
9308087	0.000101
9311041	0.000101
9305071	0.000101
9304147	0.000101
9401101	0.000101
9404137	0.000101
9410021	0.000101
9410111	0.000101
9412067	0.000101
9411001	0.000101
9209015	0.000101
9504163	0.000101
9409171	0.000101
9508037	0.000101
9604049	0.000101
9604135	0.000101
9602003	0.000101
9605189	0.000101
9503219	0.000101
9703001	0.000101
9703061	0.000101
9706003	0.000101
9705235	0.000101
9710111	0.000101
9710117	0.000101
9712153	0.000101
9801059	0.000101
9508171	0.000101
9802177	0.000101
9806215	0.000101
9612041	0.000101
9807073	0.000101
9903179	0.000101
9903265	0.000101
9603047	0.000101
102195	0.000101
209099	0.000101
9510189	0.000101
9511041	0.000101
102137	0.000101
9605065	0.000101
9708021	0.000101
9912177	0.000101
9808189	0.000101
110121	0.000101
9703137	0.000101
209019	0.000100
9303013	0.000100
9310191	0.000100
9211041	0.000100
9612025	0.000100
302197	0.000100
9704157	0.000100
9609153	0.000100
5055	0.000100
9511171	0.000100
103041	0.000100
9605223	0.000100
9211121	0.000100
9307161	0.000100
9905157	0.000100
9403187	0.000100
9706053	0.000100
9909027	0.000100
9704079	0.000100
9506023	0.000100
301101	0.000100
105037	0.000100
105303	0.000100
9410199	0.000100
9811215	0.000100
9804131	0.000100
9904015	0.000100
112005	0.000100
9706063	0.000100
9309151	0.000100
9403067	0.000100
9710223	0.000100
9509115	0.000100
9911089	0.000100
207037	0.000100
9209115	0.000100
9907047	0.000100
9408075	0.000100
9703009	0.000100
9510055	0.000100
209153	0.000100
203119	0.000100
106213	0.000100
9806003	0.000100
7083	0.000100
211209	0.000100
112071	0.000100
9805165	0.000100
9804125	0.000100
212145	0.000100
9707041	0.000100
9812121	0.000100
9705053	0.000100
5133	0.000100
9811141	0.000100
109077	0.000100
105069	0.000100
9902037	0.000100
9501077	0.000100
9404115	0.000100
9812213	0.000100
9606199	0.000100
9410143	0.000100
9505077	0.000100
9512013	0.000100
9703209	0.000100
9611007	0.000100
9412155	0.000100
12137	0.000100
9704109	0.000099
9204017	0.000099
105291	0.000099
210147	0.000099
204009	0.000099
7113	0.000099
9507063	0.000099
9610029	0.000099
9803055	0.000099
9702159	0.000099
9411009	0.000099
9610059	0.000099
9604131	0.000099
5139	0.000099
9502155	0.000099
209201	0.000099
6117	0.000099
7175	0.000099
9910237	0.000099
9209031	0.000099
302087	0.000099
9809121	0.000099
9709029	0.000099
101217	0.000099
212043	0.000099
9808037	0.000099
106107	0.000099
9604083	0.000099
9809021	0.000099
110259	0.000099
203007	0.000099
9501101	0.000099
9906243	0.000099
9310095	0.000099
9903183	0.000099
1209	0.000099
110289	0.000099
9706197	0.000099
9612195	0.000099
9701163	0.000099
9205003	0.000099
9401069	0.000099
9703191	0.000099
105063	0.000099
8167	0.000099
110075	0.000099
9409069	0.000099
9911135	0.000099
9811005	0.000099
9906153	0.000099
9808143	0.000099
206127	0.000099
9704171	0.000099
9705229	0.000099
9212153	0.000099
9811083	0.000099
9210003	0.000099
9706023	0.000099
301117	0.000099
9511077	0.000099
9810057	0.000099
105249	0.000099
206021	0.000099
102157	0.000099
9907027	0.000099
9601119	0.000099
9805083	0.000099
204195	0.000099
9607113	0.000099
303223	0.000099
209217	0.000099
9602155	0.000099
9501093	0.000099
9911193	0.000099
9705165	0.000099
105299	0.000099
211137	0.000099
110173	0.000099
9807091	0.000099
9906051	0.000099
11019	0.000099
9301029	0.000099
9610011	0.000099
7007	0.000099
9407091	0.000098
9502089	0.000098
209223	0.000098
303063	0.000098
9805013	0.000098
102099	0.000098
9704143	0.000098
9410141	0.000098
9903239	0.000098
9906105	0.000098
9410225	0.000098
110049	0.000098
9075	0.000098
9310041	0.000098
208023	0.000098
9404007	0.000098
8119	0.000098
9705147	0.000098
9404113	0.000098
9804087	0.000098
9910239	0.000098
9409187	0.000098
9608015	0.000098
12069	0.000098
9811217	0.000098
11247	0.000098
9605003	0.000098
9709083	0.000098
8033	0.000098
9707049	0.000098
9912187	0.000098
103031	0.000098
9711099	0.000098
9707097	0.000098
9209007	0.000098
9803211	0.000098
9602087	0.000098
9209023	0.000098
9705069	0.000098
9507113	0.000098
9607243	0.000098
9710233	0.000098
9704169	0.000098
5019	0.000098
9903147	0.000098
303231	0.000098
106193	0.000098
301131	0.000098
9608035	0.000098
210281	0.000098
9309115	0.000098
9607019	0.000098
9912225	0.000098
9703095	0.000098
9606077	0.000098
9504093	0.000098
9906099	0.000098
12135	0.000098
9812091	0.000098
9512175	0.000098
9905121	0.000098
8073	0.000098
9801075	0.000098
9205071	0.000098
9912069	0.000098
9411179	0.000098
9612171	0.000098
112197	0.000098
9604173	0.000098
9411141	0.000098
9304087	0.000098
9802005	0.000098
9805105	0.000098
9811059	0.000098
9611233	0.000098
108179	0.000097
9505157	0.000097
9710243	0.000097
9702079	0.000097
9712091	0.000097
9412221	0.000097
9310197	0.000097
9708049	0.000097
9807111	0.000097
9901107	0.000097
102083	0.000097
9908065	0.000097
9712089	0.000097
106161	0.000097
9612089	0.000097
212331	0.000097
9903135	0.000097
9503045	0.000097
9612159	0.000097
9801057	0.000097
9706217	0.000097
9503019	0.000097
9612219	0.000097
9401061	0.000097
9812103	0.000097
9603095	0.000097
110103	0.000097
9212157	0.000097
9301003	0.000097
9510027	0.000097
12195	0.000097
9805137	0.000097
9410115	0.000097
9703179	0.000097
3197	0.000097
6225	0.000097
9803157	0.000097
9404133	0.000097
110143	0.000097
9605051	0.000097
4017	0.000097
204027	0.000097
9801205	0.000097
9811111	0.000097
9912291	0.000097
9503097	0.000097
211113	0.000097
9710203	0.000097
9503181	0.000097
9808053	0.000097
12039	0.000097
9812109	0.000097
109173	0.000097
205047	0.000097
7075	0.000097
11139	0.000097
212069	0.000097
9905181	0.000097
9211107	0.000097
304085	0.000097
112173	0.000097
208047	0.000097
9708165	0.000097
9304071	0.000097
9609237	0.000097
9606195	0.000097
9401007	0.000097
9210081	0.000097
111127	0.000097
9407163	0.000097
112147	0.000097
9906127	0.000097
9303103	0.000097
5235	0.000097
208187	0.000097
302049	0.000097
112185	0.000097
9810021	0.000097
9307075	0.000097
9901077	0.000097
9907215	0.000097
9903021	0.000097
105123	0.000097
9804045	0.000096
9501081	0.000096
209193	0.000096
9907011	0.000096
9912129	0.000096
9710183	0.000096
9505175	0.000096
9911103	0.000096
9810161	0.000096
102201	0.000096
209049	0.000096
9810117	0.000096
9503061	0.000096
9607017	0.000096
211197	0.000096
9812101	0.000096
207257	0.000096
203061	0.000096
9704021	0.000096
9604011	0.000096
9503103	0.000096
9612153	0.000096
303249	0.000096
9506207	0.000096
9904019	0.000096
9605077	0.000096
9802033	0.000096
9805029	0.000096
204079	0.000096
9808119	0.000096
9412187	0.000096
112161	0.000096
9204071	0.000096
9908121	0.000096
9301113	0.000096
9404179	0.000096
9906015	0.000096
203241	0.000096
110247	0.000096
9906129	0.000096
203277	0.000096
9412119	0.000096
9909219	0.000096
202203	0.000096
9509037	0.000096
9505067	0.000096
9403113	0.000096
9910055	0.000096
204249	0.000096
12053	0.000096
9805175	0.000096
108245	0.000096
9710247	0.000096
1103	0.000095
9710123	0.000095
9504053	0.000095
9611193	0.000095
9507169	0.000095
111015	0.000095
9191	0.000095
9805217	0.000095
9708045	0.000095
202191	0.000095
9907203	0.000095
4195	0.000095
9711189	0.000095
210219	0.000095
112221	0.000095
107073	0.000095
211181	0.000095
9707215	0.000095
107185	0.000095
208035	0.000095
106269	0.000095
9807063	0.000095
212187	0.000095
9801073	0.000095
9704061	0.000095
108111	0.000095
9502071	0.000095
2217	0.000095
9706005	0.000095
9802041	0.000095
9909153	0.000095
212181	0.000095
9611169	0.000095
109025	0.000095
9202021	0.000095
6099	0.000095
5053	0.000095
9812093	0.000095
9704193	0.000095
5125	0.000095
9406207	0.000095
9902125	0.000095
9611019	0.000095
304035	0.000095
203247	0.000095
9912155	0.000095
9407023	0.000095
3131	0.000095
109067	0.000095
9909123	0.000095
201257	0.000095
9411027	0.000095
9506089	0.000095
9610179	0.000095
111033	0.000095
7153	0.000095
107167	0.000095
9511131	0.000095
9501127	0.000095
107049	0.000095
9305097	0.000095
8177	0.000095
203217	0.000095
9911221	0.000095
9511081	0.000095
9508053	0.000095
9903237	0.000095
206247	0.000095
9707247	0.000095
212199	0.000095
9609201	0.000095
9610131	0.000095
6201	0.000095
9412017	0.000095
9904203	0.000095
5199	0.000094
110301	0.000094
9302121	0.000094
302211	0.000094
1107	0.000094
9509013	0.000094
9901053	0.000094
9803139	0.000094
9609059	0.000094
10275	0.000094
9605013	0.000094
203049	0.000094
9905015	0.000094
9702051	0.000094
9405089	0.000094
9605145	0.000094
9604059	0.000094
9411087	0.000094
9508165	0.000094
206085	0.000094
9503187	0.000094
8071	0.000094
204117	0.000094
110229	0.000094
9710165	0.000094
9205059	0.000094
9211049	0.000094
9210109	0.000094
9706087	0.000094
9611149	0.000094
9809179	0.000094
9802127	0.000094
105093	0.000094
9806139	0.000094
9707241	0.000094
9604161	0.000094
9509113	0.000094
9803117	0.000094
9901041	0.000094
209205	0.000094
11271	0.000094
9801105	0.000094
9508045	0.000094
6057	0.000094
106245	0.000094
9305079	0.000094
9911109	0.000094
9806163	0.000094
8235	0.000094
9511145	0.000094
10107	0.000094
106065	0.000094
9502025	0.000094
12201	0.000094
209043	0.000094
302019	0.000094
9910205	0.000094
105195	0.000094
9811209	0.000094
111207	0.000094
208065	0.000094
208003	0.000094
9507013	0.000094
9603111	0.000094
8203	0.000094
206097	0.000094
9506211	0.000094
9605163	0.000094
9908043	0.000094
9909183	0.000094
303255	0.000094
1213	0.000094
9412149	0.000094
9811195	0.000094
9602071	0.000094
303237	0.000094
303153	0.000094
9203067	0.000094
9312087	0.000094
9612255	0.000094
108147	0.000094
9707099	0.000093
11141	0.000093
6035	0.000093
9902195	0.000093
9808077	0.000093
9612103	0.000093
9093	0.000093
107001	0.000093
106203	0.000093
9509025	0.000093
7183	0.000093
9701043	0.000093
9602157	0.000093
9910091	0.000093
9411165	0.000093
5245	0.000093
9201019	0.000093
9309141	0.000093
9503067	0.000093
9243	0.000093
9711019	0.000093
11027	0.000093
9810227	0.000093
9911187	0.000093
9910155	0.000093
9710179	0.000093
9711083	0.000093
201005	0.000093
9509061	0.000093
103221	0.000093
9505071	0.000093
203093	0.000093
9704137	0.000093
203109	0.000093
9153	0.000093
108045	0.000093
104223	0.000093
9303133	0.000093
9908193	0.000093
9512157	0.000093
105035	0.000093
2151	0.000093
208227	0.000093
9601035	0.000093
2193	0.000093
103139	0.000093
9409119	0.000093
9505051	0.000093
9806121	0.000093
7071	0.000093
9912255	0.000093
101007	0.000093
11029	0.000093
9901155	0.000093
9612069	0.000093
8249	0.000093
207139	0.000093
9908031	0.000093
201003	0.000093
9703007	0.000093
9903053	0.000093
9607035	0.000093
9412053	0.000093
9704205	0.000093
9412161	0.000093
205177	0.000093
9808001	0.000093
203139	0.000093
9609159	0.000093
9412127	0.000093
9708103	0.000093
201125	0.000093
9709079	0.000093
9805045	0.000093
9512057	0.000093
11225	0.000093
205173	0.000093
106221	0.000093
9609019	0.000093
9805159	0.000093
302105	0.000093
5001	0.000093
7243	0.000093
9904089	0.000093
9705209	0.000092
9908085	0.000092
9602061	0.000092
9709143	0.000092
9812175	0.000092
9904133	0.000092
102147	0.000092
202107	0.000092
9708135	0.000092
9711191	0.000092
9704165	0.000092
9409137	0.000092
9901059	0.000092
9807169	0.000092
204083	0.000092
9307099	0.000092
9801121	0.000092
110223	0.000092
106117	0.000092
111153	0.000092
9303111	0.000092
211023	0.000092
9802069	0.000092
6175	0.000092
303009	0.000092
104227	0.000092
9411041	0.000092
108189	0.000092
9702075	0.000092
103047	0.000092
9911229	0.000092
9912111	0.000092
9412241	0.000092
9411195	0.000092
9310085	0.000092
9607005	0.000092
9410187	0.000092
103101	0.000092
9803175	0.000092
3051	0.000092
9802143	0.000092
205293	0.000092
201177	0.000092
9611181	0.000092
5221	0.000092
9709133	0.000092
212215	0.000092
9403121	0.000092
9081	0.000092
204071	0.000092
9607129	0.000092
9403047	0.000092
304119	0.000092
301059	0.000092
9901045	0.000092
9039	0.000092
9407099	0.000092
9504127	0.000092
9803199	0.000092
9807207	0.000092
205143	0.000092
9706195	0.000092
203025	0.000092
9604147	0.000092
111177	0.000092
10233	0.000092
5147	0.000092
9706077	0.000092
9804039	0.000092
9805107	0.000092
9705045	0.000092
9803119	0.000092
9912267	0.000092
9302119	0.000092
9501111	0.000092
105009	0.000092
9412215	0.000092
210093	0.000092
9709139	0.000092
9805145	0.000091
106077	0.000091
304101	0.000091
9912125	0.000091
103021	0.000091
9907053	0.000091
9912009	0.000091
10205	0.000091
9706193	0.000091
203267	0.000091
208197	0.000091
9512177	0.000091
8061	0.000091
9712173	0.000091
105229	0.000091
9210069	0.000091
207135	0.000091
6151	0.000091
9903203	0.000091
9804093	0.000091
9206061	0.000091
304093	0.000091
4137	0.000091
9506113	0.000091
9502021	0.000091
1173	0.000091
9912239	0.000091
9612141	0.000091
9709067	0.000091
9410235	0.000091
304041	0.000091
101037	0.000091
12123	0.000091
9707075	0.000091
9609195	0.000091
112149	0.000091
9912257	0.000091
9810113	0.000091
9405187	0.000091
212031	0.000091
212231	0.000091
9801189	0.000091
9702009	0.000091
9512007	0.000091
9209041	0.000091
209181	0.000091
9412165	0.000091
9905133	0.000091
9305083	0.000091
3081	0.000091
106061	0.000091
106171	0.000091
9306119	0.000091
9902163	0.000091
9805005	0.000091
9711073	0.000091
205121	0.000091
103043	0.000091
1029	0.000091
11091	0.000091
201213	0.000091
9806115	0.000091
9805069	0.000091
9407193	0.000091
9904059	0.000091
9807081	0.000091
201197	0.000091
9802073	0.000091
212175	0.000091
303093	0.000091
9301125	0.000091
5229	0.000091
9708033	0.000091
203271	0.000091
6157	0.000091
9604097	0.000091
9912079	0.000091
9903113	0.000091
9905075	0.000091
8103	0.000091
112169	0.000091
9811155	0.000090
9206103	0.000090
109155	0.000090
9405015	0.000090
9306161	0.000090
9904121	0.000090
105001	0.000090
201027	0.000090
9307155	0.000090
9706113	0.000090
9304083	0.000090
9402129	0.000090
10287	0.000090
9303149	0.000090
9606153	0.000090
9607153	0.000090
11093	0.000090
9607023	0.000090
9210045	0.000090
204045	0.000090
9806005	0.000090
9910089	0.000090
9310137	0.000090
9411105	0.000090
9702189	0.000090
9806097	0.000090
302223	0.000090
207009	0.000090
9310025	0.000090
9809055	0.000090
3211	0.000090
9501065	0.000090
205301	0.000090
9810171	0.000090
206017	0.000090
9811149	0.000090
9706137	0.000090
9505033	0.000090
7149	0.000090
209255	0.000090
101115	0.000090
2205	0.000090
11085	0.000090
9510063	0.000090
9910161	0.000090
9309003	0.000090
9810069	0.000090
101101	0.000090
206059	0.000090
9711181	0.000090
4067	0.000090
9401099	0.000090
9804117	0.000090
9510237	0.000090
9611003	0.000090
9601071	0.000090
9403077	0.000090
9905025	0.000090
206141	0.000090
9604197	0.000090
9607203	0.000090
212271	0.000090
2021	0.000090
9901095	0.000090
12011	0.000090
110171	0.000090
9705027	0.000090
204049	0.000090
9510143	0.000090
9608145	0.000089
9703077	0.000089
9309033	0.000089
9410005	0.000089
9603183	0.000089
101135	0.000089
9608009	0.000089
211095	0.000089
9605055	0.000089
9705153	0.000089
9611061	0.000089
9502059	0.000089
12115	0.000089
9910129	0.000089
7145	0.000089
9101	0.000089
112093	0.000089
9407169	0.000089
9611091	0.000089
9906231	0.000089
9804011	0.000089
9608133	0.000089
9812237	0.000089
9205039	0.000089
1005	0.000089
6237	0.000089
112233	0.000089
105321	0.000089
9249	0.000089
204159	0.000089
9507009	0.000089
110201	0.000089
207255	0.000089
210081	0.000089
107121	0.000089
9903201	0.000089
7211	0.000089
104055	0.000089
9910101	0.000089
206091	0.000089
211189	0.000089
9805065	0.000089
203055	0.000089
101105	0.000089
9512061	0.000089
205023	0.000089
9404001	0.000089
212295	0.000089
106069	0.000089
9210033	0.000089
9306017	0.000089
9402039	0.000089
9309045	0.000089
9606039	0.000089
9204003	0.000089
9511083	0.000089
105207	0.000089
9510229	0.000089
9507171	0.000089
9612201	0.000089
9412227	0.000089
9506103	0.000089
9806119	0.000089
1025	0.000089
9511125	0.000089
9201015	0.000089
102093	0.000089
9506083	0.000089
9612225	0.000089
205103	0.000089
108219	0.000089
9507057	0.000089
9709049	0.000089
9706131	0.000089
9903173	0.000089
211289	0.000089
9905055	0.000089
9710199	0.000089
9410065	0.000089
9902181	0.000089
9905205	0.000089
8055	0.000089
9411081	0.000089
2061	0.000089
11111	0.000089
9301053	0.000089
9503235	0.000089
112215	0.000088
204093	0.000088
9406013	0.000088
9212121	0.000088
110283	0.000088
301143	0.000088
9203009	0.000088
301167	0.000088
304083	0.000088
206187	0.000088
8019	0.000088
9502129	0.000088
9810147	0.000088
111217	0.000088
9407055	0.000088
9903231	0.000088
9607125	0.000088
9302061	0.000088
4019	0.000088
9308043	0.000088
204201	0.000088
9811157	0.000088
9609021	0.000088
9311187	0.000088
9305115	0.000088
9905215	0.000088
9607187	0.000088
9205065	0.000088
9165	0.000088
9803253	0.000088
9609037	0.000088
303193	0.000088
12185	0.000088
4095	0.000088
3277	0.000088
9803229	0.000088
201173	0.000088
110113	0.000088
9610023	0.000088
9711095	0.000088
9309105	0.000088
3273	0.000088
9709023	0.000088
9406083	0.000088
304005	0.000088
9205009	0.000088
9601037	0.000088
9059	0.000088
207171	0.000088
9906165	0.000088
9908073	0.000088
12015	0.000088
206193	0.000088
4185	0.000088
9204075	0.000088
9404077	0.000088
9509075	0.000088
9805075	0.000088
301233	0.000088
110235	0.000088
9506077	0.000088
101003	0.000088
9405003	0.000088
9810063	0.000088
9412069	0.000088
203081	0.000088
9305055	0.000088
9307071	0.000088
9506121	0.000088
9705063	0.000088
9809181	0.000088
9907035	0.000088
9411163	0.000088
9505101	0.000088
9911031	0.000088
9903149	0.000088
9301077	0.000088
9911243	0.000087
9507111	0.000087
9604155	0.000087
4107	0.000087
9701085	0.000087
103189	0.000087
111201	0.000087
9910109	0.000087
9710149	0.000087
9806151	0.000087
203135	0.000087
6231	0.000087
210187	0.000087
104143	0.000087
9712011	0.000087
9704095	0.000087
9510221	0.000087
9901039	0.000087
9702039	0.000087
103071	0.000087
111281	0.000087
9703119	0.000087
8171	0.000087
302007	0.000087
9309021	0.000087
101085	0.000087
9810035	0.000087
9312175	0.000087
9502047	0.000087
9312207	0.000087
108203	0.000087
9907133	0.000087
9710103	0.000087
9905155	0.000087
9711045	0.000087
9710181	0.000087
9404071	0.000087
9406033	0.000087
9806011	0.000087
210297	0.000087
109131	0.000087
9404109	0.000087
9302079	0.000087
205269	0.000087
205125	0.000087
9304155	0.000087
11037	0.000087
9706101	0.000087
210255	0.000087
9607141	0.000087
5271	0.000087
9505011	0.000087
104147	0.000087
9612085	0.000087
112065	0.000087
302091	0.000087
9710041	0.000087
9801125	0.000087
6171	0.000087
9503055	0.000087
9912205	0.000087
109063	0.000087
302017	0.000087
9710207	0.000087
9310029	0.000087
9805173	0.000087
9811057	0.000087
9211095	0.000087
6093	0.000087
9803049	0.000087
9207051	0.000087
9709215	0.000087
10281	0.000087
9807093	0.000087
9710091	0.000087
5175	0.000087
9709101	0.000087
9902013	0.000087
9711111	0.000087
101031	0.000087
9212067	0.000087
9401123	0.000087
301119	0.000086
9208037	0.000086
9904171	0.000086
9708081	0.000086
9811189	0.000086
3069	0.000086
9811227	0.000086
9609053	0.000086
9808071	0.000086
203191	0.000086
106047	0.000086
303183	0.000086
303081	0.000086
9908157	0.000086
4085	0.000086
9705099	0.000086
201171	0.000086
9611055	0.000086
9612233	0.000086
107199	0.000086
206043	0.000086
9207015	0.000086
9705205	0.000086
209163	0.000086
9906135	0.000086
101083	0.000086
112151	0.000086
9905103	0.000086
9809085	0.000086
9906193	0.000086
9902095	0.000086
9611147	0.000086
9505083	0.000086
204153	0.000086
108061	0.000086
9910121	0.000086
9612027	0.000086
212057	0.000086
106041	0.000086
9502051	0.000086
9712049	0.000086
108201	0.000086
9608039	0.000086
9208011	0.000086
9504009	0.000086
9410217	0.000086
9609089	0.000086
9408065	0.000086
9810081	0.000086
9608125	0.000086
9910123	0.000086
9707027	0.000086
9903105	0.000086
9401163	0.000086
210061	0.000086
9704057	0.000086
9504149	0.000086
4049	0.000086
9706059	0.000086
9201017	0.000086
9712241	0.000086
9603015	0.000086
11023	0.000086
101201	0.000086
210167	0.000086
9707169	0.000086
105257	0.000086
5159	0.000086
9804199	0.000086
4131	0.000086
9807195	0.000086
9412179	0.000086
9710239	0.000086
110057	0.000086
9605113	0.000086
9609189	0.000086
9504069	0.000086
9909163	0.000086
9404177	0.000086
104235	0.000086
101055	0.000086
105075	0.000086
1191	0.000086
101121	0.000086
204255	0.000086
210027	0.000086
9212055	0.000086
9408153	0.000086
9412197	0.000086
9408105	0.000086
9608115	0.000086
9404145	0.000086
9807201	0.000086
9908205	0.000086
9910181	0.000086
9704035	0.000086
9902109	0.000086
9609147	0.000085
9511017	0.000085
4071	0.000085
9703071	0.000085
9812043	0.000085
9607219	0.000085
9911007	0.000085
107013	0.000085
106031	0.000085
9311079	0.000085
9411077	0.000085
9706179	0.000085
9712145	0.000085
9706173	0.000085
110107	0.000085
304191	0.000085
9905031	0.000085
2123	0.000085
9805015	0.000085
210301	0.000085
105109	0.000085
209247	0.000085
9905073	0.000085
9403185	0.000085
9911163	0.000085
11021	0.000085
9807129	0.000085
106095	0.000085
9804189	0.000085
9710101	0.000085
108007	0.000085
9902211	0.000085
9712107	0.000085
210029	0.000085
112141	0.000085
1201	0.000085
9407049	0.000085
106287	0.000085
1065	0.000085
9708159	0.000085
9608157	0.000085
9807117	0.000085
9603011	0.000085
9806109	0.000085
106215	0.000085
9903267	0.000085
9603143	0.000085
9707017	0.000085
211227	0.000085
9612083	0.000085
9512085	0.000085
9603177	0.000085
9704175	0.000085
104021	0.000085
108229	0.000085
9210123	0.000085
9312129	0.000085
9909085	0.000085
9904005	0.000085
9710129	0.000085
9211029	0.000085
9407137	0.000085
5091	0.000085
112035	0.000085
9302037	0.000085
9710131	0.000085
212265	0.000085
9412033	0.000085
109101	0.000085
9502137	0.000085
9612111	0.000085
9910023	0.000085
112013	0.000085
9411015	0.000085
208011	0.000085
9712155	0.000085
9802061	0.000085
9601069	0.000084
9510039	0.000084
9401127	0.000084
204123	0.000084
9909041	0.000084
209057	0.000084
9605037	0.000084
8199	0.000084
9910251	0.000084
9608093	0.000084
205303	0.000084
9808117	0.000084
9803005	0.000084
110093	0.000084
106105	0.000084
9905119	0.000084
9312159	0.000084
9301005	0.000084
105307	0.000084
9710073	0.000084
9812235	0.000084
9712235	0.000084
2195	0.000084
9901003	0.000084
9912181	0.000084
9407089	0.000084
9206055	0.000084
9707157	0.000084
9610205	0.000084
9611079	0.000084
206109	0.000084
9702087	0.000084
212275	0.000084
9801051	0.000084
9710209	0.000084
9504115	0.000084
9804003	0.000084
203251	0.000084
9408141	0.000084
9506145	0.000084
9512153	0.000084
204243	0.000084
203021	0.000084
9701065	0.000084
9803237	0.000084
209103	0.000084
103257	0.000084
9210017	0.000084
7101	0.000084
9904189	0.000084
5211	0.000084
9410137	0.000084
9801151	0.000084
9905149	0.000084
9809095	0.000084
9912105	0.000084
108207	0.000084
9410205	0.000084
9506205	0.000084
207003	0.000084
9911061	0.000084
9809119	0.000084
9906189	0.000084
9507075	0.000084
109127	0.000084
9311027	0.000084
303165	0.000084
204099	0.000084
9501033	0.000084
9211137	0.000084
304053	0.000084
9802017	0.000084
9507123	0.000084
9702083	0.000084
9708157	0.000084
9711123	0.000084
9907143	0.000084
9808069	0.000084
9310155	0.000084
9805113	0.000084
9602067	0.000084
9803107	0.000084
106045	0.000084
9909121	0.000084
9209045	0.000084
206205	0.000084
303115	0.000084
205107	0.000084
9503033	0.000084
301179	0.000084
9801093	0.000084
9909075	0.000084
9604167	0.000084
206025	0.000084
207149	0.000083
9909087	0.000083
3085	0.000083
109121	0.000083
209229	0.000083
9803043	0.000083
9404139	0.000083
8043	0.000083
9906215	0.000083
9911125	0.000083
102033	0.000083
9912169	0.000083
211277	0.000083
208131	0.000083
9910017	0.000083
9306035	0.000083
9409101	0.000083
9605079	0.000083
9507003	0.000083
9504057	0.000083
9709221	0.000083
10041	0.000083
9803097	0.000083
9605101	0.000083
206155	0.000083
9402093	0.000083
9608013	0.000083
9911063	0.000083
201189	0.000083
4165	0.000083
101127	0.000083
212067	0.000083
9812047	0.000083
9909065	0.000083
9903253	0.000083
9711163	0.000083
9808125	0.000083
2025	0.000083
9610113	0.000083
9604077	0.000083
9211119	0.000083
104203	0.000083
11001	0.000083
9910001	0.000083
9206037	0.000083
110097	0.000083
9912229	0.000083
9608005	0.000083
9911111	0.000083
9603151	0.000083
9051	0.000083
106055	0.000083
11259	0.000083
211241	0.000083
103077	0.000083
5115	0.000083
9507005	0.000083
9223	0.000083
108211	0.000083
7109	0.000083
9903121	0.000083
9608183	0.000083
102035	0.000083
9304055	0.000083
9402119	0.000083
106133	0.000083
9902045	0.000083
9710215	0.000083
9910179	0.000083
9802149	0.000083
9809037	0.000083
9903195	0.000083
9408019	0.000083
9401001	0.000083
211223	0.000083
107057	0.000083
9305091	0.000083
9911079	0.000083
9405007	0.000083
7137	0.000083
9903223	0.000083
108185	0.000083
301107	0.000083
9908189	0.000083
9147	0.000083
9512189	0.000083
9706155	0.000083
9910267	0.000083
9703125	0.000083
111119	0.000083
9311097	0.000083
109069	0.000083
211065	0.000083
108099	0.000083
9207073	0.000082
4041	0.000082
304169	0.000082
3135	0.000082
9811033	0.000082
9806175	0.000082
302163	0.000082
209059	0.000082
9612213	0.000082
9812033	0.000082
9906029	0.000082
9905139	0.000082
9205011	0.000082
9409169	0.000082
9705175	0.000082
9608059	0.000082
12061	0.000082
206049	0.000082
9809091	0.000082
102135	0.000082
9510021	0.000082
9910169	0.000082
102113	0.000082
9207111	0.000082
9808159	0.000082
9403175	0.000082
108133	0.000082
9411219	0.000082
9403007	0.000082
9706163	0.000082
9501031	0.000082
5021	0.000082
9903081	0.000082
112195	0.000082
205305	0.000082
9812085	0.000082
9507153	0.000082
1129	0.000082
9911157	0.000082
9911057	0.000082
5085	0.000082
9712073	0.000082
9605035	0.000082
9612221	0.000082
9307139	0.000082
9902019	0.000082
207261	0.000082
9610087	0.000082
9709095	0.000082
9812167	0.000082
9408049	0.000082
2235	0.000082
211221	0.000082
304197	0.000082
9902153	0.000082
9904113	0.000082
9404019	0.000082
303141	0.000082
302093	0.000082
9502083	0.000082
105113	0.000082
303021	0.000082
6229	0.000082
12051	0.000082
9210013	0.000082
9903045	0.000082
205003	0.000082
9801169	0.000082
8223	0.000082
9806143	0.000082
3123	0.000082
111099	0.000082
111079	0.000082
112253	0.000082
11205	0.000082
9502161	0.000082
9802125	0.000082
9705035	0.000082
204091	0.000082
105163	0.000082
9901071	0.000082
9405113	0.000082
9601089	0.000082
9409107	0.000082
1047	0.000082
201227	0.000082
10197	0.000082
6105	0.000082
208167	0.000082
9310047	0.000082
107265	0.000082
203067	0.000082
9603073	0.000082
205037	0.000082
2181	0.000082
9709033	0.000082
9804183	0.000082
9403147	0.000082
11163	0.000081
9712087	0.000081
9907023	0.000081
9405099	0.000081
9406065	0.000081
9708065	0.000081
9211105	0.000081
9505031	0.000081
9404059	0.000081
9705061	0.000081
9304035	0.000081
9308013	0.000081
9702191	0.000081
109059	0.000081
207207	0.000081
9201039	0.000081
201221	0.000081
9510219	0.000081
9406209	0.000081
9501069	0.000081
9806001	0.000081
1011	0.000081
9702195	0.000081
3195	0.000081
106143	0.000081
9606045	0.000081
9712177	0.000081
211161	0.000081
9411051	0.000081
9511073	0.000081
9207	0.000081
9511227	0.000081
11289	0.000081
208141	0.000081
9210149	0.000081
9312111	0.000081
206221	0.000081
102173	0.000081
9605115	0.000081
9602109	0.000081
7189	0.000081
6123	0.000081
9904119	0.000081
9502147	0.000081
103197	0.000081
9801099	0.000081
9609031	0.000081
9606105	0.000081
204231	0.000081
11067	0.000081
9811179	0.000081
9708087	0.000081
9905097	0.000081
9905053	0.000081
9806069	0.000081
3269	0.000081
9508117	0.000081
9705105	0.000081
9909103	0.000081
6193	0.000081
9510153	0.000081
9901125	0.000081
9804095	0.000081
9710079	0.000081
9909225	0.000081
8221	0.000081
9304029	0.000081
107157	0.000081
304155	0.000081
205281	0.000081
9403129	0.000081
303225	0.000081
9708153	0.000081
9905195	0.000081
9806007	0.000081
210229	0.000081
9301107	0.000081
9310167	0.000081
105153	0.000081
9510109	0.000081
9906101	0.000081
9404065	0.000081
9905147	0.000081
105105	0.000081
104045	0.000081
9801061	0.000081
1097	0.000081
9806229	0.000081
9411231	0.000080
9911019	0.000080
9507087	0.000080
209133	0.000080
9510177	0.000080
210111	0.000080
9810107	0.000080
9501085	0.000080
9908151	0.000080
9603201	0.000080
9703163	0.000080
9712033	0.000080
12105	0.000080
9304059	0.000080
9704091	0.000080
9609079	0.000080
8023	0.000080
112143	0.000080
302175	0.000080
105115	0.000080
206211	0.000080
208179	0.000080
9611075	0.000080
112109	0.000080
9906083	0.000080
9410025	0.000080
11031	0.000080
108117	0.000080
9905163	0.000080
9808005	0.000080
9199	0.000080
110145	0.000080
9801069	0.000080
103245	0.000080
9812209	0.000080
105127	0.000080
4141	0.000080
9409017	0.000080
9212091	0.000080
3141	0.000080
9604149	0.000080
103203	0.000080
212307	0.000080
9902091	0.000080
9608099	0.000080
212177	0.000080
304215	0.000080
109197	0.000080
4083	0.000080
9609111	0.000080
9401091	0.000080
2063	0.000080
9506075	0.000080
103099	0.000080
10005	0.000080
9905011	0.000080
9801171	0.000080
9205053	0.000080
9303081	0.000080
9711159	0.000080
9503137	0.000080
9510207	0.000080
9710025	0.000080
102029	0.000080
6235	0.000080
9911105	0.000080
9508101	0.000080
9611115	0.000080
9803187	0.000080
108063	0.000080
11145	0.000080
9911087	0.000080
205079	0.000080
9405153	0.000080
9712085	0.000080
9406053	0.000080
207247	0.000080
9512179	0.000080
9806075	0.000080
9712065	0.000080
9811041	0.000079
6087	0.000079
3129	0.000079
2187	0.000079
205053	0.000079
9611197	0.000079
209187	0.000079
9311085	0.000079
9606027	0.000079
9710023	0.000079
9806149	0.000079
9912033	0.000079
7017	0.000079
210195	0.000079
210237	0.000079
101099	0.000079
211071	0.000079
9703211	0.000079
10047	0.000079
9308109	0.000079
9307089	0.000079
10191	0.000079
9312003	0.000079
8141	0.000079
110277	0.000079
9111	0.000079
9506007	0.000079
9708115	0.000079
8237	0.000079
9903117	0.000079
9802037	0.000079
109105	0.000079
9909039	0.000079
8157	0.000079
10091	0.000079
9910113	0.000079
206005	0.000079
9904169	0.000079
105151	0.000079
9611123	0.000079
10035	0.000079
303205	0.000079
9612081	0.000079
9611067	0.000079
9905135	0.000079
106195	0.000079
301017	0.000079
104175	0.000079
303039	0.000079
9704147	0.000079
9710147	0.000079
9702117	0.000079
5163	0.000079
105083	0.000079
104103	0.000079
9704197	0.000079
106233	0.000079
9707037	0.000079
9609167	0.000079
209013	0.000079
9406173	0.000079
9203025	0.000079
212151	0.000079
9707001	0.000079
208165	0.000079
9610243	0.000079
7015	0.000079
9711203	0.000079
9604071	0.000079
9802003	0.000079
9210147	0.000079
9906063	0.000079
3199	0.000079
210087	0.000079
11269	0.000079
107175	0.000079
212123	0.000079
9910191	0.000079
9712193	0.000079
9811221	0.000079
9901109	0.000079
9907149	0.000079
103083	0.000079
9908135	0.000079
11223	0.000079
9704199	0.000079
2157	0.000079
3087	0.000079
9903129	0.000079
209051	0.000079
102041	0.000079
9605157	0.000079
9710027	0.000079
107063	0.000079
9412233	0.000079
109089	0.000079
212135	0.000079
9508041	0.000079
9609141	0.000079
9505005	0.000079
9611013	0.000079
9309099	0.000079
211155	0.000078
9305037	0.000078
9909031	0.000078
9408129	0.000078
5241	0.000078
9909213	0.000078
101235	0.000078
9703131	0.000078
11235	0.000078
1039	0.000078
9811161	0.000078
9812051	0.000078
5283	0.000078
9502143	0.000078
109097	0.000078
2029	0.000078
9709043	0.000078
205275	0.000078
112131	0.000078
9912269	0.000078
9608103	0.000078
9511039	0.000078
110193	0.000078
109161	0.000078
9303051	0.000078
303073	0.000078
203193	0.000078
9404185	0.000078
9707245	0.000078
9402003	0.000078
9906111	0.000078
9703017	0.000078
9906151	0.000078
9611121	0.000078
9601161	0.000078
9505059	0.000078
9908139	0.000078
9506189	0.000078
9610019	0.000078
9099	0.000078
204167	0.000078
210213	0.000078
9507137	0.000078
9908127	0.000078
103075	0.000078
209253	0.000078
103161	0.000078
9804135	0.000078
9306141	0.000078
9910077	0.000078
9703005	0.000078
5205	0.000078
103105	0.000078
9407111	0.000078
9304161	0.000078
10203	0.000078
9903085	0.000078
9512005	0.000078
9704133	0.000078
9406175	0.000078
11103	0.000078
9712245	0.000078
9310011	0.000078
9508077	0.000078
9712133	0.000078
111025	0.000078
9903039	0.000078
301185	0.000078
9306123	0.000078
9203023	0.000078
9808153	0.000078
6247	0.000078
9403011	0.000078
9710055	0.000078
11133	0.000078
9706031	0.000078
302221	0.000078
9504117	0.000078
8053	0.000078
9303039	0.000078
9510075	0.000078
302193	0.000078
3139	0.000078
7179	0.000078
9612097	0.000078
2239	0.000078
203039	0.000078
202151	0.000078
9512101	0.000078
9301075	0.000078
9901057	0.000078
9701185	0.000078
9510007	0.000078
9804165	0.000078
9805181	0.000078
9501007	0.000078
203091	0.000078
1121	0.000078
304259	0.000078
201225	0.000078
9708075	0.000077
102069	0.000077
9902033	0.000077
9907197	0.000077
1179	0.000077
104095	0.000077
9205095	0.000077
9901121	0.000077
9410013	0.000077
9408029	0.000077
111149	0.000077
1149	0.000077
9407085	0.000077
9401017	0.000077
9804033	0.000077
9212019	0.000077
209109	0.000077
101027	0.000077
9412029	0.000077
9701067	0.000077
9904077	0.000077
9201011	0.000077
9812133	0.000077
201237	0.000077
12153	0.000077
303069	0.000077
9505045	0.000077
9608065	0.000077
9711177	0.000077
301013	0.000077
9908051	0.000077
9310035	0.000077
9607155	0.000077
105201	0.000077
9906159	0.000077
9512203	0.000077
110111	0.000077
209225	0.000077
9204063	0.000077
9302073	0.000077
208099	0.000077
9704011	0.000077
208117	0.000077
9502009	0.000077
9806141	0.000077
202193	0.000077
9411049	0.000077
9807009	0.000077
9703111	0.000077
9708093	0.000077
111027	0.000077
8253	0.000077
9607047	0.000077
104071	0.000077
11121	0.000077
9503093	0.000077
110099	0.000077
9806079	0.000077
9907017	0.000077
108105	0.000077
206033	0.000077
105215	0.000077
101079	0.000077
9609205	0.000077
9907087	0.000077
303089	0.000077
9905159	0.000077
302121	0.000077
12147	0.000077
9307101	0.000077
106239	0.000077
9908037	0.000077
303159	0.000077
9403065	0.000077
108221	0.000077
10089	0.000077
211101	0.000077
11003	0.000077
205249	0.000077
108119	0.000077
9601163	0.000077
201037	0.000077
9207091	0.000077
303243	0.000077
211233	0.000077
102079	0.000077
6039	0.000077
9906049	0.000077
9611107	0.000077
203099	0.000077
205135	0.000077
9911177	0.000077
104067	0.000077
203227	0.000077
9808029	0.000077
5121	0.000077
10093	0.000076
9810101	0.000076
9601179	0.000076
9301099	0.000076
9905227	0.000076
9610047	0.000076
8173	0.000076
9703167	0.000076
9902155	0.000076
9802163	0.000076
6015	0.000076
9810213	0.000076
9709059	0.000076
9411129	0.000076
9606133	0.000076
201069	0.000076
9411063	0.000076
8067	0.000076
9609165	0.000076
9812223	0.000076
9412117	0.000076
9810251	0.000076
9711009	0.000076
9801063	0.000076
207033	0.000076
9506177	0.000076
9712167	0.000076
9310031	0.000076
9201051	0.000076
9602079	0.000076
104177	0.000076
110019	0.000076
8121	0.000076
9712035	0.000076
106131	0.000076
111195	0.000076
9406215	0.000076
9710141	0.000076
9610201	0.000076
9701015	0.000076
107181	0.000076
9712103	0.000076
12225	0.000076
303105	0.000076
207029	0.000076
9411135	0.000076
9412065	0.000076
209175	0.000076
9407125	0.000076
201057	0.000076
9411215	0.000076
3227	0.000076
9905145	0.000076
9611223	0.000076
9407033	0.000076
301005	0.000076
9209099	0.000076
201141	0.000076
107147	0.000076
9902169	0.000076
9711179	0.000076
101065	0.000076
9711089	0.000076
210243	0.000076
210141	0.000076
210269	0.000076
9307175	0.000076
12131	0.000076
203083	0.000076
9907019	0.000076
302063	0.000076
9309107	0.000076
11009	0.000076
106173	0.000076
9607119	0.000076
9706125	0.000076
9303131	0.000076
205147	0.000076
210077	0.000076
10083	0.000076
9607173	0.000076
9805117	0.000076
9909095	0.000076
9801141	0.000076
9305019	0.000076
304233	0.000076
103235	0.000076
9604113	0.000076
8097	0.000076
203199	0.000076
9812187	0.000076
9401079	0.000076
9604013	0.000076
105049	0.000076
9310071	0.000076
9506067	0.000076
9501141	0.000076
9812169	0.000076
109147	0.000076
9811021	0.000076
9601141	0.000076
9411047	0.000076
9609181	0.000076
2023	0.000076
7205	0.000076
211185	0.000075
9612119	0.000075
9611133	0.000075
8037	0.000075
208059	0.000075
9405051	0.000075
9611041	0.000075
9407079	0.000075
9601155	0.000075
9406035	0.000075
9708057	0.000075
9410085	0.000075
9907219	0.000075
9512115	0.000075
9808023	0.000075
9512055	0.000075
109125	0.000075
302205	0.000075
9911021	0.000075
9007	0.000075
9904073	0.000075
304059	0.000075
9409009	0.000075
7227	0.000075
9605149	0.000075
9310163	0.000075
210313	0.000075
9912161	0.000075
9708129	0.000075
9703165	0.000075
9710043	0.000075
9181	0.000075
9811071	0.000075
9803257	0.000075
206047	0.000075
9605097	0.000075
112193	0.000075
9405067	0.000075
9901143	0.000075
12087	0.000075
105033	0.000075
9909111	0.000075
9711171	0.000075
9811213	0.000075
9910125	0.000075
9210011	0.000075
9503209	0.000075
9903229	0.000075
6041	0.000075
9708111	0.000075
9411225	0.000075
9803169	0.000075
9610177	0.000075
9907225	0.000075
107117	0.000075
9505127	0.000075
9812181	0.000075
9301035	0.000075
8039	0.000075
9302123	0.000075
9401157	0.000075
9033	0.000075
9607095	0.000075
9504083	0.000075
106205	0.000075
204103	0.000075
9605233	0.000075
9501037	0.000075
9709123	0.000075
9612169	0.000075
103227	0.000075
103125	0.000075
304071	0.000075
1055	0.000075
302067	0.000075
201129	0.000075
9605073	0.000075
5037	0.000075
9609027	0.000075
9504015	0.000075
9405135	0.000075
9605103	0.000075
6145	0.000075
9702077	0.000075
207119	0.000075
103103	0.000075
9308037	0.000075
6045	0.000075
101205	0.000075
9610241	0.000075
9306073	0.000075
302137	0.000075
9305125	0.000075
203165	0.000075
9608055	0.000075
9502017	0.000075
9902089	0.000075
110181	0.000075
301001	0.000075
10247	0.000075
9202061	0.000075
9206043	0.000075
10125	0.000075
9712191	0.000075
3099	0.000075
9311021	0.000075
9711039	0.000075
110089	0.000075
9608073	0.000075
9802195	0.000075
10263	0.000075
9212005	0.000075
9510149	0.000075
212259	0.000075
104141	0.000075
211167	0.000075
9705111	0.000075
9308145	0.000075
212329	0.000075
9508095	0.000075
1133	0.000075
6215	0.000075
9404149	0.000074
9910083	0.000074
202033	0.000074
5013	0.000074
9501125	0.000074
9712015	0.000074
9704129	0.000074
9512091	0.000074
9605043	0.000074
9910079	0.000074
9401167	0.000074
205137	0.000074
9606177	0.000074
9809073	0.000074
9803027	0.000074
9901117	0.000074
9901093	0.000074
9803173	0.000074
8095	0.000074
9706183	0.000074
301125	0.000074
103247	0.000074
9208003	0.000074
9209085	0.000074
9405173	0.000074
105051	0.000074
4181	0.000074
201017	0.000074
9704077	0.000074
9808177	0.000074
9402113	0.000074
9909043	0.000074
9703201	0.000074
9901131	0.000074
2031	0.000074
6181	0.000074
106167	0.000074
9412035	0.000074
9907077	0.000074
12255	0.000074
9307143	0.000074
9807065	0.000074
102023	0.000074
2019	0.000074
9805081	0.000074
9707179	0.000074
112043	0.000074
9503025	0.000074
101119	0.000074
9612237	0.000074
9306011	0.000074
9704211	0.000074
9303027	0.000074
9802089	0.000074
9904141	0.000074
107103	0.000074
9706139	0.000074
9912045	0.000074
9612249	0.000074
9703185	0.000074
9612003	0.000074
304269	0.000074
9019	0.000074
9606129	0.000074
211195	0.000074
9412023	0.000074
9709161	0.000074
6029	0.000074
9404143	0.000074
9902183	0.000074
303049	0.000074
9704161	0.000074
9801023	0.000074
9905137	0.000074
104059	0.000074
9807007	0.000074
9903063	0.000074
9702003	0.000074
9412159	0.000074
101209	0.000074
9208065	0.000074
202171	0.000074
9304091	0.000074
9509145	0.000074
303117	0.000074
110151	0.000074
9308127	0.000074
9807025	0.000074
9712227	0.000074
9209073	0.000074
9705107	0.000074
9411207	0.000074
9604017	0.000074
208083	0.000074
9308057	0.000074
9027	0.000074
9309011	0.000074
9611049	0.000074
9708063	0.000074
2143	0.000074
9805197	0.000074
9803189	0.000074
9207027	0.000074
9307005	0.000074
7041	0.000073
9910019	0.000073
303241	0.000073
9603075	0.000073
9901025	0.000073
5017	0.000073
9812009	0.000073
6005	0.000073
111231	0.000073
9123	0.000073
9905169	0.000073
9806221	0.000073
209003	0.000073
9702205	0.000073
9807039	0.000073
9308005	0.000073
10105	0.000073
9905105	0.000073
9608187	0.000073
107245	0.000073
105091	0.000073
207183	0.000073
9309093	0.000073
9702109	0.000073
9406179	0.000073
9410061	0.000073
102151	0.000073
211281	0.000073
201249	0.000073
301213	0.000073
10155	0.000073
9605197	0.000073
9303033	0.000073
101107	0.000073
108009	0.000073
9705103	0.000073
9602139	0.000073
211047	0.000073
6165	0.000073
9505029	0.000073
8247	0.000073
201175	0.000073
209195	0.000073
9710013	0.000073
212139	0.000073
9904023	0.000073
9609069	0.000073
3119	0.000073
9811201	0.000073
9409095	0.000073
111039	0.000073
9309147	0.000073
9903059	0.000073
109035	0.000073
9609183	0.000073
9904155	0.000073
9512103	0.000073
9708095	0.000073
9912235	0.000073
2085	0.000073
101161	0.000073
9410209	0.000073
9804015	0.000073
9507165	0.000073
9408073	0.000073
11113	0.000073
9608011	0.000073
211055	0.000073
9605031	0.000073
202127	0.000073
9606025	0.000073
205119	0.000073
9707207	0.000073
105193	0.000073
9203013	0.000073
212083	0.000073
9605029	0.000073
9304063	0.000073
9802155	0.000073
203201	0.000073
9804101	0.000073
212117	0.000073
9702135	0.000073
212073	0.000073
9809065	0.000073
9610119	0.000073
9703047	0.000073
302157	0.000073
212037	0.000073
9907085	0.000073
9509127	0.000073
9601081	0.000073
9703189	0.000073
2127	0.000073
212097	0.000073
9802151	0.000073
103223	0.000073
202087	0.000073
112249	0.000073
204105	0.000073
9907145	0.000073
9305023	0.000073
8025	0.000073
9610129	0.000073
110123	0.000073
9606093	0.000072
9203031	0.000072
9510023	0.000072
210279	0.000072
104025	0.000072
9603031	0.000072
9402047	0.000072
9605075	0.000072
9311111	0.000072
9911065	0.000072
209155	0.000072
202163	0.000072
5041	0.000072
9401055	0.000072
9712161	0.000072
9312081	0.000072
207129	0.000072
8193	0.000072
303213	0.000072
2119	0.000072
110175	0.000072
2093	0.000072
301249	0.000072
9310005	0.000072
303111	0.000072
9508125	0.000072
11169	0.000072
5047	0.000072
304271	0.000072
9501021	0.000072
9406183	0.000072
9206063	0.000072
9607143	0.000072
203255	0.000072
9305127	0.000072
212235	0.000072
9709207	0.000072
9410157	0.000072
107217	0.000072
9306045	0.000072
9311173	0.000072
9407141	0.000072
112205	0.000072
11211	0.000072
206121	0.000072
9311127	0.000072
102125	0.000072
9804153	0.000072
4191	0.000072
9712025	0.000072
9802121	0.000072
9711135	0.000072
9408003	0.000072
203205	0.000072
9312043	0.000072
112127	0.000072
212293	0.000072
9509143	0.000072
112203	0.000072
302073	0.000072
9312005	0.000072
9603157	0.000072
9612147	0.000072
9211135	0.000072
9707127	0.000072
106157	0.000072
9702037	0.000072
9807067	0.000072
9904129	0.000072
9601091	0.000072
9809009	0.000072
9410173	0.000072
9804075	0.000072
9809213	0.000072
212213	0.000072
9712233	0.000072
9804133	0.000072
1085	0.000072
9908169	0.000072
9912259	0.000072
9304027	0.000072
9309121	0.000072
203115	0.000072
212225	0.000072
9804081	0.000072
9511137	0.000072
212305	0.000072
9809025	0.000072
302217	0.000072
9909145	0.000072
9806157	0.000072
9412239	0.000072
9902101	0.000072
9910173	0.000072
104017	0.000072
201219	0.000072
9502111	0.000072
9306107	0.000072
1161	0.000072
212103	0.000072
102189	0.000072
107259	0.000072
110295	0.000072
9404097	0.000072
9057	0.000072
4113	0.000072
9909171	0.000072
9408091	0.000072
9407127	0.000072
9606081	0.000072
10075	0.000072
206217	0.000072
207159	0.000072
10245	0.000072
109083	0.000072
9904013	0.000072
9311121	0.000072
9807115	0.000072
10239	0.000072
7217	0.000072
9704027	0.000072
9611209	0.000071
208061	0.000071
9408035	0.000071
9212151	0.000071
9801049	0.000071
9307179	0.000071
9312093	0.000071
9411111	0.000071
206037	0.000071
9510041	0.000071
9706185	0.000071
107255	0.000071
204207	0.000071
9707043	0.000071
208077	0.000071
9163	0.000071
9909051	0.000071
104163	0.000071
9203033	0.000071
9311183	0.000071
9910207	0.000071
6191	0.000071
11083	0.000071
209119	0.000071
9808047	0.000071
9306063	0.000071
207225	0.000071
9505171	0.000071
207237	0.000071
9712075	0.000071
9502157	0.000071
9902085	0.000071
2113	0.000071
9710031	0.000071
9711063	0.000071
302123	0.000071
9410031	0.000071
9207011	0.000071
9806043	0.000071
9309087	0.000071
9810183	0.000071
201073	0.000071
9709015	0.000071
105219	0.000071
9807159	0.000071
9407151	0.000071
9603141	0.000071
109149	0.000071
9207101	0.000071
211083	0.000071
9806049	0.000071
9803041	0.000071
9910139	0.000071
9501045	0.000071
304023	0.000071
210109	0.000071
9712109	0.000071
205057	0.000071
9504141	0.000071
9608167	0.000071
105259	0.000071
209047	0.000071
210033	0.000071
9808157	0.000071
3055	0.000071
304245	0.000071
9312213	0.000071
8041	0.000071
102027	0.000071
9604023	0.000071
9406071	0.000071
9704087	0.000071
9411003	0.000071
104191	0.000071
102087	0.000071
208173	0.000071
9305175	0.000071
9810153	0.000071
9301087	0.000071
101061	0.000071
3111	0.000071
9605219	0.000071
107241	0.000071
1009	0.000071
212245	0.000071
109163	0.000071
9206003	0.000071
2241	0.000071
108205	0.000071
103003	0.000071
9312027	0.000071
111219	0.000071
301237	0.000071
205287	0.000071
9701001	0.000071
4171	0.000071
111085	0.000071
10057	0.000071
9406197	0.000071
9712105	0.000071
9603121	0.000071
207075	0.000071
9305121	0.000071
6007	0.000071
9303045	0.000071
12045	0.000071
9511013	0.000071
9904105	0.000071
9601095	0.000071
9303129	0.000071
9412055	0.000071
9609135	0.000071
9801053	0.000071
204087	0.000071
3289	0.000070
9308001	0.000070
206095	0.000070
3165	0.000070
9809007	0.000070
9811183	0.000070
201209	0.000070
9802161	0.000070
9610163	0.000070
109217	0.000070
12035	0.000070
211005	0.000070
205085	0.000070
9405039	0.000070
110071	0.000070
211089	0.000070
12265	0.000070
9803221	0.000070
9502119	0.000070
210209	0.000070
105227	0.000070
9801117	0.000070
207175	0.000070
11229	0.000070
108215	0.000070
9508179	0.000070
9608139	0.000070
9804099	0.000070
9709097	0.000070
212063	0.000070
9701095	0.000070
9611097	0.000070
208039	0.000070
107091	0.000070
210079	0.000070
9910209	0.000070
9906177	0.000070
9710061	0.000070
203121	0.000070
9901005	0.000070
9812217	0.000070
9305169	0.000070
9604137	0.000070
9704123	0.000070
9706151	0.000070
301083	0.000070
9212013	0.000070
107119	0.000070
9709189	0.000070
9805121	0.000070
9401149	0.000070
9911023	0.000070
211191	0.000070
9804157	0.000070
1183	0.000070
9709209	0.000070
9302085	0.000070
9812001	0.000070
9606043	0.000070
9705157	0.000070
205087	0.000070
9508167	0.000070
112179	0.000070
6081	0.000070
12085	0.000070
9801027	0.000070
104261	0.000070
9610065	0.000070
9406117	0.000070
107223	0.000070
4015	0.000070
9808151	0.000070
302159	0.000070
9506071	0.000070
9605067	0.000070
9509059	0.000070
4059	0.000070
207021	0.000070
9701103	0.000070
9707181	0.000070
9510053	0.000070
9302115	0.000070
9504007	0.000070
9806205	0.000070
304089	0.000070
9401019	0.000070
9702123	0.000070
9708089	0.000070
9608179	0.000070
3253	0.000070
9402027	0.000070
9806041	0.000070
9809175	0.000070
9709005	0.000070
9303127	0.000070
9505129	0.000070
11057	0.000070
9602005	0.000070
209211	0.000070
9809195	0.000070
204213	0.000070
111199	0.000070
9208005	0.000069
7233	0.000069
104253	0.000069
111211	0.000069
203107	0.000069
9902005	0.000069
9905113	0.000069
10131	0.000069
9510147	0.000069
9912051	0.000069
301221	0.000069
102185	0.000069
9610137	0.000069
212109	0.000069
9608121	0.000069
2013	0.000069
9411121	0.000069
9806019	0.000069
205109	0.000069
9806197	0.000069
211119	0.000069
3267	0.000069
9909073	0.000069
9312201	0.000069
9612099	0.000069
9807187	0.000069
9601137	0.000069
9511037	0.000069
212255	0.000069
9903109	0.000069
9904115	0.000069
9906237	0.000069
204047	0.000069
108093	0.000069
10293	0.000069
302055	0.000069
109005	0.000069
9501039	0.000069
9805077	0.000069
9403031	0.000069
201215	0.000069
9703075	0.000069
9612065	0.000069
9705213	0.000069
103149	0.000069
101087	0.000069
9509121	0.000069
9709187	0.000069
2247	0.000069
9612173	0.000069
104075	0.000069
304251	0.000069
9607091	0.000069
9812161	0.000069
9412125	0.000069
206157	0.000069
9508035	0.000069
10013	0.000069
9609191	0.000069
9306135	0.000069
101169	0.000069
103131	0.000069
9401027	0.000069
9410007	0.000069
9212141	0.000069
9907067	0.000069
11011	0.000069
204061	0.000069
9604053	0.000069
9801009	0.000069
9602007	0.000069
9706079	0.000069
210039	0.000069
9701117	0.000069
9808089	0.000069
9811147	0.000069
9302111	0.000069
201007	0.000069
111151	0.000069
201105	0.000069
301239	0.000069
9703213	0.000069
201111	0.000069
9304007	0.000069
111123	0.000069
9902117	0.000069
9306041	0.000069
301173	0.000069
112145	0.000069
9306065	0.000069
9509049	0.000069
9910137	0.000069
107015	0.000069
303099	0.000069
9704111	0.000069
9410053	0.000069
9206001	0.000069
9212127	0.000069
105079	0.000069
9905091	0.000069
9302003	0.000069
9806239	0.000069
9307027	0.000069
9607225	0.000069
209097	0.000069
107127	0.000069
102003	0.000069
304061	0.000069
3021	0.000069
111029	0.000069
9712013	0.000069
9609085	0.000069
9906183	0.000068
9307015	0.000068
107211	0.000068
9805009	0.000068
2105	0.000068
206253	0.000068
9707193	0.000068
103107	0.000068
9912273	0.000068
5275	0.000068
9504143	0.000068
9808095	0.000068
111277	0.000068
1127	0.000068
101133	0.000068
9705015	0.000068
9808111	0.000068
9705243	0.000068
107097	0.000068
9906093	0.000068
9603093	0.000068
9506065	0.000068
106059	0.000068
9701009	0.000068
9306083	0.000068
108031	0.000068
209203	0.000068
211261	0.000068
9403149	0.000068
208217	0.000068
9231	0.000068
9809139	0.000068
202057	0.000068
9705079	0.000068
108091	0.000068
110069	0.000068
202125	0.000068
9503091	0.000068
205129	0.000068
9509077	0.000068
112209	0.000068
9705231	0.000068
208019	0.000068
304227	0.000068
9803181	0.000068
9605153	0.000068
9410193	0.000068
9502041	0.000068
9904033	0.000068
103129	0.000068
110293	0.000068
9711105	0.000068
9809003	0.000068
9307185	0.000068
9907003	0.000068
9301013	0.000068
12099	0.000068
9806171	0.000068
107235	0.000068
9702017	0.000068
9711145	0.000068
9707007	0.000068
304107	0.000068
5065	0.000068
9603013	0.000068
9604101	0.000068
9611105	0.000068
9205101	0.000068
5123	0.000068
109055	0.000068
9910107	0.000068
9603105	0.000068
9906085	0.000068
203001	0.000068
9909069	0.000068
9602173	0.000068
9707173	0.000068
208123	0.000068
9802077	0.000068
9912223	0.000068
9709177	0.000068
302213	0.000068
2097	0.000068
9906045	0.000068
204165	0.000068
9803239	0.000068
107207	0.000068
102013	0.000068
101039	0.000068
9501029	0.000068
112097	0.000068
3291	0.000068
101019	0.000068
9406127	0.000068
9912263	0.000068
9907111	0.000068
301155	0.000068
9904209	0.000068
9510239	0.000068
9212085	0.000068
9602025	0.000068
9712199	0.000068
9510241	0.000068
9809043	0.000068
2133	0.000068
9811239	0.000068
9308073	0.000068
210117	0.000068
9610083	0.000068
109023	0.000067
203243	0.000067
9912261	0.000067
9502007	0.000067
8135	0.000067
9612167	0.000067
9601139	0.000067
9810015	0.000067
9804023	0.000067
104211	0.000067
9901105	0.000067
107123	0.000067
9511201	0.000067
9411183	0.000067
9312021	0.000067
9911217	0.000067
112217	0.000067
12003	0.000067
9403061	0.000067
9204097	0.000067
4179	0.000067
9612215	0.000067
301113	0.000067
9406217	0.000067
9808097	0.000067
9809163	0.000067
9209027	0.000067
106249	0.000067
9512001	0.000067
9603063	0.000067
9210163	0.000067
8087	0.000067
2231	0.000067
9706083	0.000067
205015	0.000067
9611201	0.000067
9712209	0.000067
9912159	0.000067
9403045	0.000067
112083	0.000067
302043	0.000067
7185	0.000067
102057	0.000067
9703157	0.000067
9903099	0.000067
9804149	0.000067
302203	0.000067
110139	0.000067
9309117	0.000067
111291	0.000067
9707239	0.000067
9510001	0.000067
9604047	0.000067
9607085	0.000067
210177	0.000067
9705141	0.000067
9704093	0.000067
9406005	0.000067
9605205	0.000067
9812063	0.000067
9712039	0.000067
9312039	0.000067
9712213	0.000067
9812065	0.000067
9706067	0.000067
9502001	0.000067
9603169	0.000067
9904117	0.000067
12079	0.000067
110005	0.000067
9605007	0.000067
304047	0.000067
9707261	0.000067
9802057	0.000067
9806059	0.000067
9607029	0.000067
303251	0.000067
303109	0.000067
104061	0.000067
9710145	0.000067
6183	0.000067
9612189	0.000067
9404067	0.000067
10149	0.000067
9902069	0.000067
9312057	0.000067
1119	0.000067
210171	0.000067
203237	0.000067
9601083	0.000067
9706117	0.000067
106137	0.000067
201047	0.000067
9403005	0.000067
9807219	0.000067
9909221	0.000067
9211003	0.000067
9410163	0.000067
9506055	0.000067
9211089	0.000067
3143	0.000067
9910005	0.000067
9311091	0.000067
9506001	0.000067
10173	0.000066
9608095	0.000066
9902145	0.000066
108001	0.000066
6013	0.000066
202161	0.000066
9704121	0.000066
9503105	0.000066
9608129	0.000066
9701051	0.000066
9908021	0.000066
9910099	0.000066
11041	0.000066
110135	0.000066
210097	0.000066
204075	0.000066
9509169	0.000066
105013	0.000066
208137	0.000066
9909105	0.000066
9910133	0.000066
204215	0.000066
1101	0.000066
9812141	0.000066
9025	0.000066
207039	0.000066
9703215	0.000066
112107	0.000066
303151	0.000066
9701107	0.000066
9807003	0.000066
211207	0.000066
9505139	0.000066
202035	0.000066
211087	0.000066
9703193	0.000066
105041	0.000066
9711033	0.000066
211173	0.000066
9601123	0.000066
9810073	0.000066
9805219	0.000066
301029	0.000066
9412043	0.000066
9706007	0.000066
9509067	0.000066
10127	0.000066
104265	0.000066
103017	0.000066
9907041	0.000066
9906197	0.000066
9510099	0.000066
9901047	0.000066
206237	0.000066
9812253	0.000066
9612093	0.000066
9811051	0.000066
106083	0.000066
9307013	0.000066
9509009	0.000066
9905067	0.000066
9911175	0.000066
9904083	0.000066
9910029	0.000066
9711007	0.000066
9907185	0.000066
9905199	0.000066
9045	0.000066
9505039	0.000066
9911245	0.000066
9807049	0.000066
201079	0.000066
104179	0.000066
7143	0.000066
9709031	0.000066
9601151	0.000066
5083	0.000066
106197	0.000066
9210049	0.000066
103085	0.000066
9706065	0.000066
9911137	0.000066
104173	0.000066
9412041	0.000066
9504075	0.000066
9212037	0.000066
11137	0.000066
210299	0.000066
9905019	0.000066
9811011	0.000066
5157	0.000066
9606057	0.000066
9703089	0.000066
212291	0.000066
9611157	0.000066
9211083	0.000066
4145	0.000066
9903005	0.000066
9202035	0.000066
9408027	0.000066
9063	0.000066
9310173	0.000066
3225	0.000066
9812159	0.000066
9606083	0.000066
9903189	0.000066
9912201	0.000066
206057	0.000066
9503005	0.000066
108069	0.000066
9810239	0.000066
207127	0.000066
9504025	0.000066
9806077	0.000066
9606143	0.000066
9711157	0.000066
9501017	0.000066
9705177	0.000066
302005	0.000066
9606149	0.000066
9506069	0.000066
9803025	0.000066
4023	0.000066
12027	0.000066
9702167	0.000065
109215	0.000065
210123	0.000065
9210133	0.000065
9704185	0.000065
110217	0.000065
201207	0.000065
9606007	0.000065
9902053	0.000065
9306051	0.000065
8109	0.000065
9406027	0.000065
9901029	0.000065
9607067	0.000065
9607191	0.000065
112019	0.000065
9805187	0.000065
207213	0.000065
6177	0.000065
5281	0.000065
3003	0.000065
9405049	0.000065
12223	0.000065
9505125	0.000065
9402087	0.000065
9605201	0.000065
6199	0.000065
9906221	0.000065
9312013	0.000065
9504139	0.000065
9409125	0.000065
9402029	0.000065
9712195	0.000065
106223	0.000065
209017	0.000065
9908097	0.000065
2199	0.000065
106013	0.000065
9812081	0.000065
301033	0.000065
207153	0.000065
9904159	0.000065
207141	0.000065
204021	0.000065
9803037	0.000065
7155	0.000065
9903015	0.000065
106177	0.000065
9504113	0.000065
9205115	0.000065
9901091	0.000065
9910233	0.000065
201153	0.000065
9503095	0.000065
205167	0.000065
9706171	0.000065
9405201	0.000065
5003	0.000065
9511213	0.000065
304025	0.000065
9606069	0.000065
9911133	0.000065
212049	0.000065
9307171	0.000065
9904205	0.000065
12229	0.000065
212285	0.000065
9602133	0.000065
9404035	0.000065
207101	0.000065
9906217	0.000065
210125	0.000065
102089	0.000065
9712141	0.000065
9506131	0.000065
9610111	0.000065
9706145	0.000065
9903003	0.000065
9601033	0.000065
301023	0.000065
9703053	0.000065
9202073	0.000065
109103	0.000065
6113	0.000065
301061	0.000065
111113	0.000065
9310089	0.000065
9210075	0.000065
5179	0.000065
9906061	0.000065
304173	0.000065
9709011	0.000065
2147	0.000065
3169	0.000065
9510061	0.000065
5193	0.000065
9712171	0.000065
102141	0.000065
102071	0.000065
9908147	0.000065
9410147	0.000065
9910115	0.000065
303011	0.000065
9712203	0.000065
112201	0.000065
9606147	0.000065
9509017	0.000065
103087	0.000065
107125	0.000065
9403085	0.000065
9205019	0.000065
9610061	0.000065
9707177	0.000065
9812079	0.000065
9805203	0.000065
9904055	0.000065
9507129	0.000065
9608031	0.000065
9512117	0.000065
9711043	0.000065
111187	0.000065
110085	0.000065
6079	0.000065
9911223	0.000065
203261	0.000065
11233	0.000065
9503147	0.000065
9903143	0.000065
12029	0.000065
9912237	0.000065
12021	0.000065
212337	0.000065
9712137	0.000065
207057	0.000065
203175	0.000065
204001	0.000065
304077	0.000065
9906089	0.000065
9910021	0.000064
9811115	0.000064
9902049	0.000064
108243	0.000064
9908101	0.000064
9807211	0.000064
103035	0.000064
9911145	0.000064
10153	0.000064
9410121	0.000064
9605169	0.000064
9405147	0.000064
9610049	0.000064
9408045	0.000064
9408069	0.000064
203223	0.000064
9712023	0.000064
7097	0.000064
9811143	0.000064
9403017	0.000064
9808167	0.000064
9906021	0.000064
211125	0.000064
9405195	0.000064
9707069	0.000064
9502131	0.000064
9808155	0.000064
9801101	0.000064
9310201	0.000064
9702183	0.000064
9909063	0.000064
210189	0.000064
9605105	0.000064
210303	0.000064
111081	0.000064
12043	0.000064
9911123	0.000064
9307115	0.000064
9906163	0.000064
9306043	0.000064
108191	0.000064
9804163	0.000064
9909049	0.000064
9311109	0.000064
6063	0.000064
107071	0.000064
9701157	0.000064
211025	0.000064
205203	0.000064
204169	0.000064
108081	0.000064
9810211	0.000064
110117	0.000064
7167	0.000064
9401097	0.000064
102015	0.000064
9810249	0.000064
101053	0.000064
303041	0.000064
9906071	0.000064
9912107	0.000064
9712063	0.000064
202129	0.000064
9604127	0.000064
208127	0.000064
301015	0.000064
10053	0.000064
9810095	0.000064
9511011	0.000064
9307029	0.000064
208231	0.000064
9806113	0.000064
9405011	0.000064
9302071	0.000064
9712099	0.000064
112239	0.000064
9808083	0.000064
9807085	0.000064
10161	0.000064
9809115	0.000064
11153	0.000064
106021	0.000064
110025	0.000064
110219	0.000064
9806153	0.000064
209219	0.000064
110281	0.000064
9512097	0.000064
9810025	0.000064
9411221	0.000064
106263	0.000064
9403075	0.000064
9812251	0.000064
9709121	0.000064
9411159	0.000064
9503169	0.000064
9508173	0.000064
101195	0.000064
9206053	0.000064
107021	0.000064
9201057	0.000064
9906147	0.000064
9807179	0.000064
7181	0.000064
9406177	0.000064
106189	0.000064
12083	0.000064
9807037	0.000064
202039	0.000064
108047	0.000064
9159	0.000064
9703039	0.000064
9312115	0.000064
9207003	0.000064
9402051	0.000064
9405129	0.000064
111191	0.000064
9404005	0.000064
109047	0.000064
205025	0.000064
9910145	0.000064
9504041	0.000064
301181	0.000064
205075	0.000063
9909193	0.000063
104057	0.000063
5181	0.000063
9407097	0.000063
107233	0.000063
9309111	0.000063
106185	0.000063
212111	0.000063
111101	0.000063
11265	0.000063
9801015	0.000063
9411123	0.000063
111001	0.000063
6159	0.000063
9302057	0.000063
9709203	0.000063
4167	0.000063
9604115	0.000063
102145	0.000063
9407181	0.000063
9310123	0.000063
9912073	0.000063
205283	0.000063
9910135	0.000063
9711001	0.000063
9910117	0.000063
9905183	0.000063
210285	0.000063
9911235	0.000063
9207069	0.000063
107261	0.000063
9902035	0.000063
9810167	0.000063
204157	0.000063
9809079	0.000063
9707251	0.000063
9505167	0.000063
9303015	0.000063
9603149	0.000063
301067	0.000063
105121	0.000063
9908133	0.000063
9910165	0.000063
103229	0.000063
9509043	0.000063
9908061	0.000063
209029	0.000063
9310077	0.000063
9307107	0.000063
11199	0.000063
9610003	0.000063
9506125	0.000063
9805167	0.000063
109123	0.000063
9407103	0.000063
9806131	0.000063
103219	0.000063
9809045	0.000063
9509005	0.000063
9607131	0.000063
9407133	0.000063
9709125	0.000063
9906195	0.000063
303203	0.000063
9602119	0.000063
304201	0.000063
9410203	0.000063
9206019	0.000063
9404055	0.000063
111181	0.000063
9403035	0.000063
9509055	0.000063
9312169	0.000063
5185	0.000063
205133	0.000063
9603129	0.000063
9704181	0.000063
203181	0.000063
10227	0.000063
10187	0.000063
9903255	0.000063
9410093	0.000063
9401151	0.000063
9705201	0.000063
9802147	0.000063
9175	0.000063
1155	0.000063
205045	0.000063
206089	0.000063
9301001	0.000063
9604073	0.000063
9604191	0.000063
9710107	0.000063
9204069	0.000063
206019	0.000063
108077	0.000063
9911073	0.000063
204081	0.000063
9304133	0.000063
9704065	0.000063
9208023	0.000063
208103	0.000063
9909037	0.000063
9807193	0.000063
9902161	0.000063
9911127	0.000063
9807027	0.000063
110077	0.000063
9703129	0.000063
1037	0.000063
2125	0.000063
9307065	0.000063
106285	0.000063
9512017	0.000063
201247	0.000063
111259	0.000063
211143	0.000062
105043	0.000062
212003	0.000062
103241	0.000062
9802139	0.000062
9612127	0.000062
9903017	0.000062
9207081	0.000062
302195	0.000062
9809105	0.000062
105203	0.000062
9901123	0.000062
9508025	0.000062
9804019	0.000062
9206091	0.000062
9907115	0.000062
102101	0.000062
8083	0.000062
212163	0.000062
9901083	0.000062
9210129	0.000062
107085	0.000062
9803233	0.000062
9911117	0.000062
9804197	0.000062
9705173	0.000062
9307053	0.000062
6011	0.000062
9404079	0.000062
9303009	0.000062
9606113	0.000062
9307137	0.000062
9811133	0.000062
9809167	0.000062
9807015	0.000062
9221	0.000062
210089	0.000062
9606111	0.000062
9503001	0.000062
103135	0.000062
9402007	0.000062
9411033	0.000062
111285	0.000062
9710053	0.000062
9607121	0.000062
9801157	0.000062
9710211	0.000062
9411075	0.000062
9411137	0.000062
9606097	0.000062
9607137	0.000062
9208013	0.000062
112231	0.000062
9402111	0.000062
108085	0.000062
9602055	0.000062
9903157	0.000062
9806013	0.000062
11281	0.000062
5135	0.000062
9604133	0.000062
9604051	0.000062
9611043	0.000062
9511161	0.000062
9801201	0.000062
9807147	0.000062
9204035	0.000062
9709199	0.000062
9509157	0.000062
9708105	0.000062
9909089	0.000062
9511185	0.000062
206153	0.000062
9612181	0.000062
10151	0.000062
5045	0.000062
207093	0.000062
9202077	0.000062
9907083	0.000062
9804139	0.000062
204023	0.000062
9701191	0.000062
9805207	0.000062
8105	0.000062
303267	0.000062
103033	0.000062
111141	0.000062
9505155	0.000062
8229	0.000062
9706211	0.000062
9306091	0.000062
201051	0.000062
4161	0.000062
203203	0.000062
9306015	0.000062
9511187	0.000062
9504087	0.000062
9709063	0.000062
303261	0.000062
101229	0.000062
104085	0.000062
9301011	0.000062
204219	0.000062
9808007	0.000062
101181	0.000062
9210027	0.000062
301251	0.000062
110215	0.000062
9609009	0.000062
9206075	0.000062
9709191	0.000062
9606037	0.000062
9708077	0.000061
210127	0.000061
208149	0.000061
9501053	0.000061
109133	0.000061
112117	0.000061
9711029	0.000061
9605161	0.000061
207091	0.000061
9501009	0.000061
205277	0.000061
9606187	0.000061
9901163	0.000061
9710021	0.000061
11055	0.000061
9502073	0.000061
9610063	0.000061
2189	0.000061
9807239	0.000061
9306129	0.000061
9701147	0.000061
11101	0.000061
9508029	0.000061
9303067	0.000061
207015	0.000061
9710033	0.000061
9611025	0.000061
9702141	0.000061
104219	0.000061
204191	0.000061
9809013	0.000061
206055	0.000061
9605135	0.000061
9701181	0.000061
105245	0.000061
9307109	0.000061
201201	0.000061
9906117	0.000061
9607043	0.000061
103159	0.000061
9304015	0.000061
9906013	0.000061
206199	0.000061
106043	0.000061
9703227	0.000061
2225	0.000061
209137	0.000061
9805133	0.000061
9912023	0.000061
9405035	0.000061
9904101	0.000061
301065	0.000061
9611051	0.000061
211045	0.000061
9511143	0.000061
203275	0.000061
9503013	0.000061
9305117	0.000061
108237	0.000061
9910067	0.000061
9810231	0.000061
206203	0.000061
9403171	0.000061
9901127	0.000061
9507147	0.000061
2001	0.000061
206183	0.000061
9306037	0.000061
9804147	0.000061
12215	0.000061
9902141	0.000061
101139	0.000061
9506099	0.000061
10061	0.000061
2055	0.000061
10117	0.000061
9506073	0.000061
9412237	0.000061
9310083	0.000061
9704163	0.000061
9705095	0.000061
9610143	0.000061
103059	0.000061
9802103	0.000061
210099	0.000061
5109	0.000061
9406095	0.000061
9505143	0.000061
9706213	0.000061
9905143	0.000061
9401003	0.000061
101143	0.000061
203097	0.000061
9610185	0.000061
111171	0.000061
108057	0.000061
107153	0.000061
9611143	0.000061
9705207	0.000061
201255	0.000061
9502023	0.000061
304209	0.000061
9704007	0.000061
9407187	0.000061
212085	0.000061
9312017	0.000061
9208071	0.000061
9612135	0.000061
9806189	0.000061
202085	0.000060
9210091	0.000060
301197	0.000060
2081	0.000060
9903097	0.000060
111091	0.000060
9909003	0.000060
9707149	0.000060
9309143	0.000060
9411085	0.000060
9704023	0.000060
9512009	0.000060
7221	0.000060
304149	0.000060
211057	0.000060
9605087	0.000060
203145	0.000060
302143	0.000060
9512125	0.000060
104029	0.000060
9811013	0.000060
9509091	0.000060
9407195	0.000060
210203	0.000060
9610093	0.000060
9805053	0.000060
9904021	0.000060
9403189	0.000060
9410019	0.000060
9802043	0.000060
210305	0.000060
110209	0.000060
9212061	0.000060
110001	0.000060
9312141	0.000060
9612129	0.000060
9906031	0.000060
9402099	0.000060
106139	0.000060
9205107	0.000060
109013	0.000060
9706161	0.000060
9912037	0.000060
9503141	0.000060
103153	0.000060
9708011	0.000060
9510133	0.000060
9604163	0.000060
9511215	0.000060
9307087	0.000060
9811023	0.000060
9507081	0.000060
9611189	0.000060
9702063	0.000060
9810045	0.000060
9601043	0.000060
9711175	0.000060
9304135	0.000060
9805151	0.000060
9803073	0.000060
302145	0.000060
204141	0.000060
104213	0.000060
9901147	0.000060
9510233	0.000060
9512019	0.000060
9804185	0.000060
9609051	0.000060
9909001	0.000060
9095	0.000060
9911255	0.000060
5233	0.000060
202089	0.000060
302079	0.000060
9611031	0.000060
9805087	0.000060
9909117	0.000060
9708137	0.000060
9703143	0.000060
7171	0.000060
9911215	0.000060
9809209	0.000060
108097	0.000060
112235	0.000060
12049	0.000060
9712139	0.000060
9801161	0.000060
301139	0.000060
9402141	0.000060
301049	0.000060
9406199	0.000060
9206085	0.000060
105089	0.000060
3281	0.000060
9902043	0.000060
9805119	0.000060
9403107	0.000060
304027	0.000060
9607189	0.000060
302085	0.000060
9702061	0.000060
9303063	0.000060
9201	0.000060
9604107	0.000060
9304107	0.000060
9510119	0.000060
9503009	0.000060
9701053	0.000060
211021	0.000060
203245	0.000060
303055	0.000060
9804047	0.000060
9802095	0.000060
9202045	0.000060
9702035	0.000060
2115	0.000060
212205	0.000060
9711051	0.000060
210017	0.000060
9804201	0.000060
208009	0.000059
104159	0.000059
201029	0.000059
9712093	0.000059
202003	0.000059
9706149	0.000059
9710171	0.000059
302027	0.000059
9904035	0.000059
9907223	0.000059
9211061	0.000059
9409025	0.000059
9601073	0.000059
110091	0.000059
9509089	0.000059
9407105	0.000059
9812117	0.000059
9407115	0.000059
210035	0.000059
8219	0.000059
206011	0.000059
106129	0.000059
203003	0.000059
9504045	0.000059
206065	0.000059
10207	0.000059
9711195	0.000059
101177	0.000059
108027	0.000059
9701155	0.000059
110205	0.000059
9708091	0.000059
9311151	0.000059
6135	0.000059
9807199	0.000059
9412077	0.000059
301055	0.000059
211111	0.000059
9185	0.000059
9802059	0.000059
9303043	0.000059
7255	0.000059
9603113	0.000059
3191	0.000059
2173	0.000059
9907179	0.000059
9404181	0.000059
9706013	0.000059
9408115	0.000059
9702007	0.000059
9711047	0.000059
9207019	0.000059
108131	0.000059
9701045	0.000059
212039	0.000059
9608135	0.000059
202185	0.000059
9805123	0.000059
9137	0.000059
8101	0.000059
9506053	0.000059
7063	0.000059
9307059	0.000059
9408079	0.000059
106257	0.000059
204041	0.000059
9801003	0.000059
9510071	0.000059
9911095	0.000059
112085	0.000059
9604177	0.000059
9404193	0.000059
9903111	0.000059
9309069	0.000059
9310023	0.000059
212229	0.000059
12173	0.000059
209259	0.000059
105085	0.000059
9401085	0.000059
9909077	0.000059
9401093	0.000059
212107	0.000059
9702005	0.000059
12031	0.000059
203127	0.000059
9701145	0.000059
103055	0.000059
303003	0.000059
9902133	0.000059
9808011	0.000059
9406139	0.000059
9229	0.000059
205063	0.000059
9608063	0.000059
9806223	0.000059
9510231	0.000059
9912283	0.000059
9502013	0.000059
9247	0.000059
9205077	0.000059
9810145	0.000059
9303101	0.000059
9608131	0.000059
9606109	0.000059
10135	0.000059
112087	0.000059
9206071	0.000059
212047	0.000059
208033	0.000059
9307169	0.000059
11035	0.000059
9908033	0.000059
206197	0.000059
2219	0.000059
105007	0.000059
9912083	0.000059
111009	0.000059
101215	0.000059
9310143	0.000059
9408067	0.000058
107253	0.000058
9903241	0.000058
9512087	0.000058
9901113	0.000058
9241	0.000058
9510123	0.000058
9612163	0.000058
6187	0.000058
9603153	0.000058
210241	0.000058
9207089	0.000058
9609095	0.000058
9311049	0.000058
304045	0.000058
105175	0.000058
9509021	0.000058
9703029	0.000058
9610171	0.000058
9605213	0.000058
9806015	0.000058
303217	0.000058
9903145	0.000058
9408057	0.000058
10065	0.000058
9509031	0.000058
9312099	0.000058
303083	0.000058
9906181	0.000058
9511113	0.000058
9701099	0.000058
201033	0.000058
5137	0.000058
9904139	0.000058
9303087	0.000058
9412153	0.000058
9911191	0.000058
2197	0.000058
9408087	0.000058
112189	0.000058
9503049	0.000058
111045	0.000058
9612073	0.000058
9903215	0.000058
9209105	0.000058
301209	0.000058
1177	0.000058
9505021	0.000058
207083	0.000058
9209011	0.000058
9707031	0.000058
9411069	0.000058
9703043	0.000058
109095	0.000058
9405023	0.000058
2011	0.000058
9506117	0.000058
106079	0.000058
303171	0.000058
7087	0.000058
3175	0.000058
207147	0.000058
9710177	0.000058
206133	0.000058
9710169	0.000058
9903009	0.000058
9306057	0.000058
9902025	0.000058
9705137	0.000058
9708017	0.000058
106073	0.000058
9808169	0.000058
303245	0.000058
209231	0.000058
103169	0.000058
9801175	0.000058
303199	0.000058
9307173	0.000058
9910059	0.000058
107101	0.000058
206131	0.000058
9401073	0.000058
9306077	0.000058
105099	0.000058
10165	0.000058
9501083	0.000058
9706153	0.000058
201223	0.000058
210051	0.000058
201185	0.000058
208021	0.000058
9173	0.000058
9712159	0.000058
9809123	0.000058
9703203	0.000058
9904151	0.000058
9412005	0.000058
9501051	0.000058
9908067	0.000058
105019	0.000058
106181	0.000058
9902147	0.000058
204179	0.000058
108065	0.000058
9711021	0.000058
105283	0.000058
1163	0.000057
9608181	0.000057
110063	0.000057
11167	0.000057
9402041	0.000057
9703195	0.000057
9303001	0.000057
9901037	0.000057
9708027	0.000057
9605023	0.000057
9609119	0.000057
210005	0.000057
9906123	0.000057
9409083	0.000057
9801127	0.000057
9411229	0.000057
9121	0.000057
9208017	0.000057
210063	0.000057
9702147	0.000057
9211111	0.000057
206167	0.000057
209257	0.000057
110225	0.000057
9707011	0.000057
208207	0.000057
9402037	0.000057
9909107	0.000057
2183	0.000057
9911201	0.000057
101175	0.000057
9806249	0.000057
108015	0.000057
107017	0.000057
12239	0.000057
204187	0.000057
9311167	0.000057
9512215	0.000057
202149	0.000057
9506199	0.000057
9303109	0.000057
9709185	0.000057
9308091	0.000057
9603049	0.000057
9705217	0.000057
9711091	0.000057
9601171	0.000057
9705113	0.000057
201151	0.000057
9602035	0.000057
10077	0.000057
112077	0.000057
208191	0.000057
209011	0.000057
201117	0.000057
4197	0.000057
9505187	0.000057
9601125	0.000057
9810009	0.000057
202047	0.000057
12231	0.000057
109071	0.000057
9710229	0.000057
9905109	0.000057
206075	0.000057
9910269	0.000057
9712223	0.000057
4121	0.000057
209091	0.000057
9710159	0.000057
9411235	0.000057
7165	0.000057
212227	0.000057
303173	0.000057
9801017	0.000057
208143	0.000057
11239	0.000057
9901103	0.000057
9709089	0.000057
9805017	0.000057
211285	0.000057
9901069	0.000057
9506127	0.000057
9308067	0.000057
211249	0.000057
9404025	0.000057
9809165	0.000057
111239	0.000057
9412147	0.000057
9303171	0.000057
9410219	0.000057
9802133	0.000057
4087	0.000057
9804053	0.000057
9812203	0.000057
9506147	0.000057
9055	0.000057
11273	0.000057
9910127	0.000057
9312049	0.000057
9801181	0.000057
9702021	0.000057
9908091	0.000057
9179	0.000057
9412133	0.000057
212065	0.000057
9701133	0.000057
9611069	0.000057
9601055	0.000057
202209	0.000057
211237	0.000057
9401109	0.000057
9602075	0.000057
9806173	0.000057
210261	0.000057
9903163	0.000056
9410003	0.000056
9910157	0.000056
9503201	0.000056
9306131	0.000056
9612057	0.000056
205071	0.000056
209081	0.000056
304127	0.000056
9903245	0.000056
9604195	0.000056
6119	0.000056
9906109	0.000056
211035	0.000056
9405189	0.000056
9408015	0.000056
9902127	0.000056
9511217	0.000056
105305	0.000056
208087	0.000056
3179	0.000056
211239	0.000056
105139	0.000056
103173	0.000056
304147	0.000056
9701113	0.000056
301047	0.000056
9304095	0.000056
104105	0.000056
9903049	0.000056
9502149	0.000056
9906171	0.000056
9809059	0.000056
104199	0.000056
1049	0.000056
209031	0.000056
9712169	0.000056
9702199	0.000056
9907109	0.000056
9706199	0.000056
107083	0.000056
9406099	0.000056
201087	0.000056
9305039	0.000056
9509053	0.000056
9711129	0.000056
107089	0.000056
203129	0.000056
303001	0.000056
1169	0.000056
11157	0.000056
9305069	0.000056
209007	0.000056
9707077	0.000056
9406167	0.000056
9508079	0.000056
9708025	0.000056
106175	0.000056
106141	0.000056
9910201	0.000056
9703123	0.000056
9711011	0.000056
9911003	0.000056
9801067	0.000056
9809143	0.000056
9705145	0.000056
9501043	0.000056
9206067	0.000056
212247	0.000056
9307149	0.000056
9409153	0.000056
9906223	0.000056
106101	0.000056
9604169	0.000056
201245	0.000056
9406123	0.000056
9408171	0.000056
9910025	0.000056
10189	0.000056
108161	0.000056
9312145	0.000056
206251	0.000056
208013	0.000056
10217	0.000056
5005	0.000056
9310119	0.000056
107159	0.000056
9909059	0.000056
107197	0.000056
9503199	0.000056
9409189	0.000056
9401159	0.000056
9607157	0.000056
105297	0.000056
9308157	0.000056
9225	0.000056
9606075	0.000056
9707229	0.000056
11177	0.000056
9309113	0.000056
12269	0.000056
9311065	0.000056
9304137	0.000056
9905077	0.000056
9310017	0.000056
9510131	0.000056
9312151	0.000056
9306099	0.000056
9312177	0.000056
301187	0.000056
9706029	0.000056
5153	0.000056
9912057	0.000056
9907079	0.000056
9411119	0.000056
3265	0.000056
207189	0.000056
9311133	0.000055
202155	0.000055
9611187	0.000055
9807045	0.000055
9608023	0.000055
9705077	0.000055
9807205	0.000055
9412137	0.000055
9810059	0.000055
102005	0.000055
302171	0.000055
9701143	0.000055
210057	0.000055
9811145	0.000055
9606021	0.000055
9803191	0.000055
5027	0.000055
9711173	0.000055
9311155	0.000055
7135	0.000055
9603001	0.000055
9309015	0.000055
9807155	0.000055
9801095	0.000055
209077	0.000055
302001	0.000055
9809197	0.000055
9204081	0.000055
9412071	0.000055
9512011	0.000055
210129	0.000055
9806093	0.000055
4055	0.000055
108167	0.000055
207151	0.000055
9907081	0.000055
110039	0.000055
11245	0.000055
108169	0.000055
9312185	0.000055
9711155	0.000055
9709213	0.000055
9907055	0.000055
9510045	0.000055
9401029	0.000055
9801111	0.000055
9801155	0.000055
9702057	0.000055
9403019	0.000055
9606183	0.000055
9810255	0.000055
303263	0.000055
9405055	0.000055
106243	0.000055
9503117	0.000055
9209111	0.000055
202095	0.000055
303051	0.000055
107051	0.000055
103187	0.000055
9207045	0.000055
9911225	0.000055
102165	0.000055
9211057	0.000055
9810215	0.000055
9810229	0.000055
9207063	0.000055
9701179	0.000055
9812145	0.000055
9912227	0.000055
209075	0.000055
206243	0.000055
9401043	0.000055
202029	0.000055
9501137	0.000055
9605025	0.000055
9508021	0.000055
9506025	0.000055
209215	0.000055
9810151	0.000055
9505145	0.000055
9907169	0.000055
102117	0.000055
9407145	0.000055
212281	0.000055
9501087	0.000055
9302069	0.000055
9311017	0.000055
9405119	0.000055
9604157	0.000055
9212025	0.000055
303139	0.000055
9803197	0.000055
9204039	0.000055
9812189	0.000055
9143	0.000055
201095	0.000055
202063	0.000055
6207	0.000055
2027	0.000055
9605175	0.000055
105247	0.000055
206195	0.000055
9912209	0.000055
112199	0.000055
9704135	0.000055
9903177	0.000055
6019	0.000055
9707085	0.000055
204137	0.000055
9610189	0.000055
8027	0.000054
9908047	0.000054
304049	0.000054
210019	0.000054
111111	0.000054
9809159	0.000054
9401039	0.000054
103079	0.000054
9510159	0.000054
3271	0.000054
9807023	0.000054
104185	0.000054
1019	0.000054
9601131	0.000054
209015	0.000054
9512065	0.000054
9908161	0.000054
1175	0.000054
9601009	0.000054
12243	0.000054
109221	0.000054
9505119	0.000054
9707101	0.000054
9403125	0.000054
201231	0.000054
211003	0.000054
9611077	0.000054
9804115	0.000054
2229	0.000054
207191	0.000054
103177	0.000054
9408051	0.000054
9402021	0.000054
105191	0.000054
111257	0.000054
109011	0.000054
9708041	0.000054
9410165	0.000054
9806161	0.000054
106199	0.000054
9904181	0.000054
9907117	0.000054
104093	0.000054
9401057	0.000054
9505123	0.000054
204053	0.000054
12037	0.000054
109113	0.000054
9202013	0.000054
9410109	0.000054
303239	0.000054
7247	0.000054
111213	0.000054
207195	0.000054
112159	0.000054
209161	0.000054
9909135	0.000054
9706035	0.000054
3257	0.000054
9805025	0.000054
10241	0.000054
9402053	0.000054
107215	0.000054
6067	0.000054
9410117	0.000054
9711031	0.000054
9901075	0.000054
203173	0.000054
9309067	0.000054
206035	0.000054
105217	0.000054
12071	0.000054
9703021	0.000054
1199	0.000054
10063	0.000054
9202039	0.000054
9902057	0.000054
9911083	0.000054
206087	0.000054
9401075	0.000054
9402001	0.000054
9107	0.000054
10141	0.000054
109045	0.000054
9803245	0.000054
111275	0.000054
9807057	0.000054
9801197	0.000054
9209113	0.000054
9305129	0.000054
9812023	0.000054
9305103	0.000054
110035	0.000054
9601105	0.000054
9208001	0.000054
301105	0.000054
9705025	0.000054
9910257	0.000054
9802035	0.000054
9612123	0.000054
112191	0.000054
9311013	0.000054
9409155	0.000054
9811159	0.000054
9510217	0.000054
9410127	0.000054
9710137	0.000054
207281	0.000054
9908129	0.000054
9806029	0.000054
9203059	0.000054
1205	0.000054
9512015	0.000054
301191	0.000054
303123	0.000053
112081	0.000053
9304061	0.000053
9504001	0.000053
9312147	0.000053
9812105	0.000053
108199	0.000053
105199	0.000053
9401045	0.000053
206147	0.000053
108087	0.000053
9157	0.000053
112177	0.000053
9909093	0.000053
211217	0.000053
9707029	0.000053
9909029	0.000053
9205	0.000053
1063	0.000053
9408023	0.000053
2111	0.000053
9403039	0.000053
10045	0.000053
9411213	0.000053
9906143	0.000053
3121	0.000053
9904043	0.000053
105137	0.000053
209121	0.000053
9706011	0.000053
7157	0.000053
107183	0.000053
101159	0.000053
9408111	0.000053
9510181	0.000053
5009	0.000053
9205093	0.000053
12159	0.000053
9205005	0.000053
9307063	0.000053
9209013	0.000053
9908103	0.000053
205291	0.000053
9707081	0.000053
9609015	0.000053
9912213	0.000053
9604043	0.000053
9807151	0.000053
9803241	0.000053
9508099	0.000053
9410105	0.000053
108137	0.000053
9809049	0.000053
9307131	0.000053
9212097	0.000053
9405183	0.000053
9608191	0.000053
9806247	0.000053
9710095	0.000053
9503145	0.000053
9806067	0.000053
9307119	0.000053
9902047	0.000053
112037	0.000053
205165	0.000053
9604079	0.000053
9802009	0.000053
9806083	0.000053
5043	0.000053
209027	0.000053
212013	0.000053
9808147	0.000053
9910075	0.000053
9803153	0.000053
3127	0.000053
9607151	0.000053
107189	0.000053
9903067	0.000053
6227	0.000053
304187	0.000053
9304159	0.000053
10021	0.000053
209009	0.000053
9310055	0.000053
110041	0.000053
9512037	0.000053
9603027	0.000053
9706159	0.000053
209159	0.000053
9612049	0.000053
9709105	0.000053
9408025	0.000053
302115	0.000053
9707055	0.000053
9409191	0.000053
204017	0.000053
9187	0.000052
108107	0.000052
9307017	0.000052
9608097	0.000052
105021	0.000052
9809205	0.000052
9308025	0.000052
9409059	0.000052
9410097	0.000052
12207	0.000052
9904093	0.000052
9608067	0.000052
9504017	0.000052
12025	0.000052
110047	0.000052
201143	0.000052
9501129	0.000052
9310015	0.000052
9306097	0.000052
201261	0.000052
208225	0.000052
105161	0.000052
101113	0.000052
9161	0.000052
9602015	0.000052
9702193	0.000052
9089	0.000052
104023	0.000052
9312019	0.000052
9807223	0.000052
7073	0.000052
301235	0.000052
9806177	0.000052
9508103	0.000052
1211	0.000052
106025	0.000052
12181	0.000052
9606157	0.000052
9512135	0.000052
9805007	0.000052
9505025	0.000052
209191	0.000052
9609157	0.000052
9504061	0.000052
9608105	0.000052
9907159	0.000052
9504035	0.000052
9908083	0.000052
204259	0.000052
109145	0.000052
104007	0.000052
9711115	0.000052
9406069	0.000052
9206107	0.000052
11181	0.000052
9707105	0.000052
9501011	0.000052
9202085	0.000052
9907137	0.000052
9812017	0.000052
1093	0.000052
9204093	0.000052
9703161	0.000052
9707003	0.000052
9903269	0.000052
9804055	0.000052
9808055	0.000052
303045	0.000052
9803149	0.000052
9304115	0.000052
210289	0.000052
105095	0.000052
9803081	0.000052
9608047	0.000052
211107	0.000052
304113	0.000052
9403123	0.000052
9309063	0.000052
302045	0.000052
9809035	0.000052
3039	0.000052
9810083	0.000052
9806147	0.000052
302059	0.000052
110013	0.000052
9907171	0.000052
9903159	0.000052
103113	0.000052
9409081	0.000052
303005	0.000052
9810091	0.000052
104257	0.000052
9409085	0.000051
9701049	0.000051
9607015	0.000051
9804119	0.000051
9406041	0.000051
9702023	0.000051
9906103	0.000051
9167	0.000051
5279	0.000051
9401137	0.000051
9802055	0.000051
206093	0.000051
9709219	0.000051
9407173	0.000051
5103	0.000051
5165	0.000051
9301089	0.000051
105251	0.000051
9803087	0.000051
9806181	0.000051
9607101	0.000051
204185	0.000051
9207097	0.000051
9607105	0.000051
202045	0.000051
9807237	0.000051
9602063	0.000051
9912203	0.000051
9610067	0.000051
9912175	0.000051
9508061	0.000051
8213	0.000051
10237	0.000051
9710227	0.000051
203029	0.000051
9601067	0.000051
9705049	0.000051
9711059	0.000051
9707071	0.000051
9504157	0.000051
210025	0.000051
9811211	0.000051
9501109	0.000051
107111	0.000051
9206079	0.000051
5063	0.000051
9511087	0.000051
9911241	0.000051
111145	0.000051
208097	0.000051
9129	0.000051
103255	0.000051
9801177	0.000051
201035	0.000051
9810187	0.000051
9409029	0.000051
8239	0.000051
9912055	0.000051
7253	0.000051
9511149	0.000051
304203	0.000051
9512169	0.000051
9304121	0.000051
11249	0.000051
9703035	0.000051
9402135	0.000051
3245	0.000051
107173	0.000051
9511141	0.000051
9612075	0.000051
9907013	0.000051
9503089	0.000051
9212065	0.000051
9907099	0.000051
9505037	0.000051
9810053	0.000051
9904215	0.000051
9910087	0.000051
212297	0.000051
9311093	0.000051
9701161	0.000051
304217	0.000051
107087	0.000051
5167	0.000051
10015	0.000051
9910105	0.000051
111243	0.000051
9904127	0.000051
9409077	0.000051
9204065	0.000051
112079	0.000051
9709069	0.000051
9201029	0.000051
202123	0.000051
106235	0.000051
207061	0.000051
9610209	0.000051
203057	0.000051
3185	0.000051
5089	0.000051
9705155	0.000051
9307023	0.000051
9309083	0.000051
111117	0.000051
9083	0.000051
9406015	0.000051
111089	0.000051
9611101	0.000051
9707089	0.000051
9808127	0.000051
9904183	0.000050
5269	0.000050
9707145	0.000050
9408063	0.000050
3201	0.000050
7121	0.000050
209251	0.000050
105235	0.000050
9208063	0.000050
103243	0.000050
9702019	0.000050
9906191	0.000050
11191	0.000050
9312133	0.000050
210277	0.000050
210283	0.000050
9712123	0.000050
9802081	0.000050
9210165	0.000050
9212139	0.000050
9905063	0.000050
201091	0.000050
9907177	0.000050
9037	0.000050
9710237	0.000050
9404093	0.000050
9510165	0.000050
9904069	0.000050
209095	0.000050
9703155	0.000050
9408167	0.000050
9605195	0.000050
112175	0.000050
205031	0.000050
9608119	0.000050
9212023	0.000050
9404107	0.000050
4081	0.000050
9510173	0.000050
9811037	0.000050
9910027	0.000050
204029	0.000050
105149	0.000050
9409133	0.000050
9812241	0.000050
9907001	0.000050
111155	0.000050
9906065	0.000050
102017	0.000050
9811229	0.000050
304087	0.000050
8149	0.000050
5059	0.000050
212267	0.000050
9202005	0.000050
9303077	0.000050
12169	0.000050
9707227	0.000050
9607021	0.000050
10229	0.000050
105289	0.000050
9201009	0.000050
110059	0.000050
11149	0.000050
202067	0.000050
2149	0.000050
9506003	0.000050
9810119	0.000050
9808043	0.000050
9908059	0.000050
105077	0.000050
9812155	0.000050
9604093	0.000050
9308121	0.000050
9812195	0.000050
9310053	0.000050
9712081	0.000050
5237	0.000050
9901151	0.000050
9705043	0.000050
9810111	0.000050
12175	0.000050
204145	0.000050
9610031	0.000050
9403181	0.000050
9811029	0.000050
9609065	0.000050
9707063	0.000050
9910081	0.000050
9609061	0.000050
9911149	0.000049
9047	0.000049
208081	0.000049
210053	0.000049
9309059	0.000049
9509069	0.000049
9904147	0.000049
4009	0.000049
9605225	0.000049
9707249	0.000049
9212155	0.000049
7241	0.000049
9309133	0.000049
9703139	0.000049
9903023	0.000049
105053	0.000049
9202017	0.000049
207113	0.000049
9705179	0.000049
112073	0.000049
212279	0.000049
9909119	0.000049
203149	0.000049
4053	0.000049
9612243	0.000049
9409047	0.000049
9810039	0.000049
9611011	0.000049
9903089	0.000049
109039	0.000049
9912185	0.000049
9206087	0.000049
9807161	0.000049
12263	0.000049
9710051	0.000049
207199	0.000049
103001	0.000049
9904061	0.000049
9912145	0.000049
103181	0.000049
9607013	0.000049
304225	0.000049
9704189	0.000049
12221	0.000049
9807077	0.000049
9807233	0.000049
9405161	0.000049
9407017	0.000049
209199	0.000049
207049	0.000049
9511223	0.000049
9067	0.000049
212179	0.000049
303187	0.000049
2035	0.000049
201113	0.000049
10169	0.000049
2167	0.000049
206071	0.000049
107105	0.000049
102199	0.000049
9127	0.000049
8217	0.000049
110203	0.000049
303253	0.000049
9403169	0.000049
207167	0.000049
9911249	0.000049
9239	0.000049
9307189	0.000049
107227	0.000049
12261	0.000049
9610233	0.000049
9711141	0.000049
9806031	0.000049
9404039	0.000049
9705051	0.000049
9904081	0.000049
109019	0.000049
9707095	0.000049
9809177	0.000049
9812183	0.000049
9911093	0.000049
204197	0.000049
9807019	0.000049
110163	0.000049
203233	0.000049
9705033	0.000049
9603191	0.000049
9311045	0.000049
9906125	0.000049
9603083	0.000049
304211	0.000049
110153	0.000049
9506005	0.000048
9609049	0.000048
9503215	0.000048
9709225	0.000048
9411227	0.000048
9708169	0.000048
9208055	0.000048
9501067	0.000048
9811197	0.000048
102109	0.000048
9504151	0.000048
111105	0.000048
9905203	0.000048
304117	0.000048
210007	0.000048
9705073	0.000048
9807229	0.000048
9912117	0.000048
107005	0.000048
109151	0.000048
210263	0.000048
9404011	0.000048
110183	0.000048
9907157	0.000048
104207	0.000048
211213	0.000048
203041	0.000048
10183	0.000048
9810203	0.000048
9406011	0.000048
9810023	0.000048
205193	0.000048
10195	0.000048
4057	0.000048
208079	0.000048
102209	0.000048
9903221	0.000048
9811253	0.000048
9509153	0.000048
9510187	0.000048
9511117	0.000048
9405081	0.000048
9905087	0.000048
9409043	0.000048
9707005	0.000048
9805189	0.000048
9502037	0.000048
9912121	0.000048
9407179	0.000048
9802063	0.000048
8005	0.000048
9133	0.000048
202199	0.000048
9904211	0.000048
112057	0.000048
211135	0.000048
106015	0.000048
10109	0.000048
9511035	0.000048
7235	0.000048
9807029	0.000048
9809141	0.000048
9801149	0.000048
9402145	0.000048
9909211	0.000048
207219	0.000048
203131	0.000048
103237	0.000048
108053	0.000048
9505097	0.000048
8051	0.000048
9806081	0.000048
211051	0.000048
301007	0.000048
7123	0.000048
105189	0.000048
205237	0.000048
9211007	0.000048
9312161	0.000048
9601063	0.000048
103111	0.000048
9501055	0.000048
9402097	0.000048
9501035	0.000048
9208045	0.000048
11117	0.000048
204229	0.000048
9611027	0.000048
9501121	0.000048
104087	0.000048
9406195	0.000048
104125	0.000048
9705233	0.000048
9708109	0.000048
303047	0.000048
206123	0.000048
9812227	0.000048
9911189	0.000048
205153	0.000048
211121	0.000048
9808003	0.000048
5075	0.000048
9410233	0.000048
205163	0.000048
9503149	0.000048
204043	0.000048
11161	0.000048
304163	0.000048
109187	0.000047
9206021	0.000047
9802027	0.000047
9809161	0.000047
212183	0.000047
304231	0.000047
9310097	0.000047
9908041	0.000047
103183	0.000047
107179	0.000047
9902197	0.000047
303197	0.000047
7061	0.000047
9304039	0.000047
9512023	0.000047
9607027	0.000047
9707119	0.000047
9906025	0.000047
9707153	0.000047
9710155	0.000047
9611191	0.000047
103015	0.000047
106027	0.000047
9510037	0.000047
212269	0.000047
107191	0.000047
12095	0.000047
9709085	0.000047
10163	0.000047
9305107	0.000047
9512143	0.000047
107131	0.000047
9610085	0.000047
204257	0.000047
9503041	0.000047
302147	0.000047
102097	0.000047
9308125	0.000047
9403013	0.000047
101051	0.000047
6239	0.000047
9609203	0.000047
9908089	0.000047
212119	0.000047
201025	0.000047
112153	0.000047
9308023	0.000047
211061	0.000047
9911119	0.000047
9504089	0.000047
9710153	0.000047
205271	0.000047
9905161	0.000047
9704173	0.000047
9808187	0.000047
9704213	0.000047
9510047	0.000047
103133	0.000047
9511115	0.000047
9807163	0.000047
301133	0.000047
107263	0.000047
302131	0.000047
303079	0.000047
202079	0.000047
10031	0.000047
9510059	0.000047
9708031	0.000047
9509065	0.000047
9805039	0.000047
9703151	0.000047
304249	0.000047
104135	0.000047
9912179	0.000047
109075	0.000047
9804031	0.000047
9508043	0.000047
9406205	0.000047
211129	0.000047
104099	0.000047
212237	0.000047
304241	0.000047
8137	0.000047
9212017	0.000047
303101	0.000047
108113	0.000047
9804065	0.000047
9901087	0.000047
1193	0.000047
9806129	0.000047
9405133	0.000047
8165	0.000047
9809015	0.000047
9125	0.000047
9305095	0.000047
302135	0.000047
9401041	0.000047
9911113	0.000046
106097	0.000046
9511129	0.000046
9903137	0.000046
9904217	0.000046
9193	0.000046
9910217	0.000046
3173	0.000046
9806023	0.000046
1013	0.000046
9302051	0.000046
9804029	0.000046
203123	0.000046
10069	0.000046
9509027	0.000046
9709115	0.000046
9705181	0.000046
108013	0.000046
9304045	0.000046
9906079	0.000046
9905005	0.000046
112187	0.000046
9902099	0.000046
9905173	0.000046
9501019	0.000046
105319	0.000046
9906167	0.000046
1057	0.000046
9810055	0.000046
202189	0.000046
106253	0.000046
9302027	0.000046
9201031	0.000046
9506213	0.000046
9906187	0.000046
301099	0.000046
109129	0.000046
304069	0.000046
9911233	0.000046
9510077	0.000046
1081	0.000046
5189	0.000046
201041	0.000046
9510185	0.000046
301171	0.000046
9702181	0.000046
7127	0.000046
9706057	0.000046
9911053	0.000046
9609139	0.000046
9508135	0.000046
9805091	0.000046
9401131	0.000046
211201	0.000046
9307145	0.000046
11227	0.000046
9603071	0.000046
111059	0.000046
9904027	0.000046
106099	0.000046
107053	0.000046
206113	0.000046
107065	0.000046
9406021	0.000046
9903257	0.000046
9912013	0.000046
9305003	0.000046
202145	0.000046
9701173	0.000046
11059	0.000046
204149	0.000046
109091	0.000046
105239	0.000046
9702059	0.000046
106007	0.000046
9611167	0.000046
106051	0.000046
9909139	0.000046
9907201	0.000046
9902149	0.000046
3115	0.000046
9811151	0.000046
9712051	0.000046
211067	0.000046
109175	0.000046
9705029	0.000046
204097	0.000045
9810185	0.000045
9506063	0.000045
9806213	0.000045
304033	0.000045
9504119	0.000045
106231	0.000045
9712151	0.000045
9703079	0.000045
9509099	0.000045
9910259	0.000045
9402023	0.000045
9911153	0.000045
9606175	0.000045
5161	0.000045
301073	0.000045
212077	0.000045
9910177	0.000045
303065	0.000045
9909035	0.000045
9812177	0.000045
9603139	0.000045
9902023	0.000045
212087	0.000045
9711137	0.000045
9510151	0.000045
110147	0.000045
9201079	0.000045
9205051	0.000045
9023	0.000045
202073	0.000045
9701005	0.000045
9804025	0.000045
205097	0.000045
9609083	0.000045
9506155	0.000045
9209	0.000045
9904187	0.000045
9806047	0.000045
105181	0.000045
107149	0.000045
9706039	0.000045
101069	0.000045
9810031	0.000045
9807055	0.000045
301165	0.000045
8093	0.000045
6037	0.000045
9901145	0.000045
211073	0.000045
207145	0.000045
9801079	0.000045
9406193	0.000045
9803071	0.000045
9611171	0.000045
9801013	0.000045
9803225	0.000045
302117	0.000045
9704083	0.000045
9805027	0.000045
106121	0.000045
9311189	0.000045
9909013	0.000045
7105	0.000045
8045	0.000045
11243	0.000045
9712061	0.000045
9810137	0.000045
210233	0.000045
9709001	0.000045
9503155	0.000045
9708113	0.000045
212015	0.000045
304247	0.000045
9703177	0.000045
204155	0.000045
9712165	0.000045
9202003	0.000045
12007	0.000044
11075	0.000044
9910151	0.000044
9802091	0.000044
9712187	0.000044
104215	0.000044
101233	0.000044
108017	0.000044
9612239	0.000044
9311047	0.000044
9601093	0.000044
9704063	0.000044
11119	0.000044
9807071	0.000044
9705149	0.000044
3059	0.000044
9905099	0.000044
210085	0.000044
4159	0.000044
9905209	0.000044
4123	0.000044
205139	0.000044
105187	0.000044
9211103	0.000044
9197	0.000044
207097	0.000044
110291	0.000044
9810037	0.000044
9509125	0.000044
212147	0.000044
9401135	0.000044
108023	0.000044
9710063	0.000044
3133	0.000044
111041	0.000044
9808025	0.000044
9411209	0.000044
9408053	0.000044
111109	0.000044
106207	0.000044
9811231	0.000044
9710099	0.000044
9803123	0.000044
9511159	0.000044
9807109	0.000044
9607223	0.000044
6179	0.000044
9811171	0.000044
301003	0.000044
9710161	0.000044
9203069	0.000044
9705031	0.000044
207047	0.000044
106019	0.000044
9806231	0.000044
9512155	0.000044
12163	0.000044
9907165	0.000044
301147	0.000044
203143	0.000044
9706073	0.000044
9812143	0.000044
210265	0.000044
9510137	0.000044
9608197	0.000044
106259	0.000044
9304051	0.000044
201241	0.000044
9807031	0.000044
207277	0.000044
9907075	0.000044
9310019	0.000044
207017	0.000044
9612251	0.000044
9607171	0.000044
110267	0.000044
9901085	0.000044
9405001	0.000044
9502015	0.000044
5095	0.000044
9901021	0.000044
212131	0.000044
205199	0.000044
207001	0.000044
9609155	0.000044
5101	0.000044
205061	0.000044
10265	0.000044
104195	0.000044
111247	0.000044
209263	0.000044
9502109	0.000044
9710039	0.000044
9211015	0.000044
9803069	0.000044
9079	0.000044
304139	0.000044
9806167	0.000044
9603205	0.000044
303007	0.000044
207089	0.000044
9504091	0.000044
106103	0.000044
11053	0.000044
11279	0.000044
302207	0.000044
9806227	0.000044
4037	0.000044
9604181	0.000044
9411037	0.000044
9705227	0.000044
9206045	0.000043
201187	0.000043
9708035	0.000043
9610081	0.000043
208153	0.000043
9709081	0.000043
5117	0.000043
203167	0.000043
9703097	0.000043
11051	0.000043
12217	0.000043
12193	0.000043
9608185	0.000043
9504065	0.000043
107137	0.000043
9806191	0.000043
301123	0.000043
9809125	0.000043
9803063	0.000043
201023	0.000043
9511177	0.000043
12247	0.000043
9810175	0.000043
10103	0.000043
302173	0.000043
4039	0.000043
201089	0.000043
9309125	0.000043
9705239	0.000043
9605179	0.000043
9710191	0.000043
103265	0.000043
6049	0.000043
9406039	0.000043
206107	0.000043
5195	0.000043
204239	0.000043
111253	0.000043
5093	0.000043
105101	0.000043
9710245	0.000043
9911195	0.000043
9602117	0.000043
108109	0.000043
302021	0.000043
9803057	0.000043
9910249	0.000043
9909229	0.000043
210181	0.000043
9311069	0.000043
303157	0.000043
9809017	0.000043
9607003	0.000043
9411055	0.000043
202183	0.000043
9811025	0.000043
9510013	0.000043
9901043	0.000043
9703145	0.000043
9508153	0.000043
201191	0.000043
9709211	0.000043
207241	0.000043
9808183	0.000043
110263	0.000043
8245	0.000043
9611221	0.000043
9706049	0.000043
9810001	0.000043
9203077	0.000043
201211	0.000043
9705023	0.000043
212209	0.000043
9202069	0.000043
302009	0.000043
304193	0.000043
9801107	0.000043
9811087	0.000043
9507109	0.000043
9907183	0.000043
11215	0.000043
9508151	0.000043
9311185	0.000043
201199	0.000043
9905167	0.000043
9606173	0.000043
4153	0.000043
5287	0.000043
303023	0.000043
304051	0.000043
9803105	0.000043
9206039	0.000043
9506167	0.000043
2087	0.000043
9504137	0.000043
9303041	0.000043
9604057	0.000043
9504161	0.000043
8065	0.000043
9206051	0.000043
9807041	0.000043
9503225	0.000042
9911173	0.000042
9703019	0.000042
108233	0.000042
3103	0.000042
9811045	0.000042
7133	0.000042
9504071	0.000042
211273	0.000042
9405085	0.000042
205289	0.000042
104009	0.000042
201149	0.000042
9511045	0.000042
11147	0.000042
301009	0.000042
9701129	0.000042
210221	0.000042
208205	0.000042
9204085	0.000042
9910049	0.000042
108037	0.000042
9610055	0.000042
9702065	0.000042
9608083	0.000042
9611111	0.000042
9510167	0.000042
112063	0.000042
9908125	0.000042
9608189	0.000042
9407119	0.000042
101017	0.000042
9609113	0.000042
107225	0.000042
9508049	0.000042
111161	0.000042
9809185	0.000042
1145	0.000042
9412093	0.000042
9402083	0.000042
9212093	0.000042
9401141	0.000042
9301061	0.000042
9703049	0.000042
9807217	0.000042
304007	0.000042
103109	0.000042
202075	0.000042
208201	0.000042
109177	0.000042
12091	0.000042
209239	0.000042
210227	0.000042
205051	0.000042
9311089	0.000042
9407069	0.000042
9511219	0.000042
9905117	0.000042
9309041	0.000042
6211	0.000042
103057	0.000042
107011	0.000042
207235	0.000042
9209075	0.000042
207161	0.000042
9307033	0.000042
9511205	0.000042
203219	0.000042
210131	0.000042
9608003	0.000042
106087	0.000042
9605117	0.000042
9502069	0.000042
210107	0.000042
9901055	0.000042
9808081	0.000042
9310187	0.000042
111163	0.000042
206101	0.000042
9212135	0.000042
9508141	0.000042
9811109	0.000042
9708097	0.000042
204055	0.000042
9307147	0.000042
105221	0.000042
7049	0.000042
204127	0.000042
9811049	0.000042
102175	0.000042
9808175	0.000042
9908153	0.000042
211163	0.000042
9501061	0.000042
9902167	0.000042
10201	0.000042
9911129	0.000042
9703003	0.000042
6025	0.000042
9706219	0.000042
9504101	0.000042
105179	0.000042
9801083	0.000042
111215	0.000042
212239	0.000042
9707033	0.000042
9811097	0.000042
9712021	0.000042
9505085	0.000042
201071	0.000042
9803045	0.000042
9510145	0.000042
9810067	0.000042
9710219	0.000042
9410135	0.000042
9215	0.000042
9506093	0.000042
9604003	0.000042
9712189	0.000042
105277	0.000042
208031	0.000042
9303155	0.000042
303233	0.000041
7013	0.000041
9707191	0.000041
9911107	0.000041
1021	0.000041
9606089	0.000041
9707255	0.000041
105265	0.000041
9907057	0.000041
9610247	0.000041
9903235	0.000041
204115	0.000041
9503053	0.000041
102103	0.000041
9809131	0.000041
106255	0.000041
9501145	0.000041
201019	0.000041
7031	0.000041
9612179	0.000041
12073	0.000041
9903095	0.000041
9711185	0.000041
110119	0.000041
205091	0.000041
7021	0.000041
210173	0.000041
9510103	0.000041
9208009	0.000041
210193	0.000041
9903043	0.000041
205081	0.000041
9305011	0.000041
9708139	0.000041
103231	0.000041
9607217	0.000041
101147	0.000041
9205111	0.000041
9502033	0.000041
5081	0.000041
9604153	0.000041
9410195	0.000041
108143	0.000041
9610213	0.000041
110299	0.000041
108163	0.000041
9905009	0.000041
1123	0.000041
203239	0.000041
9408071	0.000041
304195	0.000041
9406057	0.000041
9405125	0.000041
9303091	0.000041
9908165	0.000041
6155	0.000041
9504031	0.000041
9710197	0.000041
9901031	0.000041
7159	0.000041
9511111	0.000041
9507011	0.000041
203053	0.000041
9202007	0.000041
9304067	0.000041
210211	0.000041
10271	0.000041
9803203	0.000041
202139	0.000041
9402085	0.000041
206239	0.000041
9902113	0.000041
9203029	0.000041
9812113	0.000041
9306059	0.000041
10025	0.000041
9602113	0.000041
9412061	0.000041
9205021	0.000041
211141	0.000041
9907069	0.000041
9604111	0.000041
9609233	0.000041
9512027	0.000041
9307123	0.000041
9804175	0.000041
105275	0.000041
9608041	0.000041
9610207	0.000041
109051	0.000041
202147	0.000041
11257	0.000041
9906131	0.000041
9611219	0.000041
9707047	0.000041
3235	0.000041
9404101	0.000041
204121	0.000041
202121	0.000040
9506041	0.000040
9307117	0.000040
9701119	0.000040
105269	0.000040
9906203	0.000040
2015	0.000040
9603041	0.000040
208109	0.000040
9910147	0.000040
106267	0.000040
9906211	0.000040
9910159	0.000040
9603181	0.000040
9801145	0.000040
304001	0.000040
9410087	0.000040
209117	0.000040
9310121	0.000040
9912091	0.000040
9506215	0.000040
9405181	0.000040
10181	0.000040
9604007	0.000040
9201035	0.000040
1061	0.000040
12109	0.000040
112171	0.000040
211099	0.000040
212251	0.000040
9208043	0.000040
9312163	0.000040
9412091	0.000040
9605123	0.000040
9408145	0.000040
9605165	0.000040
9411139	0.000040
9810019	0.000040
4163	0.000040
9601019	0.000040
209183	0.000040
207023	0.000040
9031	0.000040
9612145	0.000040
103081	0.000040
303119	0.000040
211171	0.000040
301253	0.000040
9707021	0.000040
109165	0.000040
9204031	0.000040
9704153	0.000040
9407009	0.000040
210185	0.000040
9704125	0.000040
9504077	0.000040
9705223	0.000040
10087	0.000040
9810071	0.000040
9905197	0.000040
9807197	0.000040
10133	0.000040
201067	0.000040
106033	0.000040
9804089	0.000040
4025	0.000040
9903193	0.000040
9611119	0.000040
9806225	0.000040
301093	0.000040
3017	0.000040
12077	0.000040
9507151	0.000040
9408007	0.000040
205099	0.000040
207223	0.000040
9412177	0.000040
9907147	0.000040
9605207	0.000040
109021	0.000040
9908123	0.000040
203153	0.000040
9904153	0.000040
9806071	0.000040
4027	0.000040
4099	0.000040
9119	0.000040
9905225	0.000040
2213	0.000040
9512159	0.000040
9606085	0.000040
210235	0.000040
12067	0.000040
9503143	0.000040
9305045	0.000040
9408179	0.000040
9912241	0.000040
302003	0.000040
111073	0.000040
9911237	0.000040
104209	0.000040
9510049	0.000040
201133	0.000040
101123	0.000040
9903115	0.000040
9609001	0.000040
209065	0.000040
9406063	0.000040
9807139	0.000040
9605209	0.000040
9908119	0.000040
104243	0.000040
9509041	0.000040
303113	0.000040
9404087	0.000040
304003	0.000040
9612161	0.000040
9511031	0.000040
304235	0.000040
9903161	0.000040
7141	0.000040
107239	0.000040
9906037	0.000040
9504011	0.000040
108151	0.000040
9804173	0.000040
206249	0.000040
112115	0.000039
9308131	0.000039
9409093	0.000039
9903025	0.000039
9208081	0.000039
204037	0.000039
9710075	0.000039
9812095	0.000039
304057	0.000039
210137	0.000039
10027	0.000039
9602141	0.000039
203111	0.000039
109043	0.000039
9908075	0.000039
9502019	0.000039
5119	0.000039
105197	0.000039
9804203	0.000039
210133	0.000039
8035	0.000039
101081	0.000039
6169	0.000039
207031	0.000039
9911131	0.000039
202181	0.000039
1111	0.000039
204221	0.000039
9605047	0.000039
210101	0.000039
8111	0.000039
9206095	0.000039
9406111	0.000039
304067	0.000039
9207071	0.000039
7009	0.000039
9709045	0.000039
303209	0.000039
208075	0.000039
9804113	0.000039
9405059	0.000039
203155	0.000039
9403163	0.000039
9204041	0.000039
9801085	0.000039
203023	0.000039
9307079	0.000039
104239	0.000039
9603017	0.000039
112009	0.000039
9306071	0.000039
9703045	0.000039
207157	0.000039
9901073	0.000039
9812087	0.000039
109111	0.000039
106261	0.000039
9708079	0.000039
103205	0.000039
9903037	0.000039
9711109	0.000039
9601061	0.000039
9908179	0.000039
9606031	0.000039
9706201	0.000039
103165	0.000039
9312127	0.000039
212059	0.000039
9912157	0.000039
9605141	0.000039
9704017	0.000039
9902075	0.000039
9810115	0.000039
9611195	0.000039
302179	0.000039
108005	0.000039
9808049	0.000039
9711017	0.000039
301211	0.000039
205295	0.000039
9404183	0.000039
111121	0.000039
9709025	0.000039
11261	0.000039
9906077	0.000039
9406007	0.000039
112075	0.000039
104167	0.000039
9712183	0.000039
2039	0.000039
9809087	0.000039
6167	0.000039
9507043	0.000039
9403183	0.000038
9610211	0.000038
109117	0.000038
101125	0.000038
111221	0.000038
9607193	0.000038
5251	0.000038
9801109	0.000038
9502115	0.000038
9408097	0.000038
9708131	0.000038
9902087	0.000038
9605167	0.000038
6197	0.000038
9703133	0.000038
10123	0.000038
203075	0.000038
9812005	0.000038
206149	0.000038
302165	0.000038
204233	0.000038
301243	0.000038
9610145	0.000038
9611117	0.000038
9709129	0.000038
8107	0.000038
9803227	0.000038
9511199	0.000038
4003	0.000038
9702173	0.000038
10049	0.000038
9310073	0.000038
9606167	0.000038
12157	0.000038
9605185	0.000038
9911051	0.000038
9209125	0.000038
209197	0.000038
9712157	0.000038
9407059	0.000038
9511229	0.000038
9907033	0.000038
8201	0.000038
204251	0.000038
107075	0.000038
9508111	0.000038
205205	0.000038
9607079	0.000038
9804107	0.000038
9810245	0.000038
5011	0.000038
6059	0.000038
9604067	0.000038
9912053	0.000038
9707057	0.000038
9809135	0.000038
3295	0.000038
9902083	0.000038
9703085	0.000038
103145	0.000038
9906019	0.000038
9511091	0.000038
9406009	0.000038
5227	0.000038
10001	0.000038
9712163	0.000038
9410207	0.000038
208195	0.000038
9812207	0.000038
9605177	0.000038
9612079	0.000038
9504085	0.000038
204205	0.000038
9709169	0.000038
9906073	0.000038
9809191	0.000038
11045	0.000038
3109	0.000038
9909125	0.000038
9902137	0.000038
9505043	0.000038
9601039	0.000038
9206113	0.000038
9309035	0.000038
9812149	0.000038
9711131	0.000038
9306115	0.000038
202177	0.000038
303031	0.000038
9509149	0.000038
1045	0.000038
9709171	0.000038
9804109	0.000038
5273	0.000038
205069	0.000038
9902017	0.000038
207131	0.000038
301157	0.000038
202069	0.000038
4031	0.000038
9508139	0.000038
6043	0.000037
211133	0.000037
205217	0.000037
9705041	0.000037
9909187	0.000037
11123	0.000037
108115	0.000037
9504013	0.000037
9912077	0.000037
9709037	0.000037
9804013	0.000037
4205	0.000037
1051	0.000037
9206089	0.000037
9406129	0.000037
9409057	0.000037
112033	0.000037
9309085	0.000037
104011	0.000037
11185	0.000037
9706085	0.000037
202201	0.000037
304261	0.000037
9708149	0.000037
108089	0.000037
5107	0.000037
9706223	0.000037
9804049	0.000037
9505135	0.000037
211115	0.000037
9511193	0.000037
9604061	0.000037
3301	0.000037
9909179	0.000037
11179	0.000037
9410201	0.000037
9912017	0.000037
112069	0.000037
8233	0.000037
304267	0.000037
9503021	0.000037
9212117	0.000037
302047	0.000037
9909149	0.000037
9705203	0.000037
9301093	0.000037
109183	0.000037
9806183	0.000037
9911251	0.000037
9510215	0.000037
9707231	0.000037
9802075	0.000037
108095	0.000037
7213	0.000037
112027	0.000037
101213	0.000037
7115	0.000037
9503029	0.000037
303017	0.000037
10073	0.000037
201155	0.000037
9811121	0.000037
9808087	0.000037
9307091	0.000037
9805177	0.000037
9404041	0.000037
9303079	0.000037
212021	0.000037
9509171	0.000037
9909017	0.000037
9507125	0.000037
9511049	0.000037
9801047	0.000037
9212027	0.000037
110125	0.000037
9908093	0.000037
203033	0.000037
9510079	0.000037
205093	0.000037
9906229	0.000037
3205	0.000037
5099	0.000037
9909127	0.000037
12259	0.000037
104221	0.000037
9409039	0.000037
9711077	0.000037
9910175	0.000037
9802111	0.000036
9405077	0.000036
9811165	0.000036
9608107	0.000036
211001	0.000036
206051	0.000036
108059	0.000036
9306103	0.000036
9912041	0.000036
9910037	0.000036
205231	0.000036
9406103	0.000036
9908155	0.000036
108083	0.000036
9607147	0.000036
210011	0.000036
9912221	0.000036
204013	0.000036
9801187	0.000036
304019	0.000036
12133	0.000036
104027	0.000036
9805067	0.000036
9804161	0.000036
102065	0.000036
9605045	0.000036
9903251	0.000036
9409165	0.000036
106067	0.000036
9903233	0.000036
9903019	0.000036
301075	0.000036
9302135	0.000036
9910103	0.000036
2017	0.000036
103141	0.000036
107029	0.000036
3151	0.000036
9603115	0.000036
1151	0.000036
207187	0.000036
9904007	0.000036
9301115	0.000036
9607093	0.000036
9904135	0.000036
9412075	0.000036
9404131	0.000036
9801199	0.000036
9806135	0.000036
211105	0.000036
9708001	0.000036
108175	0.000036
9407015	0.000036
209209	0.000036
9908201	0.000036
9507067	0.000036
9404105	0.000036
9605221	0.000036
4091	0.000036
207163	0.000036
107267	0.000036
9905035	0.000036
205265	0.000036
9912101	0.000036
304205	0.000036
9609107	0.000036
102169	0.000036
9712249	0.000036
9508031	0.000036
203095	0.000036
11159	0.000036
2209	0.000036
9809189	0.000036
9904175	0.000036
9804097	0.000036
205171	0.000036
111097	0.000036
9810169	0.000036
203051	0.000036
205019	0.000036
9909071	0.000036
9809129	0.000036
303107	0.000036
9509135	0.000036
111005	0.000036
9809173	0.000036
3299	0.000036
301193	0.000036
9807203	0.000036
304105	0.000036
111095	0.000036
103217	0.000036
9605089	0.000036
9605005	0.000036
211169	0.000036
9410107	0.000036
103127	0.000036
9404125	0.000036
9604039	0.000036
9604087	0.000036
9309065	0.000036
202025	0.000036
9602021	0.000036
9802189	0.000035
9702179	0.000035
9812021	0.000035
107243	0.000035
9709021	0.000035
10145	0.000035
10267	0.000035
9511225	0.000035
205315	0.000035
2243	0.000035
9207061	0.000035
9805211	0.000035
9505193	0.000035
302155	0.000035
9811079	0.000035
9912281	0.000035
9704009	0.000035
9612203	0.000035
203017	0.000035
303269	0.000035
112099	0.000035
211235	0.000035
212125	0.000035
112055	0.000035
12187	0.000035
210067	0.000035
9311137	0.000035
208171	0.000035
207115	0.000035
9803155	0.000035
102001	0.000035
211199	0.000035
9709159	0.000035
9205117	0.000035
9307195	0.000035
4127	0.000035
9909169	0.000035
9705085	0.000035
202097	0.000035
9804103	0.000035
9407051	0.000035
9407039	0.000035
9910171	0.000035
9706019	0.000035
9907129	0.000035
9509003	0.000035
9508003	0.000035
9404159	0.000035
9608045	0.000035
112121	0.000035
9406031	0.000035
9306049	0.000035
9701011	0.000035
101093	0.000035
210073	0.000035
9910213	0.000035
204175	0.000035
110249	0.000035
9210125	0.000035
9805199	0.000035
101155	0.000035
12155	0.000035
212155	0.000035
12199	0.000035
111287	0.000035
9211133	0.000035
111157	0.000035
203147	0.000035
205151	0.000035
9607159	0.000035
103249	0.000035
210191	0.000035
9503125	0.000035
9803215	0.000035
9702067	0.000035
301081	0.000035
9902177	0.000035
9502105	0.000035
9903139	0.000035
9411007	0.000035
9409007	0.000035
105143	0.000035
9705013	0.000035
3259	0.000035
212099	0.000035
102211	0.000035
203141	0.000035
9406045	0.000035
9611083	0.000035
207205	0.000035
9706123	0.000035
106217	0.000035
9210061	0.000035
9509111	0.000035
205211	0.000035
206137	0.000035
303133	0.000035
9608147	0.000035
107213	0.000034
9611017	0.000034
7001	0.000034
9601001	0.000034
9203081	0.000034
104197	0.000034
9807059	0.000034
9712135	0.000034
111269	0.000034
205247	0.000034
9805037	0.000034
9408089	0.000034
110213	0.000034
209035	0.000034
9605027	0.000034
7099	0.000034
9306157	0.000034
9609077	0.000034
9602057	0.000034
9609101	0.000034
9603029	0.000034
107093	0.000034
9709145	0.000034
211097	0.000034
9508159	0.000034
9609121	0.000034
9508027	0.000034
301189	0.000034
9604171	0.000034
9131	0.000034
9706069	0.000034
104113	0.000034
9403117	0.000034
9805055	0.000034
9602153	0.000034
301043	0.000034
9803207	0.000034
9512171	0.000034
108193	0.000034
9808085	0.000034
9305077	0.000034
4199	0.000034
103193	0.000034
9904003	0.000034
9707141	0.000034
8155	0.000034
205043	0.000034
9507037	0.000034
9709141	0.000034
9909019	0.000034
9503167	0.000034
301021	0.000034
9605111	0.000034
9602177	0.000034
9811207	0.000034
9301117	0.000034
9608027	0.000034
210163	0.000034
9609185	0.000034
9906091	0.000034
201013	0.000034
6173	0.000034
9609005	0.000034
202055	0.000034
9503213	0.000034
3077	0.000034
204067	0.000034
1067	0.000034
9703159	0.000034
207079	0.000034
9709061	0.000034
208073	0.000034
10115	0.000034
9803083	0.000034
202133	0.000034
111205	0.000034
110101	0.000034
109223	0.000034
104039	0.000034
7055	0.000034
9802169	0.000034
9912085	0.000034
9612059	0.000034
204247	0.000034
9506111	0.000034
207239	0.000034
9607069	0.000034
1109	0.000034
9609125	0.000034
209101	0.000034
9507079	0.000034
4051	0.000034
9909055	0.000034
9611015	0.000034
12059	0.000034
209041	0.000034
208213	0.000034
9901165	0.000034
9703199	0.000034
5257	0.000034
9706115	0.000034
9611093	0.000034
9808013	0.000034
9709147	0.000034
9701105	0.000034
9803179	0.000034
301231	0.000034
9310165	0.000034
4061	0.000034
9508127	0.000034
204235	0.000034
206077	0.000034
11221	0.000034
203027	0.000034
211007	0.000034
9508015	0.000034
11171	0.000034
9411065	0.000034
9603119	0.000034
9604081	0.000034
9211093	0.000034
8063	0.000034
211033	0.000034
110255	0.000034
2185	0.000034
101111	0.000034
9812225	0.000033
205261	0.000033
6161	0.000033
9701021	0.000033
9807101	0.000033
2101	0.000033
9707243	0.000033
9403157	0.000033
9402011	0.000033
9806137	0.000033
9206099	0.000033
9308119	0.000033
111229	0.000033
9510235	0.000033
206125	0.000033
9512095	0.000033
9908027	0.000033
9504049	0.000033
9906179	0.000033
112025	0.000033
9411095	0.000033
9505109	0.000033
3293	0.000033
9705017	0.000033
106009	0.000033
105119	0.000033
9710221	0.000033
9903227	0.000033
9912217	0.000033
9610199	0.000033
9701035	0.000033
9611237	0.000033
108035	0.000033
9506137	0.000033
9904057	0.000033
110221	0.000033
207181	0.000033
9407083	0.000033
9601111	0.000033
110287	0.000033
212017	0.000033
9606095	0.000033
9808057	0.000033
12065	0.000033
7081	0.000033
6107	0.000033
104201	0.000033
3035	0.000033
9702145	0.000033
9310157	0.000033
9907007	0.000033
204223	0.000033
9809081	0.000033
5213	0.000033
9201025	0.000033
9305179	0.000033
9901115	0.000033
9504133	0.000033
9906209	0.000033
9908035	0.000033
102163	0.000033
301085	0.000033
9406171	0.000033
208219	0.000033
9406093	0.000033
9905033	0.000033
9807001	0.000033
9902107	0.000033
9611161	0.000033
208147	0.000033
207275	0.000033
9702085	0.000033
9902119	0.000033
210041	0.000033
103009	0.000033
9501095	0.000033
9501097	0.000033
105263	0.000033
9702053	0.000033
9503159	0.000033
9609197	0.000033
9303145	0.000033
9304103	0.000033
104111	0.000033
9801143	0.000033
12211	0.000033
9904111	0.000033
9811117	0.000033
206231	0.000033
9902179	0.000033
9811255	0.000033
9812039	0.000033
9704075	0.000033
9206093	0.000033
204227	0.000033
103199	0.000033
9907051	0.000033
9903073	0.000033
9412199	0.000033
9405145	0.000033
9803185	0.000033
9312085	0.000033
9410095	0.000033
9912293	0.000033
9704113	0.000033
9409087	0.000033
9904201	0.000033
207071	0.000033
204139	0.000033
9707237	0.000033
301199	0.000033
110141	0.000033
9712019	0.000033
9808019	0.000033
9912043	0.000033
9303047	0.000033
201121	0.000033
9407047	0.000033
9912211	0.000033
9412145	0.000033
303103	0.000033
102059	0.000033
9605021	0.000033
3011	0.000032
9912193	0.000032
9810143	0.000032
9810157	0.000032
4157	0.000032
11081	0.000032
103117	0.000032
9511103	0.000032
9703073	0.000032
9202051	0.000032
111017	0.000032
11255	0.000032
102161	0.000032
6185	0.000032
205235	0.000032
211139	0.000032
4177	0.000032
9402019	0.000032
9705059	0.000032
9807113	0.000032
112207	0.000032
207103	0.000032
9807227	0.000032
112219	0.000032
9906007	0.000032
106135	0.000032
9810011	0.000032
9705005	0.000032
206209	0.000032
9408149	0.000032
9406079	0.000032
9312091	0.000032
9210053	0.000032
9903181	0.000032
4151	0.000032
9606197	0.000032
9805073	0.000032
203113	0.000032
201235	0.000032
210047	0.000032
211127	0.000032
207059	0.000032
9702095	0.000032
9708073	0.000032
212317	0.000032
101071	0.000032
304183	0.000032
9310049	0.000032
207053	0.000032
304111	0.000032
9701047	0.000032
304123	0.000032
9410059	0.000032
9610025	0.000032
9610039	0.000032
9606047	0.000032
9912061	0.000032
203047	0.000032
9909115	0.000032
9311131	0.000032
304237	0.000032
9307051	0.000032
2077	0.000032
9803029	0.000032
303235	0.000032
9911183	0.000032
9906185	0.000032
212071	0.000032
9604193	0.000032
9806201	0.000032
5143	0.000032
111055	0.000032
9407131	0.000032
9605017	0.000032
9410015	0.000032
212041	0.000032
212261	0.000032
112015	0.000032
104089	0.000032
9904091	0.000032
209185	0.000032
9409037	0.000032
102091	0.000032
202175	0.000032
9910031	0.000032
9712121	0.000032
10255	0.000032
9704183	0.000032
9308011	0.000032
9906121	0.000032
9704119	0.000032
102193	0.000032
9412027	0.000032
9406049	0.000032
9408061	0.000032
9801005	0.000032
9701057	0.000032
209237	0.000032
203215	0.000032
3071	0.000032
106111	0.000032
9411185	0.000032
9906139	0.000032
9310075	0.000032
9910015	0.000032
9207055	0.000032
9302099	0.000032
112111	0.000032
208159	0.000032
111185	0.000032
304063	0.000032
9201037	0.000032
201011	0.000031
9501131	0.000031
9412039	0.000031
201031	0.000031
9704105	0.000031
9707161	0.000031
9307067	0.000031
9412079	0.000031
9801191	0.000031
9410071	0.000031
212029	0.000031
9411067	0.000031
9504037	0.000031
105047	0.000031
9907049	0.000031
9411101	0.000031
9712205	0.000031
9901133	0.000031
9902171	0.000031
9908185	0.000031
109085	0.000031
9808073	0.000031
9304123	0.000031
110227	0.000031
2165	0.000031
9409015	0.000031
9811205	0.000031
9905101	0.000031
9509057	0.000031
9705071	0.000031
9810193	0.000031
9209021	0.000031
9908131	0.000031
9705167	0.000031
9602033	0.000031
9709217	0.000031
206015	0.000031
9512131	0.000031
101189	0.000031
9207049	0.000031
102043	0.000031
9707159	0.000031
9806237	0.000031
9803011	0.000031
9711101	0.000031
9911027	0.000031
9412115	0.000031
206171	0.000031
9803003	0.000031
9612175	0.000031
9202015	0.000031
9706075	0.000031
208157	0.000031
9803101	0.000031
105061	0.000031
209179	0.000031
9707065	0.000031
9510115	0.000031
9612133	0.000031
9412141	0.000031
110239	0.000031
9807131	0.000031
7037	0.000031
7079	0.000031
8225	0.000031
109049	0.000031
301019	0.000031
203269	0.000031
106093	0.000031
9411059	0.000031
105145	0.000031
9307085	0.000031
9207077	0.000031
9611029	0.000031
104171	0.000031
211049	0.000031
9411131	0.000031
9307177	0.000031
9810049	0.000031
9503077	0.000031
9202075	0.000031
9310193	0.000031
9705047	0.000031
9201047	0.000031
104015	0.000031
9905093	0.000031
9506059	0.000031
9611023	0.000031
9503231	0.000031
7207	0.000031
9503111	0.000031
9703171	0.000030
302069	0.000030
304213	0.000030
206165	0.000030
9807157	0.000030
9403009	0.000030
9508009	0.000030
9812003	0.000030
9611033	0.000030
9502133	0.000030
9502135	0.000030
9911069	0.000030
9506033	0.000030
9505181	0.000030
104041	0.000030
212185	0.000030
9705143	0.000030
9806233	0.000030
210251	0.000030
303215	0.000030
9609043	0.000030
9612151	0.000030
111169	0.000030
304255	0.000030
212189	0.000030
9509087	0.000030
9402091	0.000030
9703187	0.000030
9706157	0.000030
9902123	0.000030
9911099	0.000030
9902201	0.000030
9810223	0.000030
110033	0.000030
211079	0.000030
9512123	0.000030
212165	0.000030
9609169	0.000030
6077	0.000030
2099	0.000030
9812245	0.000030
203125	0.000030
9911207	0.000030
9206077	0.000030
9712231	0.000030
109115	0.000030
9805111	0.000030
9609007	0.000030
9711169	0.000030
302185	0.000030
9402067	0.000030
9503165	0.000030
203063	0.000030
9310021	0.000030
9802013	0.000030
9604031	0.000030
1217	0.000030
9309089	0.000030
9601051	0.000030
207265	0.000030
6217	0.000030
110185	0.000030
204161	0.000030
201055	0.000030
110149	0.000030
102053	0.000030
9710089	0.000030
9803065	0.000030
209267	0.000030
303163	0.000030
5207	0.000030
9803143	0.000030
9810163	0.000030
9605083	0.000030
207067	0.000030
9505111	0.000030
9912119	0.000030
9911167	0.000030
9810133	0.000030
9608165	0.000030
302071	0.000030
205073	0.000030
9906001	0.000030
9909091	0.000030
211081	0.000030
9403043	0.000030
9702161	0.000030
9607145	0.000030
9807125	0.000030
9807079	0.000030
9211115	0.000030
9604015	0.000030
9507157	0.000030
9901111	0.000030
208145	0.000030
9610099	0.000030
9806089	0.000030
9308155	0.000030
9510139	0.000030
4073	0.000030
9909109	0.000030
9706187	0.000030
9511061	0.000030
212153	0.000030
9707023	0.000030
9802201	0.000030
9609173	0.000030
110131	0.000030
12013	0.000030
9804209	0.000030
9711103	0.000030
201103	0.000030
10121	0.000030
9610051	0.000030
9606011	0.000030
9807121	0.000030
4117	0.000030
9711071	0.000030
4069	0.000030
303091	0.000030
301097	0.000030
7187	0.000030
9810205	0.000030
9909203	0.000030
9909007	0.000030
102191	0.000030
9304081	0.000030
9907031	0.000030
9212057	0.000030
3161	0.000030
1135	0.000030
9902081	0.000030
212347	0.000030
104249	0.000030
103261	0.000030
9703081	0.000029
9410191	0.000029
101089	0.000029
107203	0.000029
9508007	0.000029
9307093	0.000029
9908107	0.000029
9811075	0.000029
9204011	0.000029
9806017	0.000029
9608089	0.000029
9404089	0.000029
9912011	0.000029
9809029	0.000029
3223	0.000029
9506045	0.000029
210115	0.000029
9908017	0.000029
9201071	0.000029
11039	0.000029
201239	0.000029
207125	0.000029
9912215	0.000029
9403139	0.000029
301031	0.000029
9907093	0.000029
9410023	0.000029
11047	0.000029
9504121	0.000029
9407191	0.000029
9607055	0.000029
9911005	0.000029
211019	0.000029
108073	0.000029
9605069	0.000029
9706055	0.000029
304037	0.000029
108025	0.000029
9704159	0.000029
9503203	0.000029
9409145	0.000029
9902111	0.000029
9303059	0.000029
102095	0.000029
9706169	0.000029
9907175	0.000029
210287	0.000029
9208033	0.000029
9710057	0.000029
9702097	0.000029
9407081	0.000029
9903065	0.000029
9903119	0.000029
9704141	0.000029
11203	0.000029
9602147	0.000029
9810149	0.000029
304079	0.000029
9805099	0.000029
304013	0.000029
5105	0.000029
9912143	0.000029
112165	0.000029
212101	0.000029
9604117	0.000029
9705215	0.000029
3019	0.000029
9809183	0.000029
9709055	0.000029
9312215	0.000029
9610187	0.000029
9401053	0.000029
9708067	0.000029
107023	0.000029
108181	0.000029
106153	0.000029
9507007	0.000029
9809107	0.000029
212323	0.000029
9707131	0.000029
112157	0.000029
9307031	0.000029
9803033	0.000029
9905219	0.000029
109031	0.000029
9506047	0.000029
9309007	0.000029
212089	0.000029
303247	0.000029
104069	0.000029
303221	0.000029
9907063	0.000029
9801097	0.000029
9806243	0.000029
206009	0.000029
9401113	0.000029
210257	0.000029
9207001	0.000029
208069	0.000029
9607117	0.000029
210091	0.000029
209213	0.000029
9506183	0.000029
101033	0.000029
9403027	0.000029
9506015	0.000029
9610091	0.000028
107035	0.000028
9907103	0.000028
9210155	0.000028
9408109	0.000028
110081	0.000028
9507035	0.000028
206207	0.000028
105125	0.000028
210275	0.000028
112229	0.000028
303229	0.000028
9205099	0.000028
8029	0.000028
9402089	0.000028
2107	0.000028
112133	0.000028
205219	0.000028
107221	0.000028
110129	0.000028
205055	0.000028
9204101	0.000028
9408101	0.000028
9710015	0.000028
9711049	0.000028
9606071	0.000028
9606079	0.000028
111235	0.000028
9303025	0.000028
9802187	0.000028
209039	0.000028
203077	0.000028
9801043	0.000028
302099	0.000028
9701075	0.000028
9803243	0.000028
103211	0.000028
302219	0.000028
9210029	0.000028
205021	0.000028
110029	0.000028
9603055	0.000028
5219	0.000028
9304033	0.000028
9806203	0.000028
9807061	0.000028
204181	0.000028
9705065	0.000028
9903259	0.000028
9502079	0.000028
2221	0.000028
202037	0.000028
9412205	0.000028
9710059	0.000028
304009	0.000028
9511015	0.000028
9907217	0.000028
101179	0.000028
304157	0.000028
9902003	0.000028
302015	0.000028
9406043	0.000028
9602069	0.000028
9608137	0.000028
9805001	0.000028
9309103	0.000028
206081	0.000028
8011	0.000028
202165	0.000028
207055	0.000028
9903133	0.000028
9604141	0.000028
303025	0.000028
9809071	0.000028
207041	0.000028
106165	0.000028
207133	0.000028
9601079	0.000028
7069	0.000028
9701171	0.000028
10243	0.000028
105173	0.000028
9810041	0.000028
9304019	0.000028
9705187	0.000028
9910183	0.000028
9212029	0.000028
304219	0.000028
9511189	0.000028
204085	0.000028
9805031	0.000028
9204059	0.000028
9507103	0.000028
9508097	0.000028
6131	0.000028
9612199	0.000028
9909197	0.000028
4021	0.000028
9610073	0.000028
211093	0.000028
201049	0.000028
101191	0.000028
9401083	0.000028
205201	0.000027
207197	0.000027
9109	0.000027
8251	0.000027
303131	0.000027
9609151	0.000027
9510223	0.000027
9810257	0.000027
210179	0.000027
112105	0.000027
112261	0.000027
302065	0.000027
106145	0.000027
9411133	0.000027
201229	0.000027
9707183	0.000027
9702149	0.000027
211043	0.000027
9511063	0.000027
108079	0.000027
9911035	0.000027
9302075	0.000027
208063	0.000027
9410035	0.000027
9502067	0.000027
7051	0.000027
9903101	0.000027
203213	0.000027
112139	0.000027
207259	0.000027
9410027	0.000027
212191	0.000027
212219	0.000027
9901141	0.000027
9908111	0.000027
111133	0.000027
9708145	0.000027
9305021	0.000027
103045	0.000027
9812045	0.000027
9804007	0.000027
7225	0.000027
9509159	0.000027
9811241	0.000027
208175	0.000027
5261	0.000027
9210025	0.000027
212009	0.000027
9705191	0.000027
9904085	0.000027
9609227	0.000027
201139	0.000027
9801029	0.000027
304171	0.000027
9210031	0.000027
9312139	0.000027
3193	0.000027
9810173	0.000027
9304129	0.000027
9310153	0.000027
201061	0.000027
9235	0.000027
212257	0.000027
206129	0.000027
9903211	0.000027
301121	0.000027
208139	0.000027
9510011	0.000027
9606035	0.000027
9507139	0.000027
105017	0.000027
112163	0.000027
208055	0.000027
9501107	0.000027
9607237	0.000027
9804067	0.000027
11143	0.000027
9703115	0.000027
9302077	0.000027
9809089	0.000027
104065	0.000027
9905039	0.000027
210139	0.000027
9903131	0.000027
103123	0.000027
9801115	0.000027
303097	0.000027
203185	0.000027
9910045	0.000027
9808135	0.000027
9403049	0.000027
9907025	0.000027
9608077	0.000027
9401095	0.000027
9709111	0.000027
1003	0.000027
9712079	0.000027
9510091	0.000027
209125	0.000027
10097	0.000027
9705197	0.000027
206119	0.000027
9803093	0.000027
9803035	0.000027
209221	0.000027
9509039	0.000027
12233	0.000027
9511175	0.000027
9211141	0.000027
10007	0.000027
303013	0.000027
201097	0.000027
9304013	0.000027
2207	0.000026
304159	0.000026
9212035	0.000026
9511127	0.000026
12121	0.000026
101185	0.000026
9411203	0.000026
110179	0.000026
302215	0.000026
9502145	0.000026
9907163	0.000026
9304157	0.000026
108019	0.000026
9206111	0.000026
9403097	0.000026
9205007	0.000026
9904075	0.000026
205229	0.000026
9503129	0.000026
9411223	0.000026
9312181	0.000026
3053	0.000026
103037	0.000026
9245	0.000026
9405079	0.000026
109079	0.000026
9304009	0.000026
11285	0.000026
9407107	0.000026
9602011	0.000026
304145	0.000026
9706165	0.000026
9701077	0.000026
9507097	0.000026
9602149	0.000026
4201	0.000026
8147	0.000026
9705101	0.000026
9212021	0.000026
9509101	0.000026
110195	0.000026
9609199	0.000026
9212011	0.000026
9809153	0.000026
9507167	0.000026
106187	0.000026
1195	0.000026
206069	0.000026
9407161	0.000026
9912059	0.000026
9707111	0.000026
304121	0.000026
9612067	0.000026
9710135	0.000026
9310013	0.000026
9301069	0.000026
9612149	0.000026
202027	0.000026
109195	0.000026
9904001	0.000026
9708083	0.000026
212263	0.000026
9912191	0.000026
9608057	0.000026
9310033	0.000026
9508129	0.000026
9712181	0.000026
9512075	0.000026
9512039	0.000026
112135	0.000026
107113	0.000026
9608155	0.000026
9808165	0.000026
9512209	0.000026
3073	0.000026
12113	0.000026
9211075	0.000026
9812147	0.000026
105185	0.000026
303043	0.000026
9501091	0.000026
1105	0.000026
9802019	0.000026
9403193	0.000026
9406187	0.000026
9311141	0.000026
9603059	0.000026
9402133	0.000026
9502099	0.000026
9309127	0.000026
9407101	0.000026
104047	0.000026
9071	0.000026
110297	0.000026
2003	0.000026
9701153	0.000026
9407071	0.000026
9905029	0.000026
9408169	0.000026
9903103	0.000025
101203	0.000025
101117	0.000025
9606041	0.000025
202195	0.000025
211267	0.000025
9310183	0.000025
9203	0.000025
9909157	0.000025
9810235	0.000025
105281	0.000025
9407185	0.000025
301207	0.000025
103147	0.000025
9702169	0.000025
9808105	0.000025
211091	0.000025
9410113	0.000025
302077	0.000025
9502117	0.000025
9307007	0.000025
9911203	0.000025
9611099	0.000025
208037	0.000025
9906095	0.000025
9908209	0.000025
12241	0.000025
110207	0.000025
9707197	0.000025
9909167	0.000025
7223	0.000025
207043	0.000025
9612109	0.000025
10253	0.000025
9509071	0.000025
9904165	0.000025
9910111	0.000025
9912049	0.000025
9403159	0.000025
9609115	0.000025
9041	0.000025
110245	0.000025
9810029	0.000025
203059	0.000025
9812119	0.000025
9610133	0.000025
9408163	0.000025
9408139	0.000025
9410171	0.000025
304253	0.000025
9306101	0.000025
1157	0.000025
9307121	0.000025
9612043	0.000025
9209083	0.000025
9401143	0.000025
3155	0.000025
9405197	0.000025
9707233	0.000025
3049	0.000025
9501073	0.000025
211157	0.000025
9302113	0.000025
9608021	0.000025
9612071	0.000025
9806111	0.000025
108121	0.000025
304175	0.000025
112049	0.000025
3001	0.000025
204031	0.000025
9404135	0.000025
211027	0.000025
303167	0.000025
303181	0.000025
9609109	0.000025
206179	0.000025
209021	0.000025
9806063	0.000025
9512149	0.000025
109081	0.000025
103157	0.000025
9710225	0.000025
10043	0.000025
9404029	0.000025
9806033	0.000025
9802153	0.000025
6233	0.000025
209111	0.000025
9812131	0.000025
9312121	0.000025
9503069	0.000025
9806065	0.000025
9712007	0.000025
9207041	0.000025
9310105	0.000025
212201	0.000025
9907121	0.000025
111173	0.000025
9402061	0.000025
9710035	0.000025
9307157	0.000025
9411115	0.000025
205159	0.000025
9901051	0.000025
9209047	0.000025
11173	0.000025
210215	0.000025
9801041	0.000025
9605099	0.000025
10099	0.000024
212035	0.000024
12149	0.000024
9204023	0.000024
9611183	0.000024
9804041	0.000024
9212125	0.000024
9304037	0.000024
109139	0.000024
208091	0.000024
9802199	0.000024
210059	0.000024
9703117	0.000024
104101	0.000024
8191	0.000024
9703037	0.000024
9706045	0.000024
111007	0.000024
8209	0.000024
9411013	0.000024
9512063	0.000024
9804017	0.000024
9909143	0.000024
301177	0.000024
207137	0.000024
9407147	0.000024
9910097	0.000024
9305087	0.000024
9908099	0.000024
9407129	0.000024
9406109	0.000024
9904009	0.000024
105205	0.000024
9307183	0.000024
9507061	0.000024
9703109	0.000024
9805115	0.000024
9811129	0.000024
9907195	0.000024
2141	0.000024
9707201	0.000024
9310067	0.000024
9035	0.000024
303227	0.000024
9904049	0.000024
9306019	0.000024
9812231	0.000024
9312205	0.000024
9803213	0.000024
109003	0.000024
203035	0.000024
9807149	0.000024
9805043	0.000024
9307043	0.000024
9906137	0.000024
9504023	0.000024
9908077	0.000024
212345	0.000024
102011	0.000024
9601129	0.000024
11287	0.000024
112211	0.000024
9912109	0.000024
9411091	0.000024
9901033	0.000024
207221	0.000024
202091	0.000024
9912005	0.000024
102131	0.000024
9902065	0.000024
9801139	0.000024
101141	0.000024
9906145	0.000024
9401161	0.000024
9612029	0.000024
9811003	0.000024
9408001	0.000024
9607165	0.000024
9412003	0.000024
9512047	0.000024
1091	0.000024
10273	0.000024
9703225	0.000024
9707195	0.000024
9601109	0.000024
9217	0.000024
9312097	0.000024
9607103	0.000024
9701141	0.000024
9604145	0.000024
9207025	0.000024
205255	0.000024
203089	0.000024
9903041	0.000024
9811123	0.000024
3043	0.000024
9606151	0.000024
5035	0.000024
9608159	0.000024
2131	0.000024
9909191	0.000024
211183	0.000024
208229	0.000024
9908143	0.000024
9911227	0.000024
9503101	0.000024
9912103	0.000024
9911101	0.000024
9411199	0.000024
9502165	0.000024
9811177	0.000024
9310115	0.000024
304073	0.000024
302113	0.000023
9407057	0.000023
9911171	0.000023
302153	0.000023
5173	0.000023
9807035	0.000023
9912253	0.000023
9911077	0.000023
9512083	0.000023
9412151	0.000023
9910255	0.000023
9909067	0.000023
9910195	0.000023
9211025	0.000023
9210085	0.000023
9804145	0.000023
9907091	0.000023
208111	0.000023
9610009	0.000023
9511079	0.000023
9807209	0.000023
9903001	0.000023
106159	0.000023
9808109	0.000023
9610175	0.000023
9601175	0.000023
304099	0.000023
203117	0.000023
9906155	0.000023
9703153	0.000023
9310103	0.000023
9903191	0.000023
212141	0.000023
9610097	0.000023
9412189	0.000023
108239	0.000023
211013	0.000023
8185	0.000023
9711125	0.000023
9901027	0.000023
5113	0.000023
11071	0.000023
9310111	0.000023
109009	0.000023
9705097	0.000023
9503195	0.000023
4169	0.000023
9705019	0.000023
107095	0.000023
3241	0.000023
9205073	0.000023
9407113	0.000023
9706121	0.000023
9410123	0.000023
9911155	0.000023
108011	0.000023
302081	0.000023
9609211	0.000023
9711025	0.000023
9611057	0.000023
9701003	0.000023
9512225	0.000023
9409157	0.000023
9709075	0.000023
9702029	0.000023
9610121	0.000023
9512051	0.000023
12167	0.000023
9403093	0.000023
9804059	0.000023
9709039	0.000023
102179	0.000023
111107	0.000023
9812165	0.000023
110257	0.000023
207007	0.000023
9307103	0.000023
9412217	0.000023
9507029	0.000023
9308147	0.000023
9605129	0.000023
9612091	0.000023
9410215	0.000023
9404045	0.000023
304115	0.000023
9905069	0.000023
9503191	0.000023
9810065	0.000023
9907141	0.000023
9908203	0.000023
9902191	0.000023
111035	0.000023
212341	0.000023
9405169	0.000023
9612245	0.000023
111227	0.000023
106271	0.000023
9303049	0.000023
207073	0.000023
304135	0.000023
9912089	0.000023
212113	0.000023
9904097	0.000023
208051	0.000023
9908095	0.000023
9701033	0.000023
9401065	0.000023
201203	0.000022
107257	0.000022
203179	0.000022
9209063	0.000022
207211	0.000022
9607169	0.000022
103049	0.000022
9609163	0.000022
9512107	0.000022
9304031	0.000022
9607001	0.000022
9307165	0.000022
9910261	0.000022
9408103	0.000022
212299	0.000022
9411127	0.000022
9809075	0.000022
9812053	0.000022
9310081	0.000022
9602171	0.000022
9403177	0.000022
101207	0.000022
9802193	0.000022
9606121	0.000022
209149	0.000022
9711199	0.000022
9208069	0.000022
9404009	0.000022
9607039	0.000022
1073	0.000022
9303029	0.000022
6073	0.000022
206143	0.000022
9908063	0.000022
109027	0.000022
9707135	0.000022
302129	0.000022
9607177	0.000022
9909133	0.000022
205039	0.000022
9505147	0.000022
9712219	0.000022
9906239	0.000022
101077	0.000022
108127	0.000022
9912025	0.000022
9801071	0.000022
205273	0.000022
108235	0.000022
9411061	0.000022
9603007	0.000022
9908071	0.000022
9169	0.000022
210253	0.000022
11219	0.000022
9811243	0.000022
209141	0.000022
201271	0.000022
9911213	0.000022
9312031	0.000022
3041	0.000022
209147	0.000022
9809113	0.000022
10277	0.000022
12139	0.000022
9312143	0.000022
210049	0.000022
102149	0.000022
9307037	0.000022
9608113	0.000022
9611081	0.000022
9077	0.000022
9201049	0.000022
9806027	0.000022
208015	0.000022
9610069	0.000022
9301021	0.000022
9602095	0.000022
9412235	0.000022
9505099	0.000022
101131	0.000022
9505115	0.000022
9504155	0.000022
9601049	0.000022
9804091	0.000022
9610075	0.000022
5255	0.000022
9603023	0.000022
104131	0.000022
9602009	0.000022
202031	0.000022
9611045	0.000022
11293	0.000022
6089	0.000022
9149	0.000022
9503063	0.000022
104003	0.000022
209189	0.000022
9703183	0.000022
208183	0.000022
304129	0.000022
201107	0.000022
10067	0.000022
12097	0.000022
208115	0.000022
9912139	0.000022
210043	0.000022
9704047	0.000022
110231	0.000022
9910153	0.000022
9709165	0.000022
9508163	0.000022
9609013	0.000022
9912137	0.000022
9610001	0.000022
9412169	0.000022
9512111	0.000022
112247	0.000022
2057	0.000022
9611071	0.000022
9402137	0.000022
109159	0.000022
9804037	0.000022
9903047	0.000022
9907015	0.000022
9606065	0.000022
9908137	0.000021
9302089	0.000021
9401081	0.000021
5197	0.000021
9902093	0.000021
9912065	0.000021
9410101	0.000021
212243	0.000021
303149	0.000021
9206041	0.000021
101153	0.000021
9603173	0.000021
9707155	0.000021
108145	0.000021
207209	0.000021
9512207	0.000021
9310037	0.000021
110065	0.000021
9703181	0.000021
9706093	0.000021
9511105	0.000021
9402155	0.000021
9310141	0.000021
108125	0.000021
9607115	0.000021
9703057	0.000021
9405163	0.000021
9805163	0.000021
9606119	0.000021
9312203	0.000021
208177	0.000021
9412181	0.000021
202093	0.000021
304177	0.000021
9412009	0.000021
206191	0.000021
9508073	0.000021
9407177	0.000021
201181	0.000021
204193	0.000021
1171	0.000021
9907135	0.000021
112237	0.000021
9307025	0.000021
303037	0.000021
9412135	0.000021
301255	0.000021
10081	0.000021
107195	0.000021
205253	0.000021
10193	0.000021
10289	0.000021
6143	0.000021
9808051	0.000021
110243	0.000021
9701017	0.000021
9501023	0.000021
9303175	0.000021
107033	0.000021
9207079	0.000021
9211117	0.000021
9511021	0.000021
107209	0.000021
9412051	0.000021
9812083	0.000021
9609149	0.000021
9202037	0.000021
9410183	0.000021
206105	0.000021
9507047	0.000021
11183	0.000021
9017	0.000021
207109	0.000021
105169	0.000021
11275	0.000021
9905153	0.000021
9710185	0.000021
9412013	0.000021
9905107	0.000021
9701059	0.000021
9702031	0.000021
9505151	0.000021
212053	0.000021
102067	0.000021
202043	0.000021
205157	0.000021
210307	0.000021
303155	0.000021
9402095	0.000021
206003	0.000021
201251	0.000021
9611207	0.000021
107027	0.000021
9409031	0.000021
9911185	0.000021
212171	0.000021
9412129	0.000021
9807107	0.000021
211225	0.000021
207271	0.000021
9405041	0.000021
9512041	0.000021
9411151	0.000021
107165	0.000021
9708019	0.000021
206185	0.000021
9505003	0.000021
9306029	0.000021
301223	0.000021
4135	0.000021
9611113	0.000021
9902203	0.000021
12125	0.000021
9402125	0.000021
208067	0.000021
101227	0.000020
104155	0.000020
9910199	0.000020
104107	0.000020
304103	0.000020
9903197	0.000020
9603131	0.000020
9412207	0.000020
9602059	0.000020
111203	0.000020
208151	0.000020
205009	0.000020
9406153	0.000020
104251	0.000020
9406073	0.000020
9711079	0.000020
9510025	0.000020
9507053	0.000020
9912247	0.000020
11207	0.000020
9510121	0.000020
8099	0.000020
211063	0.000020
9403151	0.000020
9405185	0.000020
102133	0.000020
9408119	0.000020
9707113	0.000020
101231	0.000020
9403033	0.000020
3157	0.000020
9401147	0.000020
12017	0.000020
6017	0.000020
9301085	0.000020
9305137	0.000020
207005	0.000020
105211	0.000020
9801113	0.000020
9510127	0.000020
207169	0.000020
9604109	0.000020
9211033	0.000020
9609133	0.000020
207215	0.000020
9812153	0.000020
9310117	0.000020
210095	0.000020
2215	0.000020
103097	0.000020
108173	0.000020
206215	0.000020
9906247	0.000020
9905003	0.000020
9808091	0.000020
9403135	0.000020
10003	0.000020
9113	0.000020
9708061	0.000020
9310057	0.000020
108103	0.000020
9912035	0.000020
9711085	0.000020
9011	0.000020
9704117	0.000020
9803165	0.000020
2053	0.000020
9811219	0.000020
9602165	0.000020
10259	0.000020
9506149	0.000020
9306139	0.000020
205007	0.000020
304097	0.000020
9508121	0.000020
9311113	0.000020
110051	0.000020
9311129	0.000020
9604175	0.000020
9612061	0.000020
9810013	0.000020
110273	0.000020
9509129	0.000020
111131	0.000020
212023	0.000020
9608171	0.000020
9403025	0.000020
12227	0.000020
203009	0.000020
210155	0.000020
6101	0.000020
9807215	0.000020
9808145	0.000020
9609131	0.000020
9710189	0.000020
9805085	0.000020
9406135	0.000020
204151	0.000020
9803125	0.000020
9312079	0.000020
101225	0.000020
9412175	0.000020
9611095	0.000020
9411029	0.000020
9803261	0.000019
9809137	0.000019
9502075	0.000019
9604021	0.000019
9908167	0.000019
9604159	0.000019
9807017	0.000019
9408137	0.000019
9603145	0.000019
109141	0.000019
9508055	0.000019
5023	0.000019
110003	0.000019
109153	0.000019
4079	0.000019
9612235	0.000019
209071	0.000019
9910003	0.000019
101075	0.000019
9804167	0.000019
9073	0.000019
104255	0.000019
9211009	0.000019
202007	0.000019
9701183	0.000019
9903079	0.000019
205141	0.000019
103073	0.000019
9311171	0.000019
9805061	0.000019
9203057	0.000019
110251	0.000019
9910043	0.000019
210151	0.000019
9505121	0.000019
3097	0.000019
9210001	0.000019
9903035	0.000019
210295	0.000019
9303071	0.000019
9503177	0.000019
9512035	0.000019
9308137	0.000019
302033	0.000019
3233	0.000019
9708167	0.000019
9701029	0.000019
9607123	0.000019
9712057	0.000019
101057	0.000019
4129	0.000019
9907127	0.000019
9605095	0.000019
9606161	0.000019
1117	0.000019
205115	0.000019
9605041	0.000019
6223	0.000019
9706027	0.000019
9049	0.000019
9411017	0.000019
9711151	0.000019
9506081	0.000019
9406061	0.000019
102187	0.000019
9503011	0.000019
301163	0.000019
302023	0.000019
9503087	0.000019
9505177	0.000019
204059	0.000019
9707137	0.000019
107155	0.000019
9906149	0.000019
9703091	0.000019
210271	0.000019
9803095	0.000019
203273	0.000019
110269	0.000019
111049	0.000019
9508105	0.000019
9311057	0.000019
9504043	0.000019
9708053	0.000019
9903127	0.000019
9707257	0.000019
9710249	0.000019
11209	0.000019
107141	0.000019
9604151	0.000019
9501143	0.000019
210175	0.000019
9802097	0.000019
9912251	0.000019
9412097	0.000019
10139	0.000019
9808067	0.000019
209033	0.000019
302107	0.000019
9312073	0.000019
9309047	0.000019
4007	0.000019
9807241	0.000019
10177	0.000019
209023	0.000019
9115	0.000018
9708121	0.000018
9302041	0.000018
202205	0.000018
202019	0.000018
9408005	0.000018
9209029	0.000018
9601027	0.000018
210197	0.000018
3065	0.000018
9811055	0.000018
9508175	0.000018
211193	0.000018
9512137	0.000018
9910057	0.000018
9803047	0.000018
9301127	0.000018
207217	0.000018
9902039	0.000018
9602129	0.000018
212137	0.000018
2251	0.000018
9312107	0.000018
105209	0.000018
109109	0.000018
9407021	0.000018
9710029	0.000018
107161	0.000018
9812011	0.000018
9609175	0.000018
9503233	0.000018
9509023	0.000018
110275	0.000018
9606091	0.000018
9306137	0.000018
10171	0.000018
104263	0.000018
9903007	0.000018
9205087	0.000018
111233	0.000018
208085	0.000018
9803017	0.000018
9810109	0.000018
9802105	0.000018
9612191	0.000018
111011	0.000018
9404075	0.000018
1189	0.000018
9912127	0.000018
9408085	0.000018
9305143	0.000018
9612205	0.000018
206023	0.000018
302119	0.000018
9702119	0.000018
9607045	0.000018
9508067	0.000018
9604121	0.000018
9905207	0.000018
9708029	0.000018
9412157	0.000018
9612031	0.000018
108041	0.000018
9708071	0.000018
304015	0.000018
202049	0.000018
9907021	0.000018
9604183	0.000018
212207	0.000018
9909079	0.000018
8179	0.000018
303121	0.000018
9602041	0.000018
4075	0.000018
201263	0.000018
102061	0.000018
9611185	0.000018
9806117	0.000018
1165	0.000018
204241	0.000018
9610181	0.000018
2153	0.000018
4139	0.000018
9807143	0.000018
9511075	0.000018
9712055	0.000018
9602123	0.000018
9210131	0.000018
9809063	0.000018
9601075	0.000018
9155	0.000018
9312167	0.000018
9708007	0.000018
9408121	0.000018
208199	0.000018
9701101	0.000018
9906205	0.000018
9908159	0.000018
204065	0.000018
8129	0.000018
9612185	0.000018
201193	0.000018
9511147	0.000018
204109	0.000018
9406003	0.000018
9312077	0.000018
201233	0.000018
6061	0.000018
204101	0.000018
9410099	0.000018
9411143	0.000018
9906107	0.000018
9203075	0.000018
212335	0.000018
9908039	0.000018
10033	0.000018
9910229	0.000017
9612023	0.000017
5071	0.000017
9411217	0.000017
210055	0.000017
9611177	0.000017
9705121	0.000017
9903199	0.000017
9410197	0.000017
9908045	0.000017
9205045	0.000017
9904039	0.000017
9407063	0.000017
9905023	0.000017
9511067	0.000017
302167	0.000017
12107	0.000017
7129	0.000017
9405175	0.000017
9912149	0.000017
9404023	0.000017
302083	0.000017
201161	0.000017
9509147	0.000017
9703067	0.000017
9406091	0.000017
9410063	0.000017
9912277	0.000017
206213	0.000017
9603043	0.000017
9401117	0.000017
202117	0.000017
9606059	0.000017
9504029	0.000017
9602047	0.000017
9809149	0.000017
9501079	0.000017
9406121	0.000017
304039	0.000017
9304025	0.000017
9205055	0.000017
9707225	0.000017
105029	0.000017
104123	0.000017
9903125	0.000017
9301079	0.000017
206041	0.000017
9508087	0.000017
11189	0.000017
203209	0.000017
9807221	0.000017
9811073	0.000017
207077	0.000017
212195	0.000017
101095	0.000017
9802117	0.000017
109193	0.000017
9512099	0.000017
9901097	0.000017
208043	0.000017
9306079	0.000017
9712067	0.000017
9710125	0.000017
209131	0.000017
9505069	0.000017
9808021	0.000017
9803201	0.000017
9204053	0.000017
301051	0.000017
12151	0.000017
9406169	0.000017
9809051	0.000017
109157	0.000017
9612253	0.000017
9206101	0.000017
9606013	0.000017
9806245	0.000017
9810191	0.000017
9412193	0.000017
9910241	0.000017
9902029	0.000017
209227	0.000017
2047	0.000017
204209	0.000017
10085	0.000017
9807191	0.000017
9812185	0.000017
2083	0.000017
9312209	0.000017
9811009	0.000017
111103	0.000017
303161	0.000017
9907199	0.000017
9806219	0.000017
206111	0.000017
9902185	0.000017
9905047	0.000017
9808133	0.000017
9802093	0.000017
9612037	0.000016
9307159	0.000016
9407045	0.000016
9911239	0.000016
9511033	0.000016
9503107	0.000016
9408133	0.000016
301039	0.000016
9901007	0.000016
105055	0.000016
204113	0.000016
9802175	0.000016
9508147	0.000016
101221	0.000016
9903055	0.000016
9602125	0.000016
9208075	0.000016
9302143	0.000016
9412081	0.000016
9706061	0.000016
9508039	0.000016
9411019	0.000016
9604037	0.000016
9609221	0.000016
9409195	0.000016
6245	0.000016
9905123	0.000016
9208039	0.000016
9508033	0.000016
9909173	0.000016
205267	0.000016
9411031	0.000016
9410051	0.000016
111077	0.000016
9310135	0.000016
11105	0.000016
101005	0.000016
9306155	0.000016
9609143	0.000016
9909025	0.000016
12203	0.000016
9807095	0.000016
9708023	0.000016
1031	0.000016
9311059	0.000016
211031	0.000016
9510113	0.000016
9607097	0.000016
9609055	0.000016
2033	0.000016
9308077	0.000016
9712207	0.000016
10039	0.000016
9611087	0.000016
211147	0.000016
10261	0.000016
9910163	0.000016
9811199	0.000016
9506107	0.000016
9711139	0.000016
9602023	0.000016
111245	0.000016
9227	0.000016
9410159	0.000016
205013	0.000016
1219	0.000016
9505165	0.000016
9709009	0.000016
9909217	0.000016
9503185	0.000016
205181	0.000016
9705067	0.000016
8215	0.000016
9312035	0.000016
9903209	0.000016
202103	0.000016
9408107	0.000016
9808171	0.000016
9901001	0.000016
9612077	0.000016
5231	0.000016
9511069	0.000016
9812201	0.000016
9704045	0.000016
106183	0.000016
9707165	0.000016
9704209	0.000016
9402013	0.000016
9806107	0.000016
212321	0.000016
9906175	0.000016
106237	0.000016
9809011	0.000016
101165	0.000016
101171	0.000016
9612047	0.000016
301057	0.000016
111265	0.000016
9601099	0.000016
11231	0.000016
9210007	0.000015
2249	0.000015
9307163	0.000015
109015	0.000015
9406201	0.000015
9611153	0.000015
5051	0.000015
103175	0.000015
203263	0.000015
9511183	0.000015
9807133	0.000015
9802159	0.000015
9808063	0.000015
9043	0.000015
211085	0.000015
9805135	0.000015
112241	0.000015
9612125	0.000015
9512165	0.000015
9409063	0.000015
3023	0.000015
9610021	0.000015
9902129	0.000015
9503071	0.000015
9311179	0.000015
9706177	0.000015
9504055	0.000015
9202081	0.000015
9703063	0.000015
9205061	0.000015
9509093	0.000015
301129	0.000015
209113	0.000015
9907105	0.000015
9507163	0.000015
9312125	0.000015
9709181	0.000015
9311005	0.000015
207155	0.000015
9602099	0.000015
9404033	0.000015
9708013	0.000015
9807167	0.000015
9707051	0.000015
9305105	0.000015
303127	0.000015
9707125	0.000015
9912029	0.000015
9805183	0.000015
212311	0.000015
9910211	0.000015
9805201	0.000015
9601117	0.000015
9311143	0.000015
9603085	0.000015
9905141	0.000015
105233	0.000015
304153	0.000015
9305165	0.000015
9512201	0.000015
212033	0.000015
9303125	0.000015
9307151	0.000015
9512119	0.000015
2201	0.000015
9408131	0.000015
9506201	0.000015
8047	0.000015
9207109	0.000015
9811127	0.000015
107171	0.000015
9309005	0.000015
9210047	0.000015
9806105	0.000015
10079	0.000015
9904213	0.000015
111031	0.000015
9808031	0.000015
9610007	0.000015
9704107	0.000015
9708143	0.000015
9206083	0.000015
9704191	0.000015
9906047	0.000015
9303089	0.000015
204107	0.000015
12005	0.000015
108209	0.000015
9705109	0.000015
9709183	0.000015
9205001	0.000015
301027	0.000015
9509165	0.000015
301153	0.000015
9410011	0.000015
3251	0.000015
9507095	0.000015
109033	0.000015
9209107	0.000015
9608141	0.000015
204119	0.000015
9601145	0.000015
102031	0.000015
9504131	0.000014
9703207	0.000014
112039	0.000014
109007	0.000014
9310129	0.000014
11263	0.000014
304141	0.000014
301079	0.000014
9212095	0.000014
9709093	0.000014
9512021	0.000014
9311087	0.000014
9702115	0.000014
303067	0.000014
9409099	0.000014
112255	0.000014
9805049	0.000014
9806185	0.000014
9709103	0.000014
209105	0.000014
9410239	0.000014
111061	0.000014
109073	0.000014
9707039	0.000014
211039	0.000014
9712255	0.000014
9312055	0.000014
9901153	0.000014
2069	0.000014
106075	0.000014
9902027	0.000014
9210157	0.000014
9802171	0.000014
9707059	0.000014
201265	0.000014
9301129	0.000014
9911197	0.000014
9310079	0.000014
9901015	0.000014
303211	0.000014
3247	0.000014
9908081	0.000014
9409001	0.000014
209245	0.000014
9908113	0.000014
210223	0.000014
9712097	0.000014
103259	0.000014
9210079	0.000014
206189	0.000014
9609179	0.000014
9710003	0.000014
9808181	0.000014
9603163	0.000014
107107	0.000014
9904067	0.000014
207025	0.000014
9610159	0.000014
9712003	0.000014
9305059	0.000014
101045	0.000014
9510205	0.000014
9201041	0.000014
107201	0.000014
112259	0.000014
9405131	0.000014
9903011	0.000014
9309019	0.000014
9612247	0.000014
110177	0.000014
9810233	0.000014
104267	0.000014
111023	0.000014
9609091	0.000014
9507131	0.000014
9311083	0.000014
9512141	0.000014
9704101	0.000014
9205091	0.000014
9603155	0.000014
303029	0.000014
12089	0.000014
9201065	0.000014
202081	0.000014
9902207	0.000014
9810221	0.000014
9211027	0.000014
202169	0.000014
104129	0.000014
207263	0.000014
3275	0.000014
9809041	0.000014
204005	0.000014
9812197	0.000014
212027	0.000014
9209081	0.000014
9310177	0.000014
9706033	0.000014
207269	0.000014
9301055	0.000014
109219	0.000014
9210071	0.000014
201163	0.000014
3083	0.000014
9409177	0.000014
9801035	0.000014
9812077	0.000014
9606055	0.000013
9602039	0.000013
9903071	0.000013
9908207	0.000013
9510179	0.000013
110023	0.000013
112051	0.000013
103025	0.000013
110159	0.000013
9029	0.000013
9702197	0.000013
211229	0.000013
9411103	0.000013
9611179	0.000013
9801089	0.000013
206053	0.000013
103121	0.000013
9806045	0.000013
9410149	0.000013
9702047	0.000013
9409135	0.000013
9708133	0.000013
9709175	0.000013
9809171	0.000013
5263	0.000013
9809069	0.000013
101167	0.000013
210205	0.000013
9702185	0.000013
9911231	0.000013
109189	0.000013
9506209	0.000013
104033	0.000013
106219	0.000013
303053	0.000013
9408011	0.000013
106049	0.000013
9402149	0.000013
9408059	0.000013
9311165	0.000013
109207	0.000013
9908053	0.000013
9311053	0.000013
9804043	0.000013
102037	0.000013
302183	0.000013
110017	0.000013
302041	0.000013
9510089	0.000013
104149	0.000013
9204013	0.000013
9810085	0.000013
9905071	0.000013
9801163	0.000013
9404081	0.000013
212105	0.000013
9405031	0.000013
110161	0.000013
109087	0.000013
9511093	0.000013
9912173	0.000013
9508145	0.000013
301025	0.000013
9604069	0.000013
212203	0.000013
9204037	0.000013
9607111	0.000013
9412103	0.000013
108149	0.000013
9911075	0.000013
9802045	0.000013
9312041	0.000013
9404057	0.000013
209207	0.000013
9903155	0.000013
9410213	0.000013
9701177	0.000013
211253	0.000013
9706103	0.000013
9804005	0.000013
205243	0.000013
9603175	0.000013
9604009	0.000013
112021	0.000013
9402065	0.000013
303143	0.000013
304207	0.000013
9212069	0.000013
9502123	0.000013
210065	0.000013
9304069	0.000013
9605119	0.000013
9212015	0.000013
9303161	0.000013
5201	0.000013
9804071	0.000013
9403021	0.000013
9211129	0.000013
105313	0.000013
9506153	0.000012
9709135	0.000012
9411097	0.000012
207251	0.000012
1187	0.000012
9411005	0.000012
9406181	0.000012
9601153	0.000012
301151	0.000012
9605063	0.000012
101041	0.000012
9904051	0.000012
9909137	0.000012
3229	0.000012
208025	0.000012
9305149	0.000012
206225	0.000012
304165	0.000012
2255	0.000012
9406165	0.000012
9912163	0.000012
106265	0.000012
9907151	0.000012
204199	0.000012
6095	0.000012
6149	0.000012
9409193	0.000012
101023	0.000012
212327	0.000012
102203	0.000012
9502043	0.000012
9511169	0.000012
302189	0.000012
9907045	0.000012
9401107	0.000012
112181	0.000012
203069	0.000012
9612197	0.000012
9304043	0.000012
9403079	0.000012
9410221	0.000012
9308099	0.000012
9606145	0.000012
9801179	0.000012
301247	0.000012
9911143	0.000012
9303011	0.000012
9212039	0.000012
11005	0.000012
9401005	0.000012
9611053	0.000012
102049	0.000012
106003	0.000012
9506021	0.000012
110137	0.000012
9512029	0.000012
9611005	0.000012
301063	0.000012
9310069	0.000012
9509015	0.000012
204173	0.000012
203105	0.000012
9606103	0.000012
111289	0.000012
101149	0.000012
9308051	0.000012
9912245	0.000012
9405065	0.000012
2089	0.000012
107059	0.000012
2177	0.000012
105301	0.000012
12197	0.000012
9712001	0.000012
8009	0.000012
9910235	0.000012
9412139	0.000012
210247	0.000012
9606107	0.000012
9607031	0.000012
9405103	0.000012
9302125	0.000012
9606019	0.000012
9606023	0.000012
9610153	0.000012
208045	0.000012
9212081	0.000012
201259	0.000012
9910247	0.000012
9202001	0.000012
8077	0.000012
9303073	0.000012
9503113	0.000012
9409027	0.000012
9510005	0.000012
104231	0.000012
5155	0.000012
9609215	0.000011
9510095	0.000011
208193	0.000011
304223	0.000011
9151	0.000011
212333	0.000011
9708047	0.000011
9403099	0.000011
9312095	0.000011
104237	0.000011
9508093	0.000011
9512033	0.000011
9612139	0.000011
9903061	0.000011
105031	0.000011
9908003	0.000011
302227	0.000011
105253	0.000011
9309049	0.000011
9403081	0.000011
304091	0.000011
9503237	0.000011
9501119	0.000011
9505103	0.000011
106063	0.000011
304181	0.000011
9402115	0.000011
101129	0.000011
9709153	0.000011
9503171	0.000011
9601157	0.000011
9405019	0.000011
103207	0.000011
9603107	0.000011
9910225	0.000011
9909023	0.000011
9508109	0.000011
104161	0.000011
9412183	0.000011
9605191	0.000011
210199	0.000011
9809023	0.000011
110197	0.000011
11135	0.000011
301195	0.000011
205169	0.000011
9907061	0.000011
203071	0.000011
107009	0.000011
9807089	0.000011
9301045	0.000011
1075	0.000011
9505159	0.000011
9705115	0.000011
2135	0.000011
9612155	0.000011
9905027	0.000011
9408055	0.000011
9409013	0.000011
9403103	0.000011
9405157	0.000011
9902209	0.000011
9802079	0.000011
204073	0.000011
9091	0.000011
9606073	0.000011
9809077	0.000011
211145	0.000011
301037	0.000011
9812233	0.000011
209069	0.000011
304151	0.000011
9411107	0.000011
9511181	0.000011
212093	0.000011
208129	0.000011
204125	0.000011
9801193	0.000011
9904123	0.000011
203207	0.000011
110015	0.000011
9202033	0.000011
9402079	0.000011
9906035	0.000011
102143	0.000011
107135	0.000011
9710045	0.000011
9511139	0.000011
9610225	0.000011
207085	0.000011
9510211	0.000011
9312103	0.000011
212221	0.000011
1007	0.000011
9310093	0.000011
9306125	0.000011
204035	0.000011
9603005	0.000011
10291	0.000011
112091	0.000011
102167	0.000011
12101	0.000011
206027	0.000011
9412171	0.000011
9311095	0.000011
9705185	0.000011
9707167	0.000011
9305041	0.000011
9405047	0.000011
9810005	0.000011
9608069	0.000011
9602159	0.000011
9211045	0.000011
10219	0.000011
9407123	0.000011
9812137	0.000010
205307	0.000010
9304003	0.000010
9906053	0.000010
206201	0.000010
205001	0.000010
201131	0.000010
2227	0.000010
9406081	0.000010
104077	0.000010
9511163	0.000010
9502087	0.000010
9511165	0.000010
7039	0.000010
212339	0.000010
201065	0.000010
110027	0.000010
9409061	0.000010
9408173	0.000010
9403153	0.000010
9209065	0.000010
105317	0.000010
9511009	0.000010
9507059	0.000010
109201	0.000010
9410045	0.000010
9211139	0.000010
8197	0.000010
9712069	0.000010
207185	0.000010
112061	0.000010
10147	0.000010
9908069	0.000010
9611135	0.000010
9204079	0.000010
9703087	0.000010
9301033	0.000010
9909097	0.000010
9403109	0.000010
209087	0.000010
9811105	0.000010
9406145	0.000010
105223	0.000010
111223	0.000010
9712225	0.000010
9251	0.000010
210143	0.000010
9302039	0.000010
9504109	0.000010
9209059	0.000010
9305177	0.000010
9602101	0.000010
9511123	0.000010
9703141	0.000010
9301039	0.000010
9911141	0.000010
9306151	0.000010
9301063	0.000010
9509045	0.000010
9908009	0.000010
302111	0.000010
9810097	0.000010
9812249	0.000010
206083	0.000010
9013	0.000010
105065	0.000010
9309071	0.000010
2051	0.000010
101183	0.000010
9604085	0.000010
9509029	0.000010
9210103	0.000010
9404119	0.000010
9606163	0.000010
11155	0.000010
9408157	0.000010
9212143	0.000010
9805033	0.000010
210293	0.000010
207227	0.000010
9210019	0.000010
9804187	0.000010
9901019	0.000010
202009	0.000010
9409199	0.000010
301127	0.000010
9810007	0.000010
205223	0.000010
9506161	0.000010
9401071	0.000010
9504005	0.000010
9904193	0.000010
210001	0.000010
9702011	0.000010
302057	0.000010
206245	0.000010
103019	0.000010
9804137	0.000010
9811247	0.000010
102197	0.000010
9312089	0.000010
108223	0.000010
9210101	0.000010
9711149	0.000010
9605057	0.000010
9702013	0.000010
9410155	0.000010
9810217	0.000010
9406085	0.000010
9603137	0.000010
9304163	0.000009
9406157	0.000009
11165	0.000009
102115	0.000009
102139	0.000009
2129	0.000009
106037	0.000009
9905185	0.000009
209005	0.000009
9405073	0.000009
9410039	0.000009
9212099	0.000009
9805205	0.000009
9209033	0.000009
9907205	0.000009
9097	0.000009
9712175	0.000009
9507041	0.000009
105271	0.000009
9803059	0.000009
9209101	0.000009
8017	0.000009
9811043	0.000009
9903185	0.000009
9609067	0.000009
202105	0.000009
111125	0.000009
208007	0.000009
9302101	0.000009
9504079	0.000009
110165	0.000009
9607009	0.000009
9303115	0.000009
9506197	0.000009
112129	0.000009
205111	0.000009
9203015	0.000009
206233	0.000009
208093	0.000009
9405151	0.000009
9709163	0.000009
9910231	0.000009
109211	0.000009
9506095	0.000009
9304001	0.000009
5285	0.000009
209135	0.000009
9212071	0.000009
208135	0.000009
205309	0.000009
9502121	0.000009
9505019	0.000009
7219	0.000009
9801037	0.000009
9711041	0.000009
212167	0.000009
9208025	0.000009
9803129	0.000009
9704015	0.000009
9609193	0.000009
9507119	0.000009
9307181	0.000009
9403057	0.000009
9312067	0.000009
9402059	0.000009
9810061	0.000009
9309095	0.000009
106085	0.000009
9308021	0.000009
208105	0.000009
9511019	0.000009
9211063	0.000009
9905059	0.000009
7033	0.000009
211177	0.000009
9801091	0.000009
9505141	0.000009
9703033	0.000009
9209117	0.000009
105293	0.000009
9810017	0.000009
210103	0.000009
205285	0.000009
9404099	0.000009
9801007	0.000009
206135	0.000009
9702139	0.000009
9610141	0.000009
9412099	0.000009
1207	0.000009
206117	0.000009
9308047	0.000009
9603035	0.000009
4033	0.000009
10199	0.000009
110053	0.000009
301069	0.000009
9506195	0.000009
9909005	0.000009
212159	0.000008
9409163	0.000008
2045	0.000008
9205105	0.000008
9206009	0.000008
9605015	0.000008
9706189	0.000008
209171	0.000008
107129	0.000008
104063	0.000008
9911179	0.000008
9309139	0.000008
9904195	0.000008
9406133	0.000008
9802129	0.000008
105107	0.000008
9407011	0.000008
9406189	0.000008
9811223	0.000008
8069	0.000008
9512197	0.000008
9710173	0.000008
9807043	0.000008
9804191	0.000008
101021	0.000008
303061	0.000008
201137	0.000008
9909185	0.000008
9902165	0.000008
9905189	0.000008
9306109	0.000008
9702131	0.000008
9409121	0.000008
9512195	0.000008
9308041	0.000008
9904103	0.000008
3209	0.000008
9709073	0.000008
9410047	0.000008
106225	0.000008
111241	0.000008
9803161	0.000008
9511025	0.000008
9312101	0.000008
9206017	0.000008
203197	0.000008
9903169	0.000008
9601087	0.000008
9905231	0.000008
9507173	0.000008
106273	0.000008
9404095	0.000008
6221	0.000008
212143	0.000008
9511007	0.000008
9808093	0.000008
9409045	0.000008
211247	0.000008
9805147	0.000008
304109	0.000008
3013	0.000008
210119	0.000008
9502049	0.000008
9712037	0.000008
9604001	0.000008
211165	0.000008
9302065	0.000008
9704203	0.000008
9902143	0.000008
212315	0.000008
9908183	0.000008
302177	0.000008
212075	0.000008
9701071	0.000008
301103	0.000008
7103	0.000008
9907037	0.000008
9706111	0.000008
9710047	0.000008
9510193	0.000008
9409151	0.000008
9211085	0.000008
9404123	0.000008
9402049	0.000008
9610229	0.000008
9602053	0.000008
9607073	0.000008
9906245	0.000008
9307105	0.000008
10055	0.000008
111019	0.000008
9703069	0.000008
9605171	0.000008
9507083	0.000008
9305089	0.000008
9312029	0.000008
9206005	0.000008
9212129	0.000008
9901061	0.000008
104183	0.000008
9306095	0.000008
111047	0.000008
9403127	0.000008
9501001	0.000008
9608123	0.000008
107045	0.000008
9905201	0.000008
204131	0.000008
9505013	0.000007
9907039	0.000007
9807053	0.000007
9065	0.000007
9909131	0.000007
9302107	0.000007
9611009	0.000007
3091	0.000007
9212047	0.000007
9407053	0.000007
6001	0.000007
9502093	0.000007
9601025	0.000007
9805103	0.000007
9908195	0.000007
9803099	0.000007
9701083	0.000007
7025	0.000007
7229	0.000007
9704179	0.000007
9206069	0.000007
9309157	0.000007
3047	0.000007
108071	0.000007
111053	0.000007
9503123	0.000007
9410179	0.000007
9402121	0.000007
9902189	0.000007
9301031	0.000007
9301121	0.000007
9610015	0.000007
11291	0.000007
9310169	0.000007
9410069	0.000007
9705133	0.000007
9612053	0.000007
9912265	0.000007
9707045	0.000007
304199	0.000007
9706037	0.000007
9610103	0.000007
9303173	0.000007
10211	0.000007
210169	0.000007
4189	0.000007
9712129	0.000007
12019	0.000007
9908029	0.000007
9304093	0.000007
9405091	0.000007
9507127	0.000007
9601159	0.000007
9908173	0.000007
9703025	0.000007
9703055	0.000007
9801167	0.000007
9311075	0.000007
9707147	0.000007
9304109	0.000007
204011	0.000007
208121	0.000007
304229	0.000007
9510107	0.000007
103213	0.000007
205189	0.000007
9907207	0.000007
9910073	0.000007
9704201	0.000007
9406151	0.000007
9310045	0.000007
9310061	0.000007
9809155	0.000007
9910193	0.000007
9511135	0.000007
204211	0.000007
102107	0.000007
6065	0.000007
9811103	0.000007
9208021	0.000007
9404141	0.000007
9502039	0.000007
9303157	0.000007
107047	0.000007
9909083	0.000007
9305111	0.000007
9712247	0.000007
9804169	0.000007
201101	0.000007
105067	0.000007
9608101	0.000007
2203	0.000007
9505079	0.000007
9704069	0.000007
9906233	0.000007
108197	0.000007
304031	0.000007
9710071	0.000007
9307073	0.000007
103151	0.000007
9408047	0.000007
9210113	0.000007
9601031	0.000007
110045	0.000007
9209057	0.000007
9609025	0.000006
9404027	0.000006
9306001	0.000006
211037	0.000006
8207	0.000006
9309029	0.000006
9904157	0.000006
201157	0.000006
9503039	0.000006
9506051	0.000006
5141	0.000006
107041	0.000006
9409117	0.000006
9501041	0.000006
9410033	0.000006
9307069	0.000006
9703015	0.000006
103253	0.000006
9410077	0.000006
9404003	0.000006
108029	0.000006
9202025	0.000006
9210077	0.000006
3095	0.000006
301241	0.000006
2041	0.000006
9212089	0.000006
9202043	0.000006
110105	0.000006
9503153	0.000006
9303119	0.000006
9702121	0.000006
9208073	0.000006
9411011	0.000006
202099	0.000006
9503065	0.000006
9312065	0.000006
9303019	0.000006
9304111	0.000006
9310001	0.000006
105133	0.000006
303019	0.000006
9611131	0.000006
9404015	0.000006
9209077	0.000006
9606179	0.000006
9701131	0.000006
9812179	0.000006
9311063	0.000006
207203	0.000006
304075	0.000006
9808009	0.000006
9512191	0.000006
9403105	0.000006
205027	0.000006
204133	0.000006
9503003	0.000006
6097	0.000006
9909181	0.000006
9411071	0.000006
203225	0.000006
9512213	0.000006
9707221	0.000006
9610147	0.000006
9702091	0.000006
9910085	0.000006
9911159	0.000006
9309061	0.000006
9308095	0.000006
11237	0.000006
9312011	0.000006
9510043	0.000006
201001	0.000006
9407135	0.000006
9411109	0.000006
9710195	0.000006
1141	0.000006
9906227	0.000006
9811039	0.000006
9212147	0.000006
9311011	0.000006
212309	0.000006
302089	0.000006
9507149	0.000006
9709117	0.000006
9202087	0.000006
9406159	0.000006
9801055	0.000006
9611089	0.000006
4105	0.000006
111037	0.000006
9310027	0.000006
9312109	0.000006
9306031	0.000006
9301123	0.000006
9306085	0.000006
9308039	0.000006
9310007	0.000006
9612209	0.000006
209107	0.000006
9305147	0.000006
12161	0.000006
9709007	0.000006
9812075	0.000006
9311107	0.000006
5131	0.000006
9810253	0.000006
208169	0.000006
1087	0.000006
9205013	0.000006
12191	0.000006
8059	0.000006
9409097	0.000006
105167	0.000006
9909113	0.000006
106163	0.000006
9601165	0.000006
9201077	0.000006
9305113	0.000006
111083	0.000006
9603065	0.000006
9311029	0.000006
1115	0.000006
201043	0.000006
9507133	0.000006
203221	0.000006
9204049	0.000006
9908191	0.000006
5033	0.000006
212197	0.000006
9204077	0.000005
9307141	0.000005
9907097	0.000005
9710093	0.000005
9805127	0.000005
303137	0.000005
12209	0.000005
9211081	0.000005
11195	0.000005
9504103	0.000005
9507089	0.000005
7237	0.000005
9306005	0.000005
9806035	0.000005
9712045	0.000005
9204007	0.000005
9806165	0.000005
9305017	0.000005
201167	0.000005
5215	0.000005
7093	0.000005
3239	0.000005
9211013	0.000005
9210143	0.000005
8161	0.000005
9401165	0.000005
9906115	0.000005
9911029	0.000005
9908005	0.000005
211265	0.000005
5039	0.000005
8153	0.000005
210161	0.000005
9604187	0.000005
9811085	0.000005
9403063	0.000005
210113	0.000005
9403001	0.000005
9411035	0.000005
9601147	0.000005
9405017	0.000005
9208079	0.000005
9209009	0.000005
9303095	0.000005
9305135	0.000005
12055	0.000005
9708107	0.000005
209249	0.000005
9906067	0.000005
9309043	0.000005
9305123	0.000005
9302011	0.000005
9402109	0.000005
211159	0.000005
9810139	0.000005
9005	0.000005
9412109	0.000005
104245	0.000005
9511109	0.000005
111175	0.000005
9406141	0.000005
9205025	0.000005
9205033	0.000005
9303167	0.000005
9204061	0.000005
108067	0.000005
9210151	0.000005
9411043	0.000005
9407197	0.000005
9909175	0.000005
9507019	0.000005
9803195	0.000005
9605143	0.000005
9711187	0.000005
9305153	0.000005
9409141	0.000005
9907181	0.000005
9608161	0.000005
11065	0.000005
9812191	0.000005
9501089	0.000005
106279	0.000005
9702143	0.000005
9909155	0.000005
9412123	0.000005
9910007	0.000005
9601015	0.000005
9405025	0.000005
9705083	0.000005
8195	0.000005
9310145	0.000005
9607241	0.000005
9907043	0.000005
9906043	0.000005
9707107	0.000005
110083	0.000005
9509033	0.000005
9303031	0.000004
302209	0.000004
201053	0.000004
9610109	0.000004
9905017	0.000004
9912199	0.000004
9910253	0.000004
9604201	0.000004
9901081	0.000004
9305167	0.000004
6205	0.000004
9410057	0.000004
9207083	0.000004
203195	0.000004
301045	0.000004
9906241	0.000004
9805079	0.000004
301109	0.000004
9511003	0.000004
9304139	0.000004
9503075	0.000004
9412163	0.000004
9512003	0.000004
9501013	0.000004
9507085	0.000004
9511211	0.000004
9608149	0.000004
2179	0.000004
9512071	0.000004
9603179	0.000004
9502055	0.000004
9304105	0.000004
9305065	0.000004
9311077	0.000004
303169	0.000004
206159	0.000004
9610235	0.000004
204077	0.000004
9506029	0.000004
9204067	0.000004
3125	0.000004
9308107	0.000004
9705001	0.000004
9212137	0.000004
9602131	0.000004
9602143	0.000004
9912097	0.000004
209093	0.000004
9303163	0.000004
9303061	0.000004
9512167	0.000004
9810047	0.000004
2059	0.000004
3181	0.000004
9411193	0.000004
12245	0.000004
9902041	0.000004
9803009	0.000004
108155	0.000004
9412019	0.000004
9810209	0.000004
203087	0.000004
103225	0.000004
9608075	0.000004
9812015	0.000004
9505057	0.000004
111167	0.000004
211279	0.000004
9608143	0.000004
9210005	0.000004
9610123	0.000004
107231	0.000004
9411155	0.000004
9603103	0.000004
9801103	0.000004
9603019	0.000004
8021	0.000003
9303065	0.000003
9706015	0.000003
202001	0.000003
9053	0.000003
9311123	0.000003
10235	0.000003
9601045	0.000003
9502085	0.000003
212149	0.000003
103091	0.000003
206039	0.000003
106123	0.000003
107237	0.000003
202015	0.000003
9607213	0.000003
106277	0.000003
9806101	0.000003
9206023	0.000003
9905045	0.000003
9903013	0.000003
9903175	0.000003
9803159	0.000003
9609187	0.000003
102047	0.000003
9610165	0.000003
9912289	0.000003
9309101	0.000003
109171	0.000003
9809201	0.000003
9508057	0.000003
9301105	0.000003
9507065	0.000003
211175	0.000003
9410029	0.000003
9611231	0.000003
9912071	0.000003
9806207	0.000003
9802115	0.000003
6241	0.000003
9410243	0.000003
209063	0.000003
9711119	0.000003
9308149	0.000003
105131	0.000003
9410231	0.000003
302029	0.000003
5243	0.000003
5191	0.000003
9707053	0.000003
9211079	0.000003
208001	0.000003
105157	0.000003
206099	0.000003
304243	0.000003
9610231	0.000003
9810043	0.000003
9712027	0.000003
9912115	0.000003
9508001	0.000003
9704155	0.000003
9704149	0.000003
9905021	0.000003
9905065	0.000003
9503221	0.000003
9802021	0.000003
9901067	0.000003
9306047	0.000003
211015	0.000003
9907187	0.000003
105025	0.000003
9710113	0.000003
105295	0.000003
111043	0.000003
9610135	0.000003
9806053	0.000002
9206059	0.000002
9508081	0.000002
9801001	0.000002
9301049	0.000002
9505063	0.000002
9908015	0.000002
9709201	0.000002
9812029	0.000002
9204103	0.000002
101015	0.000002
201269	0.000002
302035	0.000002
110011	0.000002
205127	0.000002
9701111	0.000002
9403115	0.000002
9502027	0.000002
9407153	0.000002
9409049	0.000002
9307003	0.000002
9310171	0.000002
9310189	0.000002
9705161	0.000002
101059	0.000002
9811063	0.000002
9502097	0.000002
9810127	0.000002
9904099	0.000002
7003	0.000002
101047	0.000002
8131	0.000002
104051	0.000002
211205	0.000002
102127	0.000002
10019	0.000002
212287	0.000002
9611059	0.000002
9712031	0.000002
210245	0.000002
206219	0.000002
203015	0.000001
9407093	0.000001
10009	0.000001
207121	0.000001
9907193	0.000001
211109	0.000001
9309073	0.000001
9610013	0.000001
9205067	0.000001
9305057	0.000001
9603185	0.000000
12235	0.000000
211187	0.000000
9411175	0.000000
9510085	0.000000
9308029	0.000000
3167	0.000000
3149	0.000000
3283	0.000000
9911219	0.000000
9606053	0.000000
9312173	0.000000
6031	0.000000
9712229	0.000000
9908087	0.000000
9711167	0.000000
103027	0.000000
9910141	0.000000
9704039	0.000000
9701063	0.000000
9801031	0.000000
9612137	0.000000
106057	0.000000
9808121	0.000000
107003	0.000000
9911009	0.000000
9703105	0.000000
9702125	0.000000
9503051	0.000000
9307061	0.000000
201085	0.000000
104053	0.000000
201119	0.000000
9610027	0.000000
202013	0.000000
201217	0.000000
204019	0.000000
12257	0.000000
207013	0.000000
9602093	0.000000
207035	0.000000
203011	0.000000
207253	0.000000
205145	0.000000
208211	0.000000
9605137	0.000000
209177	0.000000
9811181	0.000000
210023	0.000000
9811099	0.000000
210149	0.000000
12127	0.000000
211151	0.000000
9905051	0.000000
211231	0.000000
102205	0.000000
301111	0.000000
11015	0.000000
302201	0.000000
9803075	0.000000
304265	0.000000
9305051	0.000000
9301091	0.000000
9305101	0.000000
9308017	0.000000
9304075	0.000000
9311039	0.000000
9403037	0.000000
9202009	0.000000
9404167	0.000000
9207047	0.000000
9407165	0.000000
9407171	0.000000
9411197	0.000000
9302093	0.000000
9412087	0.000000
9207113	0.000000
9506165	0.000000
9302105	0.000000
9508169	0.000000
9308035	0.000000
9512093	0.000000
9208061	0.000000
9601103	0.000000
9508051	0.000000
9603079	0.000000
9204025	0.000000
9607075	0.000000
9411239	0.000000
9608051	0.000000
9610115	0.000000
9610127	0.000000
9412049	0.000000
9611141	0.000000
9611021	0.000000
9702001	0.000000
9508115	0.000000
9702071	0.000000
9410131	0.000000
9702137	0.000000
9303151	0.000000
9703169	0.000000
9412001	0.000000
9706135	0.000000
9402071	0.000000
9708043	0.000000
9310195	0.000000
9708161	0.000000
9704033	0.000000
9710083	0.000000
9703093	0.000000
9710143	0.000000
9712217	0.000000
9709051	0.000000
9802031	0.000000
9612193	0.000000
9804077	0.000000
9505001	0.000000
9910051	0.000000
9910009	0.000000
9910061	0.000000
9904177	0.000000
111283	0.000000
209165	0.000000
9610219	0.000000
9312137	0.000000
9311099	0.000000
9404069	0.000000
